,v,R,T,kv_C,kv_Cr,kv_Mo,kv_V,clstar_C,clstar_Cr,clstar_Mo,clstar_V
0,5e-05,1.0745967696849374e-06,1687.5878944933852,0.28304779681354575,0.8800079994667023,0.6400239984001067,0.4300379974668355,0.04073430174103651,0.0070211829607925895,0.03027401074127304,0.015218087135517984
1,0.00055,3.131012324099702e-07,1688.3639716567507,0.28352541469588965,0.8800879355139566,0.6402638065418694,0.43041769369129307,0.04183895971244866,0.00705187499078215,0.030676998246570605,0.015543106317908615
2,0.0010500000000000002,2.251969340395597e-07,1684.9847239602277,0.2840023966446974,0.8801677651288196,0.6405032953864589,0.43079688436189334,0.042342145896160956,0.007065409451239011,0.030856994527868043,0.015689951197917135
3,0.0015500000000000002,1.8461707522083028e-07,1682.3893117426962,0.2844787439292129,0.8802474885237177,0.640742465571153,0.4311755704876588,0.04270373283807121,0.007074969497262657,0.030984991921713768,0.015795011831415847
4,0.00205,1.6005521344345186e-07,1680.2554661308504,0.2849544578153048,0.8803271059105113,0.6409813177315339,0.43155375307492855,0.04299395969261563,0.0070825448394778836,0.031086925095437753,0.015879061018243924
5,0.00255,1.4316434541421283e-07,1678.4249450968223,0.28542953956547734,0.8804066175004982,0.6412198525014948,0.4319314331273669,0.04323977527946853,0.007088893913578801,0.031172706450546928,0.015950056386601474
6,0.00305,1.3064100021669793e-07,1676.8107687345048,0.28590399043888187,0.8804860235044154,0.6414580705132461,0.432308611645973,0.043454772888068795,0.00709439730930399,0.03124732075479168,0.01601200693298946
7,0.00355,1.2088152585599967e-07,1675.3598412496576,0.2863778116913277,0.8805653241324399,0.6416959723973195,0.432685289629089,0.04364689287256586,0.007099276360294436,0.0313136722317243,0.016067252003586018
8,0.00405,1.1300119020826629e-07,1674.0371894946704,0.2868510045752934,0.8806445195941913,0.6419335587825741,0.433061468072409,0.043821227447777826,0.007103672451655517,0.03137361908063676,0.0161172904395732
9,0.00455,1.0646673439646197e-07,1672.8184432271742,0.28732357033993766,0.8807236100987343,0.642170830296203,0.43343714796898813,0.04398126206998972,0.0071076820113419766,0.03142843050875247,0.016163147278916934
10,0.005050000000000001,1.0093511924617822e-07,1671.6858728930883,0.2877955102311105,0.8808025958545793,0.6424077875637376,0.43381233030925104,0.044129500211874596,0.007111374071949386,0.031479016375409,0.016205558192068356
11,0.005550000000000001,9.617434698792433e-08,1670.6261344658158,0.2882668254913639,0.8808814770696842,0.6426444312090529,0.4341870160810006,0.04426780813226991,0.007114799937238033,0.03152605372797274,0.016245071197986623
12,0.0060500000000000016,9.202115982553138e-08,1669.628905269994,0.28873751735996295,0.8809602539514583,0.6428807618543747,0.4345612062694266,0.044397618842911414,0.007117998887444782,0.03157006155772767,0.01628210680615873
13,0.006550000000000002,8.835689893934919e-08,1668.686017212886,0.2892075870728967,0.8810389267067611,0.643116780120283,0.43493490185711453,0.044520059551826315,0.007121001736275835,0.031611447449047,0.01631699557527694
14,0.0070500000000000024,8.509297598596378e-08,1667.7908833504296,0.28967703586288884,0.881117495541906,0.6433524866257182,0.4353081038240539,0.04463603488381366,0.007123833148820566,0.03165053800435803,0.016350002627042948
15,0.007550000000000003,8.216173865279083e-08,1666.9381054780076,0.2901458649594086,0.8811959606626625,0.6435878819879876,0.435680813147647,0.04474628323787185,0.007126513208184936,0.03168759942446936,0.016381344239381642
16,0.008050000000000003,7.95105130345773e-08,1666.1231977787006,0.29061407558868146,0.8812743222742564,0.6438229668227691,0.4360530308027175,0.044851416139186966,0.007129058507363337,0.03172285186320679,0.016411199427658382
17,0.008550000000000004,7.709759470092599e-08,1665.3423873534057,0.2910816689736998,0.8813525805813722,0.644057741744117,0.4364247577615187,0.04495194644217989,0.007131482930374912,0.03175647970444442,0.016439718241286747
18,0.009050000000000004,7.488947744102899e-08,1664.592467130182,0.29154864633423355,0.8814307357881562,0.6442922073644688,0.43679599499374216,0.045048309003188174,0.007133798223854757,0.03178863908757092,0.01646702784264178
19,0.009550000000000005,7.285889212268115e-08,1663.8706853406973,0.2920150088868409,0.8815087880982162,0.6445263642946483,0.43716674346652623,0.04514087613431153,0.0071360144236428955,0.03181946352771179,0.01649323704957606
20,0.010050000000000005,7.098338992191318e-08,1663.1746610849282,0.2924807578448786,0.8815867377146239,0.644760213143872,0.43753700414446417,0.04522996935716926,0.0071381401787205655,0.03184906818632898,0.016518439789030635
21,0.010550000000000006,6.92442999169875e-08,1662.5023188727748,0.2929458944185129,0.8816645848399185,0.6449937545197555,0.43790677798961275,0.0453158684796608,0.007140183000986945,0.03187755316621875,0.016542717763103395
22,0.011050000000000006,6.762594952779936e-08,1661.851837194207,0.29341041981472965,0.8817423296761054,0.6452269890283162,0.4382760659615006,0.045398818703161696,0.007142149460544471,0.03190500608926399,0.01656614253586842
23,0.011550000000000006,6.61150728972547e-08,1661.2216076331206,0.29387433523734485,0.8818199724246601,0.6454599172739807,0.43864486901713606,0.0454790362555209,0.007144045340255991,0.03193150413778654,0.016588777186781062
24,0.012050000000000007,6.470035592940285e-08,1660.6102020067767,0.2943376418870153,0.8818975132865298,0.6456925398595893,0.43901318811101636,0.0455567129061068,0.007145875759453595,0.031957115689412376,0.016610677635499095
25,0.012550000000000007,6.337208217615609e-08,1660.0163456991586,0.2948003409612484,0.8819749524621338,0.645924857386401,0.43938102419513475,0.045632019620857216,0.007147645273949549,0.03198190163949545,0.01663189371402027
26,0.013050000000000008,6.21218541960912e-08,1659.4388958188076,0.2952624336544132,0.8820522901513661,0.6461568704540986,0.43974837821898954,0.045705109549516655,0.007149357957663472,0.03200591648106025,0.016652470042647808
27,0.013550000000000008,6.094237205931407e-08,1658.8768231727354,0.29572392115775,0.8821295265535983,0.646388579660795,0.44011525112959204,0.04577612048594338,0.007151017469768979,0.03202920919361595,0.01667244675123506
28,0.014050000000000009,5.982725569624717e-08,1658.329197254007,0.2961848046593809,0.8822066618676789,0.6466199856030366,0.44048164387147437,0.045845176913516,0.007152627110437789,0.0320518239814623,0.016691860078595973
29,0.014550000000000009,5.877090111987125e-08,1657.795173685021,0.29664508534432016,0.8822836962919364,0.6468510888758092,0.44084755738669806,0.04591239171285643,0.0071541898673353225,0.032073800889760445,0.016710742872846525
30,0.01505000000000001,5.776836322609261e-08,1657.2739836075175,0.297104764394484,0.8823606300241814,0.6470818900725442,0.4412129926148618,0.045977867602814644,0.007155708454794501,0.03209517632390569,0.016729125013438113
31,0.01555000000000001,5.68152594871318e-08,1656.7649246970284,0.2975638429887009,0.8824374632617074,0.647312389785122,0.44157795049310955,0.04604169835891105,0.00715718534690942,0.032115983488460634,0.016747033767940258
32,0.01605000000000001,5.5907690313914705e-08,1656.2673534907847,0.29802232230272174,0.8825141962012922,0.6475425886038769,0.44194243195613864,0.046103969852370225,0.00715862280572017,0.032136252761175044,0.016764494096195588
33,0.01655000000000001,5.504217277387741e-08,1655.780678806913,0.29848020350922966,0.8825908290392016,0.6477724871176048,0.44230643793620766,0.04616476094027914,0.007160022905331299,0.032156012013196976,0.01678152891082301
34,0.01705000000000001,5.421558509627454e-08,1655.3043560717294,0.2989374877778502,0.8826673619711884,0.648002085913565,0.4426699693631445,0.04622414423204546,0.0071613875526549626,0.03217528688460041,0.01679815930145923
35,0.01755000000000001,5.342511992847387e-08,1654.837882419331,0.2993941762751612,0.8827437951924955,0.6482313855774867,0.4430330271643541,0.04628218675065286,0.0071627185052941305,0.032194101022,0.01681440472819204
36,0.01805000000000001,5.2668244813461455e-08,1654.380792408891,0.2998502701647028,0.8828201288978582,0.6484603866935746,0.4433956122648265,0.046338950510263155,0.0071640173871339525,0.03221247628586613,0.01683028319044094
37,0.01855000000000001,5.19426685365217e-08,1653.9326543065406,0.30030577060698715,0.8828963632815042,0.6486890898445125,0.44375772558714466,0.0463944930169207,0.007165285701855793,0.03223043293023629,0.016845811373356428
38,0.01905000000000001,5.12463123884723e-08,1653.4930668161119,0.30076067875950846,0.8829724985371561,0.6489174956114686,0.4441193680514921,0.04644886770855459,0.007166524844794561,0.03224798976049169,0.016861004776420753
39,0.019550000000000012,5.0577285508793936e-08,1653.0616561997533,0.30121499577675265,0.8830485348580339,0.6491456045741018,0.4444805405756611,0.04650212434223218,0.007167736113361775,0.03226516427211737,0.01687587782659753
40,0.020050000000000012,4.9933863613203806e-08,1652.6380737506076,0.3016687228102071,0.8831244724368549,0.6493734173105643,0.4448412440750601,0.04655430933359414,0.0071689207161812025,0.03228197277233212,0.016890443977513298
41,0.020550000000000013,4.9314470619861416e-08,1652.2219935364678,0.30212186100837063,0.883200311465836,0.6496009343975082,0.44520147946272143,0.04660546605992005,0.007170079781226555,0.03229843048852807,0.016904715797957052
42,0.021050000000000013,4.871766268150326e-08,1651.8131104026363,0.30257441151676284,0.8832760521366967,0.6498281564100902,0.4455612476493094,0.04665563512808746,0.007171214363013792,0.03231455166413065,0.016918705050123356
43,0.021550000000000014,4.8142114258149595e-08,1651.411138200483,0.30302637547793404,0.8833516946406585,0.6500550839219753,0.4459205495431275,0.046704854611972754,0.00717232544897212,0.03233034964352211,0.016932422758932468
44,0.022050000000000014,4.7586605947981564e-08,1651.0158081996285,0.30347775403147464,0.8834272391684476,0.6502817175053428,0.4462793860501263,0.04675316026517685,0.0071734139651443915,0.032345836948069896,0.016945879274122094
45,0.022550000000000014,4.7050013831815685e-08,1650.626867652759,0.303928548314025,0.8835026859102971,0.6505080577308913,0.4466377580739111,0.04680058571337125,0.007174480781328515,0.032361025344764004,0.016959084326353017
46,0.023050000000000015,4.6531300068075076e-08,1650.244078526292,0.30437875945928466,0.8835780350559473,0.6507341051678418,0.44699566651574935,0.046847162624030866,0.007175526715622355,0.03237592590685674,0.016972047076745666
47,0.023550000000000015,4.602950460789497e-08,1649.8672163483093,0.3048283885980221,0.8836532867946479,0.650959860383944,0.44735311227457825,0.0468929208605354,0.0071765525385406245,0.032390549068839314,0.01698477616182716
48,0.024050000000000016,4.5543737865994415e-08,1649.4960691674842,0.3052774368580841,0.8837284413151605,0.6511853239454816,0.44771009624701247,0.046937888621371125,0.007177558976729444,0.03240490467606844,0.01699727973412093
49,0.024550000000000016,4.507317421705941e-08,1649.1304366121035,0.30572590536440514,0.8838034988057583,0.6514104964172747,0.44806661932735137,0.046982092565875634,0.0071785467163191586,0.03241900202957488,0.017009565498805734
50,0.025050000000000017,4.4617046194795743e-08,1648.770129048963,0.30617379523901683,0.8838784594542287,0.6516353783626863,0.4484226824075866,0.04702555792640092,0.007179516405919958,0.03243284992607717,0.01702164074643216
51,0.025550000000000017,4.4174639360489855e-08,1648.414966789561,0.3066211076010573,0.8839533234478757,0.6518599703436271,0.4487782863774096,0.04706830861458368,0.0071804686594382485,0.03244645669570538,0.017033512383852686
52,0.026050000000000018,4.374528765677565e-08,1648.064779411881,0.30706784356678046,0.8840280909735199,0.6520842729205594,0.4491334321242188,0.047110367311436106,0.007181404058489593,0.0324598302342033,0.017045186960523907
53,0.026550000000000018,4.3328369308593066e-08,1647.719405095462,0.3075140042495654,0.8841027622175004,0.6523082866525014,0.4494881205331273,0.047151755556383346,0.007182323154750387,0.03247297803446861,0.017056670694397834
54,0.02705000000000002,4.292330309591379e-08,1647.378690049686,0.30795959075992535,0.8841773373656779,0.6525320120970337,0.44984235248696997,0.04719249382324937,0.0071832264719849685,0.032485907213646276,0.017067969494082704
55,0.02755000000000002,4.2529545019806034e-08,1647.0424879766747,0.30840460420551735,0.884251816603434,0.6527554498103016,0.4501961288663109,0.047232601591839576,0.007184114507944579,0.03249862453856039,0.017079088979686605
56,0.02805000000000002,4.214658530622519e-08,1646.7106595719058,0.30884904569115096,0.8843262001156738,0.6529786003470214,0.45054945054945056,0.04727209741458311,0.007184987736129092,0.032511136449338125,0.01709003450220381
57,0.02855000000000002,4.1773945681733554e-08,1646.3830720803119,0.30929291631879774,0.8844004880868281,0.6532014642604843,0.4509023184124334,0.047310998975521656,0.007185846607354358,0.03252344908039092,0.01710081116070063
58,0.02905000000000002,4.141117691498517e-08,1646.0595988834405,0.3097362171876003,0.8844746807008537,0.6534240421025609,0.45125473332905464,0.04734932314522612,0.0071866915512071765,0.03253556827991182,0.017111423818302315
59,0.02955000000000002,4.1057856600987204e-08,1645.740119108945,0.3101789493938811,0.8845487781412352,0.6536463344237059,0.4516066961708678,0.047387086032893724,0.007187522977417571,0.03254749962830292,0.017121877117334233
60,0.03005000000000002,4.0713587131834035e-08,1645.4245172847789,0.31062111403115183,0.8846227805909878,0.6538683417729633,0.45195820780719187,0.0474243030322389,0.007188341277075692,0.032559248454479064,0.017132175492685756
61,0.03055000000000002,4.037799385763609e-08,1645.112683014762,0.3110627121901223,0.8846966882326566,0.6540900646979695,0.4523092691051182,0.04746098886461844,0.007189146823771151,0.0325708198511529,0.017142323184355737
62,0.031050000000000022,4.005072341243656e-08,1644.804510677648,0.3115037449587094,0.8847705012483195,0.6543115037449586,0.452659880929518,0.047497157619034704,0.007189939974648419,0.03258221868900126,0.0171523242490856
63,0.03155000000000002,3.973144219058985e-08,1644.4998991452742,0.3119442134220459,0.8848442198195893,0.6545326594587678,0.4530100441430491,0.04753282278964526,0.007190721071393515,0.03259344962992352,0.017162182571258337
64,0.03205000000000002,3.941983494888406e-08,1644.19875152618,0.3123841186624896,0.8849178441276134,0.6547535323828401,0.4533597596061633,0.04756799730979238,0.007191490441131611,0.03260451713909202,0.01717190187279462
65,0.03255000000000002,3.9115603520049305e-08,1643.900974934368,0.31282346175963194,0.8849913743530764,0.6549741230592294,0.4537090281771133,0.04760269358257227,0.007192248397237338,0.03261542549581252,0.01718148572205577
66,0.033050000000000024,3.881846565822707e-08,1643.6064802528574,0.31326224379030715,0.885064810676202,0.6551944320286062,0.45405785071195964,0.04763692351245925,0.007192995240157494,0.03262617880462345,0.01719093754300423
67,0.033550000000000024,3.852815395484497e-08,1643.3151819356704,0.3137004658286006,0.8851381532767534,0.6554144598302598,0.4544062280645779,0.04767069853143525,0.007193731258103853,0.03263678100458151,0.017200260622814715
68,0.034050000000000025,3.8244414853282755e-08,1643.0269978139368,0.314138128945858,0.8852114023340347,0.6556342070021044,0.4547541610866654,0.04770402962473485,0.007194456727728732,0.03264723587834939,0.01720945811935103
69,0.034550000000000025,3.7967007736828704e-08,1642.741848920284,0.314575234210694,0.8852845580268944,0.6558536740806832,0.4551016506277484,0.04773692735406908,0.00719517191473741,0.032657547060420115,0.017218533067920594
70,0.035050000000000026,3.769570410435537e-08,1642.459659310243,0.3150117826890007,0.885357620533724,0.656072861601172,0.45544869753518885,0.0477694018814959,0.007195877074506985,0.0326677180454777,0.017227488388183002
71,0.035550000000000026,3.743028679042005e-08,1642.1803559136758,0.31544777544395647,0.8854305900324613,0.6562917700973839,0.4557953026541913,0.047801462988978714,0.007196572452604438,0.03267775219534442,0.01723632688984644
72,0.036050000000000026,3.717054924568762e-08,1641.9038683957428,0.3158832135360346,0.8855034667005915,0.6565104001017747,0.4561414668278099,0.047833120096683675,0.007197258285271048,0.03268765274547836,0.01724505127799627
73,0.03655000000000003,3.6916294903472154e-08,1641.6301289962391,0.3163180980230119,0.8855762507151486,0.6567287521454455,0.4564871908969551,0.047864382284679104,0.007197934799974516,0.03269742281248247,0.0172536641593419
74,0.03705000000000003,3.6667336539872914e-08,1641.3590724307992,0.3167524299599771,0.8856489422527157,0.6569468267581474,0.45683247570040025,0.04789525830550651,0.007198602215757796,0.03270706539871027,0.01726216804593018
75,0.03755000000000003,3.6423495735538844e-08,1641.0906357454348,0.3171862103993397,0.8857215414894293,0.6571646244682877,0.4571773220747889,0.04792575660388368,0.007199260743737324,0.03271658339905721,0.01727056536080783
76,0.03805000000000003,3.618460233670551e-08,1640.8247582188462,0.31761944039083817,0.8857940486009772,0.6573821458029314,0.4575217308546412,0.04795588532937099,0.0071999105874442455,0.03272597960551139,0.017278858441729914
77,0.03855000000000003,3.5950493975037006e-08,1640.5613812509291,0.3180521209815484,0.8858664637626021,0.6575993912878066,0.45786570287236067,0.047985652351224595,0.007200551943208619,0.03273525671234972,0.01728704954545689
78,0.03905000000000003,3.572101561468327e-08,1640.30044826465,0.3184842532158925,0.8859387871491033,0.65781636144731,0.45820923895824095,0.048015065271353824,0.00720118500049863,0.032744417320706626,0.017295140851516476
79,0.03955000000000003,3.549601913524721e-08,1640.0419046094053,0.3189158381356469,0.8860110189348364,0.658033056804509,0.45855233994047245,0.04804413143715755,0.00720180994225341,0.032753463943071895,0.01730313446591997
80,0.04005000000000003,3.527536294105583e-08,1639.7856974724912,0.3193468767799506,0.8860831592937155,0.6582494778811467,0.45889500664514904,0.04807285795323917,0.007202426945188172,0.032762399007408065,0.017311032424558663
81,0.04055000000000003,3.505891159019278e-08,1639.5317758028818,0.31977737018531405,0.8861552083992158,0.6584656251976473,0.45923723989627474,0.04810125169136004,0.007203036180058269,0.03277122486069124,0.01731883669610532
82,0.04105000000000003,3.4846535464881865e-08,1639.280090222311,0.3202073193856267,0.8862271664243728,0.6586814992731181,0.4595790405157702,0.04812931930238523,0.007203637811962983,0.03277994377304492,0.017326549185453594
83,0.04155000000000003,3.4638110448568814e-08,1639.0305929571923,0.320636725412166,0.886299033541785,0.6588971006253552,0.4599204093234793,0.048157067225174655,0.007204232000580874,0.03278855794089849,0.017334171736308312
84,0.04205000000000003,3.4433517626653765e-08,1638.7832377719649,0.3210655892936052,0.8863708099236159,0.6591124297708478,0.4602613471371757,0.048184501695333073,0.007204818900399536,0.03279706949007951,0.017341706133728763
85,0.04255000000000003,3.42326430195937e-08,1638.5379798921763,0.32149391205602174,0.8864424957415937,0.6593274872247809,0.4606018547725696,0.04821162875557068,0.007205398660977323,0.0328054804793837,0.01734915410710613
86,0.04305000000000003,3.403537731232958e-08,1638.2947759541273,0.3219216947229052,0.8865140911670133,0.6595422735010402,0.46094193304331377,0.0482384542621345,0.007205971427118675,0.03281379290290518,0.017356517332054244
87,0.04355000000000003,3.384161562168768e-08,1638.0535839347085,0.32234893831516603,0.8865855963707391,0.6597567891122172,0.46128158276101067,0.048264983894277934,0.007206537339112258,0.03282200869329011,0.017363797433127562
88,0.044050000000000034,3.365125726106385e-08,1637.814363103819,0.3227756438511429,0.886657011523204,0.6599710345696116,0.4616208047352182,0.048291223160389946,0.007207096532895701,0.03283012972393685,0.017370995985615496
89,0.044550000000000034,3.3464205531438414e-08,1637.5770739664333,0.3232018123466113,0.8867283367944119,0.6601850103832357,0.4619595997734567,0.04831717740573455,0.0072076491402528345,0.0328381578116784,0.017378114517772547
90,0.045050000000000034,3.328036751826703e-08,1637.3416782153483,0.32362744481479155,0.88679957235394,0.6603987170618201,0.46229796868121503,0.04834285181863224,0.007208195288975903,0.032846094718966774,0.01738515451261513
91,0.045550000000000035,3.309965390827864e-08,1637.1081386778274,0.3240525422663566,0.8868707183709384,0.6606121551128151,0.46263591226195716,0.04836825143760791,0.007208735103046696,0.03285394215634129,0.017392117409977904
92,0.046050000000000035,3.2921978806229406e-08,1636.8764192774258,0.3244771057094404,0.8869417750141322,0.6608253250423968,0.4629734313171283,0.048393381156295864,0.007209268702768365,0.03286170178418962,0.01739900460794997
93,0.046550000000000036,3.2747259570479015e-08,1636.6464849887996,0.32490113614964533,0.8870127424518235,0.6610382273554705,0.46331052664616157,0.04841824572944333,0.007209796204919182,0.03286937521483568,0.017405817464607544
94,0.047050000000000036,3.257541666422666e-08,1636.418301787681,0.32532463459005084,0.8870836208518914,0.6612508625556741,0.46364719904648394,0.048442849779681385,0.007210317722921118,0.03287696401485138,0.017412557299952076
95,0.04755000000000004,3.2406373493582466e-08,1636.1918366286225,0.3257476020312206,0.8871544103817942,0.6614632311453826,0.46398344931352264,0.048467197800149325,0.007210833366919162,0.0328844697060774,0.017419225396708062
96,0.04805000000000004,3.2240056281890944e-08,1635.9670573925116,0.3261700394712111,0.887225111208571,0.6616753336257127,0.46431927824071173,0.0484912941617077,0.00721134324395674,0.032891893768048866,0.017425823002373914
97,0.04855000000000004,3.207639392550378e-08,1635.7439328667306,0.3265919479055789,0.8872957234988418,0.661887170496525,0.4646546866194979,0.04851514311526535,0.0072118474580464475,0.03289923763890416,0.017432351329930842
98,0.04905000000000004,3.1915317889358294e-08,1635.5224326887446,0.3270133283273888,0.8873662474188098,0.6620987422564295,0.46498967523934676,0.04853874879965009,0.007212346110356982,0.03290650271799192,0.017438811560065857
99,0.04955000000000004,3.175676206732244e-08,1635.3025273412236,0.32743418172722155,0.887436683134263,0.6623100494027891,0.46532424488774937,0.048562115241738736,0.007212839299235362,0.03291369036608503,0.01744520484127243
100,0.05005000000000004,3.1600662690828694e-08,1635.084188098892,0.3278545090931817,0.8875070308105745,0.6625210924317231,0.46565839635022815,0.04858524636389443,0.007213327120382636,0.03292080190783581,0.017451532291948083
101,0.05055000000000004,3.144695821122555e-08,1634.867387015426,0.328274311410905,0.8875772906127036,0.6627318718381112,0.4659921304103429,0.048608145985389525,0.007213809666901622,0.032927838632372045,0.017457795000842963
102,0.05105000000000004,3.1295589211061224e-08,1634.652096883629,0.3286935896635666,0.8876474627051995,0.6629423881155984,0.4663254478496973,0.04863081782788531,0.0072142870294293945,0.032934801795133105,0.017463994028615502
103,0.05155000000000004,3.11464983049459e-08,1634.4382912158737,0.3291123448318882,0.887717547252199,0.6631526417565967,0.46665834944794465,0.048653265517876555,0.007214759296204938,0.03294169261876558,0.017470130408555103
104,0.05205000000000004,3.0999630050489974e-08,1634.225944219629,0.32953057789414625,0.8877875444174302,0.663362633252291,0.4669908359827941,0.048675492589900754,0.007215226553152186,0.03294851229424746,0.017476205147511498
105,0.05255000000000004,3.085493086670683e-08,1634.015030770592,0.3299482898261791,0.887857454364214,0.6635723630926422,0.46732290823001676,0.04869750249012891,0.007215688883970344,0.03295526198212271,0.017482219226926037
106,0.05305000000000004,3.071234895959594e-08,1633.805526383217,0.3303654816013947,0.8879272772554636,0.6637818317663907,0.46765456696345187,0.0487192985803714,0.007216146370232171,0.03296194281385658,0.017488173603973745
107,0.05355000000000004,3.05718342347274e-08,1633.5974072037984,0.33078215419077844,0.8879970132536866,0.6639910397610602,0.4679858129550121,0.04874088413869554,0.007216599091410479,0.03296855589214617,0.01749406921177767
108,0.05405000000000004,3.043333823685006e-08,1633.3906499753737,0.33119830856290033,0.8880666625209875,0.6641999875629625,0.4683166469746906,0.04876226236431773,0.00721704712499376,0.03297510229253614,0.01749990696078886
109,0.05455000000000004,3.029681407616944e-08,1633.1852320248745,0.3316139456839227,0.8881362252190667,0.6644086756571997,0.4686470697905662,0.04878343637915245,0.0072174905465310375,0.03298158306400418,0.017505687739251197
110,0.05505000000000004,3.016221636569446e-08,1632.9811312414677,0.3320290665176076,0.888205701509223,0.6646171045276691,0.4689770821688094,0.04880440923070828,0.007217929429704428,0.032987999229954414,0.017511412414032198
111,0.055550000000000044,3.002950116493265e-08,1632.7783260515184,0.3324436720253243,0.8882750915523555,0.6648252746570666,0.46930668487368876,0.04882518389551072,0.007218363846412142,0.03299435178936674,0.017517081831595747
112,0.056050000000000044,2.989862590808195e-08,1632.5767954184437,0.3328577631660567,0.8883443955089636,0.6650331865268905,0.4696358786675765,0.04884576327877698,0.007218793866772607,0.03300064171679548,0.01752269681795026
113,0.056550000000000045,2.9769549362396098e-08,1632.3765188078023,0.33327134089641064,0.8884136135391482,0.6652408406174446,0.46996466431095407,0.048866150219359916,0.007219219559238312,0.03300686996397531,0.017528258180033285
114,0.057050000000000045,2.9642231570751512e-08,1632.1774761770196,0.3336844061706214,0.8884827458026144,0.6654482374078434,0.47029304256241866,0.04888634749098188,0.007219640990631571,0.03301303746028811,0.01753376670608195
115,0.057550000000000046,2.951663380022502e-08,1631.9796479613415,0.334096959940561,0.8885517924586714,0.665655377376014,0.4706210141786887,0.0489063578040508,0.0072200582261920665,0.03301914511340434,0.017539223166160956
116,0.058050000000000046,2.939271849648158e-08,1631.783015055877,0.33450900315574533,0.8886207536662334,0.6658622609987005,0.47094857991460926,0.04892618380808072,0.007220471329636584,0.03302519381010528,0.01754462831285405
117,0.058550000000000046,2.9270449231078748e-08,1631.5875588107729,0.3349205367633418,0.8886896295838229,0.6660688887514687,0.47127574052315874,0.04894582809213577,0.00722088036317716,0.033031184416498674,0.017549982881415318
118,0.05905000000000005,2.914979067350323e-08,1631.3932609965364,0.3353315617081763,0.8887584203695693,0.6662752611087078,0.47160249675545396,0.04896529318980418,0.007221285387633228,0.03303711777961274,0.01755528759115404
119,0.05955000000000005,2.9030708534713874e-08,1631.2001038109436,0.33574207893274044,0.8888271261812117,0.6664813785436353,0.47192884936075596,0.04898458157788894,0.007221686462412493,0.03304299472707036,0.017560543145105557
120,0.06005000000000005,2.8913169531092162e-08,1631.0080698616923,0.3361520893771989,0.8888957471761002,0.6666872415283007,0.4722547990864761,0.0490036956787786,0.007222083645568199,0.03304881606788324,0.017565750230704308
121,0.06055000000000005,2.8797141353622632e-08,1630.8171421446507,0.3365615939793967,0.8889642835111962,0.6668928505335884,0.4725803466781815,0.049022637863496,0.007222476993870059,0.03305458259344886,0.01757090952064023
122,0.06105000000000005,2.8682592627623986e-08,1630.6273040377853,0.3369705936748659,0.8890327353430737,0.6670982060292213,0.47290549287960054,0.04904141045238226,0.007222866562825718,0.03306029507782412,0.017576021673069774
123,0.06155000000000005,2.856949287361376e-08,1630.4385392964093,0.33737908939683325,0.8891011028279219,0.6673033084837656,0.4732302384326289,0.04906001571558895,0.007223252406697988,0.033065954277938646,0.017581087331773926
124,0.06205000000000005,2.845781248366678e-08,1630.250832029434,0.3377870820762269,0.8891693861215444,0.6675081583646328,0.4735545840773352,0.04907845587645599,0.007223634578581697,0.033071560934683525,0.017586107127101045
125,0.06255000000000005,2.8347522680032557e-08,1630.0641667027535,0.3381945726416836,0.8892375853793612,0.6677127561380838,0.47387853055196605,0.04909673311078768,0.007224013130395158,0.03307711577274973,0.017591081675791966
126,0.06305000000000005,2.8238595495281772e-08,1629.8785281148255,0.338601562019556,0.889305700756411,0.6679171022692332,0.47420207859295244,0.04911484955034908,0.007224388112958878,0.03308261950174768,0.01759601158195314
127,0.06355000000000005,2.8131003738810105e-08,1629.6939013935262,0.33900805113391924,0.8893737324073506,0.6681211972220517,0.47452522893491494,0.049132807283146354,0.007224759576007355,0.03308807281634654,0.01760089743715338
128,0.06405000000000005,2.8024720964241166e-08,1629.5102719940642,0.33941404090657823,0.8894416804864566,0.6683250414593698,0.4748479823106689,0.04915060835355299,0.007225127568197524,0.03309347639636537,0.017605739820478222
129,0.06455000000000005,2.7919721453843563e-08,1629.327625674603,0.33981953225707445,0.8895095451476276,0.6685286354428827,0.4751703394512307,0.04916825476582199,0.007225492137186986,0.03309883090789017,0.01761053929950463
130,0.06505000000000005,2.7815980183305824e-08,1629.1459485018506,0.3402245261026931,0.8895773265443839,0.6687319796331515,0.475492301085823,0.049185748483061835,0.007225853329618225,0.03310413700301185,0.017615296430040894
131,0.06555000000000005,2.771347280744811e-08,1628.9652268284308,0.34062902335846973,0.8896450248298693,0.6689350744896082,0.47581386794187974,0.04920309143049722,0.007226211191191167,0.03310939532086259,0.017620011757031293
132,0.06605000000000005,2.7612175625396823e-08,1628.7854473016853,0.3410330249371975,0.8897126401568531,0.6691379204705594,0.47613504074505236,0.04922028549396907,0.007226565766637224,0.033114606487206356,0.01762468581416544
133,0.06655000000000005,2.7512065570494768e-08,1628.6065968382745,0.3414365317494336,0.8897801726777296,0.6693405180331885,0.476455820219215,0.049237332523627844,0.007226917099800349,0.03311977111560261,0.017629319124899102
134,0.06705000000000005,2.7413120180710546e-08,1628.4286626287246,0.3418395447035065,0.8898476225445199,0.6695428676335597,0.4767762070864696,0.04925423433308992,0.007227265233624287,0.03312488980719278,0.017633912202240847
135,0.06755000000000005,2.7315317579654552e-08,1628.2516321281266,0.3422420647055226,0.8899149899088741,0.6697449697266222,0.4770962020671518,0.04927099270069987,0.007227610210183125,0.03312996315112381,0.017638465549110752
136,0.06805000000000005,2.721863646104155e-08,1628.0754930431106,0.3426440926593729,0.8899822749220709,0.6699468247662125,0.47741580587983623,0.049287609371362694,0.007227952070723372,0.03313499172514246,0.017642979658853267
137,0.06855000000000006,2.712305606572593e-08,1627.9002333312242,0.34304562946674,0.8900494777350192,0.6701484332050577,0.47773501924134143,0.04930408605649966,0.007228290855667252,0.03313997609562005,0.01764745501523969
138,0.06905000000000006,2.702855616711764e-08,1627.7258411892146,0.3434466760271046,0.8901165984982602,0.6703497954947806,0.47805384286673586,0.04932042443569207,0.007228626604650576,0.033144916818086734,0.017651892092928723
139,0.06955000000000006,2.6935117053086642e-08,1627.5523050477914,0.34384723323775246,0.890183637361967,0.6705509120859009,0.47837227746934297,0.0493366261573463,0.007228959356540323,0.0331498144374682,0.017656291357660572
140,0.07005000000000006,2.6842719500556536e-08,1627.3796135787954,0.3442473019937809,0.8902505944759465,0.6707517834278397,0.47869032376074633,0.049352692837478944,0.00722928914941352,0.03315466948775316,0.017660653265940334
141,0.07055000000000006,2.67513447777615e-08,1627.2077556616605,0.34464688318810555,0.8903174699896411,0.6709524099689234,0.4790079824507952,0.04936862606468764,0.007229616020662971,0.033159482493529194,0.017664978266400313
142,0.07105000000000006,2.6660974615692392e-08,1627.0367203975604,0.34504597771146706,0.8903842640521284,0.6711527921563852,0.4793252542476098,0.04938442739788504,0.007229940006954254,0.03316425396932975,0.017669266799196923
143,0.07155000000000006,2.6571591184029174e-08,1626.8664971182905,0.3454445864524375,0.8904509768121234,0.6713529304363702,0.4796421398575863,0.04940009836483461,0.007230261144199205,0.03316898441922404,0.017673519295625488
144,0.07205000000000006,2.6483177113554646e-08,1626.6970753246037,0.3458427102974272,0.8905176084179794,0.6715528252539383,0.47995863998540234,0.04941564047140736,0.00723057946774895,0.033173674339641655,0.01767773618064374
145,0.07255000000000006,2.6395715430427014e-08,1626.5284447611612,0.34624035013069115,0.890584159017689,0.6717524770530668,0.4802747553340223,0.04943105519008829,0.007230895012161618,0.03317832421593261,0.017681917869764138
146,0.07305000000000006,2.6309189594487478e-08,1626.3605953320575,0.3466375068343357,0.8906506287588846,0.6719518862766539,0.48059048660470205,0.04944634397270657,0.007231207811466198,0.03318293452623726,0.017686064772518707
147,0.07355000000000006,2.6223583449689428e-08,1626.1935171530681,0.34703418128832497,0.890717017788841,0.672151053366523,0.4809058344969947,0.04946150824239698,0.007231517899000927,0.03318750573908825,0.01769017729028852
148,0.07405000000000006,2.6138881228441462e-08,1626.0272005213371,0.34743037437048724,0.890783326254475,0.6723499787634246,0.4812207997087556,0.04947654939810761,0.007231825307508504,0.03319203831479698,0.017694255817536756
149,0.07455000000000006,2.60550675333197e-08,1625.8616359210746,0.34782608695652173,0.8908495543023467,0.6725486629070402,0.481535382936147,0.049491468813639784,0.007232130069119266,0.03319653270518991,0.017698300741558128
150,0.07505000000000006,2.597212733794804e-08,1625.6968139998864,0.3482213199200049,0.8909157020786619,0.6727471062359858,0.481849584873644,0.04950626784115457,0.007232432215425561,0.03320098935468984,0.01770231244343907
151,0.07555000000000006,2.5890045957973683e-08,1625.53272559313,0.3486160741323966,0.8909817697292715,0.6729453091878143,0.4821634062140392,0.04952094780738105,0.007232731777406945,0.033205408699197865,0.01770629129703899
152,0.07605000000000006,2.5808809056206478e-08,1625.3693616950252,0.34901035046304707,0.891047757399673,0.6731432721990194,0.48247684764844745,0.04953551001792234,0.007233028785520681,0.03320979116741373,0.01771023767016656
153,0.07655000000000006,2.5728402617957042e-08,1625.206713477821,0.34940414977920276,0.891113665235013,0.673340995705039,0.48278990986631176,0.049549955754257406,0.007233323269643058,0.03321413717995607,0.01771415192377578
154,0.07705000000000006,2.5648812963942403e-08,1625.0447722515655,0.349797472946013,0.891179493380086,0.6735384801402576,0.4831025935554078,0.049564286279778005,0.007233615259194895,0.033218447151200904,0.017718034413610303
155,0.07755000000000006,2.557002671495362e-08,1624.8835295018964,0.35019032082653617,0.8912452419793365,0.6737357259380098,0.48341489940184884,0.04957850283396249,0.007233904783025097,0.03322272148755002,0.01772188548863286
156,0.07805000000000006,2.5492030797734737e-08,1624.7229768624047,0.3505826942817463,0.8913109111768613,0.6739327335305839,0.48372682809009115,0.04959260663650267,0.0072341918694970525,0.03322696058869336,0.01772570549215142
157,0.07855000000000006,2.5414812428752893e-08,1624.5631061231827,0.35097459417053894,0.8913765011164083,0.6741295033492246,0.48403838030293894,0.04960659888592885,0.007234476546462846,0.03323116484721584,0.017729494761454485
158,0.07905000000000006,2.5338359120266192e-08,1624.4039092036844,0.35136602134973766,0.8914420119413786,0.674326035824136,0.4843495567215488,0.04962048076366772,0.007234758841347957,0.033235334649836135,0.017733253628917464
159,0.07955000000000007,2.5262658653461232e-08,1624.2453781798524,0.35175697667410044,0.8915074437948285,0.6745223313844856,0.48466035802543544,0.049634253429844115,0.007235038781067894,0.0332394703761641,0.017736982420872963
160,0.08005000000000007,2.51876990812206e-08,1624.087505263538,0.35214746099632555,0.8915727968194688,0.6747183904584062,0.4849707848924764,0.049647918026345036,0.0072353163920925645,0.0332435723996399,0.01774068145844764
161,0.08055000000000007,2.5113468719984197e-08,1623.9302828001562,0.35253747516705797,0.8916380711576666,0.6749142134729997,0.4852808379989164,0.04966147567711059,0.0072355917004541135,0.033247641087639036,0.01774435105764773
162,0.08105000000000007,2.503995614178386e-08,1623.7737032665955,0.3529270200348956,0.891703266951447,0.6751098008543409,0.4855905180193731,0.04967492748838783,0.00723586473175396,0.03325167680156574,0.017747991529434334
163,0.08155000000000007,2.4967150159231443e-08,1623.6177592814456,0.35331609644639533,0.8917683843424931,0.675305153027479,0.4858998256268415,0.049688274547111326,0.007236135511131787,0.03325567989638418,0.017751603179291718
164,0.08205000000000007,2.489503983237685e-08,1623.4624435792937,0.353704705246079,0.891833423472147,0.6755002704164412,0.48620876149269876,0.0497015179247558,0.007236404063345534,0.03325965072179072,0.017755186308276216
165,0.08255000000000007,2.4823614457539773e-08,1623.3077490153487,0.35409284727643986,0.8918983844814126,0.6756951534442376,0.4865173262867095,0.04971465867657369,0.007236670412757598,0.033263589622000635,0.017758741212815832
166,0.08305000000000007,2.4752863549207245e-08,1623.1536685824137,0.35448052337794855,0.8919632675109538,0.6758898025328612,0.4868255206770302,0.049727697838952596,0.007236934583282999,0.0332674969349717,0.017762268184001374
167,0.08355000000000007,2.4682776854358775e-08,1623.0001953736964,0.3548677343890589,0.8920280727010976,0.6760842181032931,0.4871333453302142,0.049740636435023904,0.007237196598504673,0.03327137299410027,0.017765767509109447
168,0.08405000000000007,2.4613344327455086e-08,1622.8473226122796,0.3552544811462143,0.892092800191835,0.6762784005755051,0.48744080091121633,0.04975347547011971,0.007237456481583021,0.033275218126874416,0.017769239470379172
169,0.08455000000000007,2.4544556134239763e-08,1622.6950436324496,0.3556407644838536,0.8921574501228208,0.6764723503684622,0.4877478880833983,0.04976621593456413,0.00723771425531401,0.03327903265572467,0.017772684345772685
170,0.08505000000000007,2.4476402651961438e-08,1622.5433518672053,0.3560265852344171,0.8922220226333751,0.6766660679001257,0.48805460750853247,0.0497788588055257,0.007237969942168134,0.03328281689859216,0.017776102409481215
171,0.08555000000000007,2.440887444845614e-08,1622.392240872323,0.3564119442283526,0.8922865178624858,0.6768595535874574,0.4883609598468075,0.04979140504330052,0.007238223564216675,0.033286571167829265,0.017779493930925244
172,0.08605000000000007,2.4341962286211693e-08,1622.2417043082003,0.35679684229412123,0.892350935948807,0.6770528078464207,0.4886669457568328,0.04980385559403045,0.007238475143188143,0.033290295771026684,0.017782859175494593
173,0.08655000000000007,2.4275657119369658e-08,1622.0917359339494,0.35718128025820334,0.8924152770306616,0.6772458310919849,0.48897256589564286,0.049816211390555656,0.00723872470048687,0.033293991011281034,0.017786198404783654
174,0.08705000000000007,2.4209950083800358e-08,1621.9423296138157,0.3575652589451049,0.8924795412460427,0.677438623738128,0.4892778209187026,0.04982847335139107,0.007238972257173664,0.03329765718690102,0.017789511876319518
175,0.08755000000000007,2.414483249782065e-08,1621.7934793055247,0.35794877917736256,0.8925437287326131,0.677631186197839,0.4895827114799117,0.04984064238245786,0.00723921783400209,0.033301294591937154,0.017792799844034465
176,0.08805000000000007,2.4080295845524953e-08,1621.6451790792023,0.3583318417755504,0.8926078396277071,0.6778235188831215,0.4898872382316091,0.04985271937415526,0.007239461451360647,0.03330490351531832,0.017796062557479345
177,0.08855000000000007,2.4016331791622415e-08,1621.4974230816715,0.3587144475582852,0.8926718740683323,0.6780156222049968,0.49019140182457815,0.049864705206761575,0.007239703129382997,0.033308484242477426,0.01779930026328725
178,0.08905000000000007,2.3952932161453742e-08,1621.3502055617514,0.3590965973422323,0.8927358321911687,0.6782074965735059,0.4904952029080508,0.04987660074653594,0.0072399428878705,0.033312037054197344,0.01780251320412446
179,0.08955000000000007,2.3890088935144232e-08,1621.2035208713962,0.3594782919421119,0.892799714132571,0.678399142397713,0.49079864212971236,0.049888406845504156,0.007240180746289139,0.033315562226558314,0.01780570161863707
180,0.09005000000000007,2.3827794262513113e-08,1621.0573634303248,0.35985953217070415,0.8928635200285696,0.6785905600857092,0.4911017201357062,0.04990012434681309,0.007240416723878547,0.03331906003254739,0.01780886574290108
181,0.09055000000000007,2.3766040436570732e-08,1620.911727764002,0.36024031883885554,0.8929272500148713,0.6787817500446137,0.49140443757063834,0.04991175407890099,0.007240650839535662,0.03332253074032792,0.017812005808851936
182,0.09105000000000008,2.370481990852887e-08,1620.7666084685038,0.3606206527554842,0.8929909042268592,0.6789727126805778,0.49170679507758164,0.049923296860818527,0.007240883111922977,0.033325974614837994,0.017815122045725273
183,0.09155000000000008,2.364412526844133e-08,1620.622000236579,0.36100053472758603,0.8930544827995961,0.679163448398788,0.4920087932980809,0.04993475349821776,0.0072411135593888456,0.03332939191660304,0.017818214678977637
184,0.09205000000000008,2.3583949246593325e-08,1620.4778978471923,0.36137996556023994,0.8931179858678227,0.6793539576034678,0.4923104328721573,0.04994612478491139,0.007241342199999935,0.033332782902211096,0.017821283930711293
185,0.09255000000000008,2.3524284721676413e-08,1620.3342961428966,0.3617589460566139,0.8931814135659604,0.6795442406978814,0.4926117144383123,0.04995741150629142,0.007241569051610954,0.03333614782534129,0.01782433002060049
186,0.09305000000000008,2.3465124705128368e-08,1620.191190050151,0.3621374770179705,0.8932447660281121,0.6797342980843367,0.492912638633533,0.04996861443619553,0.007241794131802585,0.03333948693583809,0.017827353165048965
187,0.09355000000000008,2.3406462329102436e-08,1620.0485745937012,0.3625155592436726,0.8933080433880625,0.6799241301641872,0.4932132060932962,0.049979734334679886,0.0072420174578377485,0.03334280047905681,0.017830353576592576
188,0.09405000000000008,2.3348290871720227e-08,1619.9064448435927,0.36289319353118893,0.8933712457792784,0.6801137373378354,0.4935134174515728,0.049990771956073245,0.007242239046824322,0.03334608869827247,0.01783333146607591
189,0.09455000000000008,2.329060372141218e-08,1619.7647959726605,0.36327038067609974,0.8934343733349122,0.6803031200047363,0.4938132733408324,0.050001728040172506,0.007242458915539203,0.03334935183206451,0.017836287040279827
190,0.09505000000000008,2.3233394402194894e-08,1619.6236232037068,0.36364712147210226,0.8934974261877996,0.6804922785633988,0.49411277439204787,0.05001260332027454,0.0072426770805904634,0.03335259011671781,0.017839220504091605
191,0.09555000000000008,2.3176656551725315e-08,1619.4829218426771,0.3640234167110165,0.8935604044704629,0.680681213411389,0.49441192123469935,0.05002339851808282,0.007242893558315949,0.033355803784713395,0.017842132059133875
192,0.09605000000000008,2.3120383926398893e-08,1619.3426872628352,0.36439926718279064,0.8936233083151113,0.6808699249453343,0.49471071449677917,0.050034114346094644,0.0072431083648320455,0.033358993065447165,0.017845021904411635
193,0.09655000000000008,2.306457038972836e-08,1619.2029149197506,0.36477467367550653,0.8936861378536414,0.6810584135609239,0.495009154804796,0.05004475150528432,0.007243321515988053,0.033362158184548074,0.017847890235690413
194,0.09705000000000008,2.300920993080496e-08,1619.0636003110012,0.3651496369753852,0.8937488932176376,0.681246679652913,0.495307242783779,0.05005531069122909,0.0072435330274897595,0.03336529936570843,0.017850737247151038
195,0.09755000000000008,2.2954296639409925e-08,1618.9247390159398,0.36552415786679254,0.8938115745383755,0.681434723615126,0.49560497905728274,0.05006579258801073,0.00724374291477798,0.03336841682887617,0.017853563129747865
196,0.09805000000000008,2.2899824707947275e-08,1618.7863266863537,0.3658982371322446,0.8938741819468192,0.6816225458404577,0.49590236424739115,0.050076197869615285,0.007243951193057425,0.03337151079067893,0.01785636807158914
197,0.09855000000000008,2.2845788439954697e-08,1618.6483590248367,0.366271875552413,0.8939367155736255,0.6818101467208768,0.4961993989747216,0.05008652720321065,0.007244157877363051,0.03337458146540554,0.017859152258823223
198,0.09905000000000008,2.279218224204538e-08,1618.510831794037,0.36664507390613044,0.8939991755491431,0.6819975266474295,0.49649608385843,0.05009678124771006,0.007244362982531987,0.033377629064585176,0.017861915875253778
199,0.09955000000000008,2.273900061268836e-08,1618.373740832187,0.36701783297039614,0.8940615620034137,0.6821846860102408,0.4967924195162145,0.0501069606513756,0.0072445665231563195,0.03338065379628179,0.017864659101696476
200,0.10005000000000008,2.2686238154084672e-08,1618.2370820255092,0.3673901535203812,0.8941238750661725,0.6823716251985177,0.4970884065643198,0.05011706605600964,0.007244768513667632,0.03338365586634622,0.01786738211711113
201,0.10055000000000008,2.26338895610069e-08,1618.100851323882,0.36776203632943394,0.894186114866851,0.6825583446005526,0.49738404561754157,0.050127098094539,0.0072449689682893385,0.03338663547770444,0.017870085097952987
202,0.10105000000000008,2.258194961632251e-08,1617.965044744255,0.3681334821690853,0.894248281534575,0.682744844603725,0.497679337289231,0.0501370573904702,0.007245167901026498,0.033389592830202146,0.017872768218028457
203,0.10155000000000008,2.2530413202851612e-08,1617.8296583432102,0.3685044918090541,0.8943103751981679,0.6829311255945041,0.49797428219129825,0.05014694456206047,0.00724536532574977,0.03339252812184927,0.017875431649621135
204,0.10205000000000009,2.2479275289102176e-08,1617.694688239028,0.36887506601725256,0.8943723959861509,0.6831171879584532,0.49826888093421745,0.05015676021892461,0.007245561256128239,0.03339544154781797,0.017878075562579785
205,0.10255000000000009,2.2428530924922144e-08,1617.5601306153096,0.3692452055597913,0.8944343440267434,0.68330303208023,0.49856313412703074,0.050166504961460474,0.007245755705618587,0.03339833330027812,0.01788070012416595
206,0.10305000000000009,2.2378175250141002e-08,1617.4259816998863,0.3696149112009847,0.8944962194478635,0.6834886583435906,0.4988570423773519,0.05017617938405174,0.007245948687529637,0.0334012035693535,0.01788330549991881
207,0.10355000000000009,2.232820349020499e-08,1617.2922377685259,0.3699841837033566,0.8945580223771309,0.6836740671313924,0.4991506062913713,0.050185784074481696,0.007246140215011186,0.0334040525429529,0.01788589185349921
208,0.10405000000000009,2.2278610942227157e-08,1617.1588951673186,0.3703530238276448,0.8946197529418654,0.6838592588255958,0.49944382647385993,0.05019531961049229,0.0072463303009859805,0.033406880405754846,0.01788845934576522
209,0.10455000000000009,2.222939299332465e-08,1617.025950273136,0.3707214323328068,0.894681411269089,0.684044233807267,0.49973670352817273,0.050204786565809005,0.007246518958270406,0.03340968734099981,0.017891008136396488
210,0.10505000000000009,2.2180545100288263e-08,1616.893399528527,0.37108940997602485,0.8947429974855271,0.6842289924565815,0.500029238056254,0.05021418550478828,0.00724670619946832,0.03341247352890784,0.017893538382454943
211,0.10555000000000009,2.213206280148055e-08,1616.761239414664,0.3714569575127112,0.8948045117176087,0.6844135351528258,0.5003214306586407,0.05022351698653506,0.0072468920370536444,0.03341523914790442,0.01789605023949532
212,0.10605000000000009,2.2083941709451777e-08,1616.6294664615473,0.3718240756965131,0.8948659540914665,0.6845978622743998,0.5006132819344665,0.0502327815633254,0.007247076483339449,0.033417984374157474,0.01789854386114234
213,0.10655000000000009,2.203617750683939e-08,1616.4980772520723,0.3721907652793182,0.8949273247329403,0.6847819741988209,0.5009047924814664,0.05024197977996713,0.007247259550465725,0.03342070938139276,0.017901019398920456
214,0.10705000000000009,2.198876594550011e-08,1616.3670684199428,0.3725570270112596,0.8949886237675749,0.6849658713027246,0.5011959628959805,0.0502511121741021,0.007247441250405935,0.03342341434098822,0.0179034770023371
215,0.10755000000000009,2.1941702851993407e-08,1616.2364366351846,0.3729228616407207,0.8950498513206226,0.685149553961868,0.5014867937729579,0.05026017927840466,0.007247621595011232,0.03342609942262973,0.01790591681947609
216,0.10805000000000009,2.189498412351598e-08,1616.1061786083435,0.3732882699143407,0.8951110075170444,0.6853330225511334,0.5017772857059611,0.050269181619924316,0.007247800595997825,0.03342876479412043,0.017908338996822294
217,0.10855000000000009,2.1848605714430418e-08,1615.9762911134135,0.3736532525770194,0.8951720924815096,0.6855162774445287,0.5020674392871703,0.050278119716563076,0.007247978264877411,0.03343141062034226,0.017910743678315574
218,0.10905000000000009,2.1802563654445425e-08,1615.8467709485913,0.3740178103719225,0.895233106338397,0.6856993190151912,0.502357255107386,0.05028699408306237,0.007248154613076673,0.033434037065032694,0.01791313100696326
219,0.10955000000000009,2.1756854032019153e-08,1615.7176149655113,0.37438194404048636,0.895294049211797,0.6858821476353907,0.5026467337560351,0.05029580522651681,0.0072483296518485235,0.03343664428946073,0.017915501123634714
220,0.11005000000000009,2.1711472999916892e-08,1615.588820054967,0.3747456543224232,0.8953549212255103,0.6860647636765306,0.5029358758211733,0.05030455364854348,0.007248503392315666,0.03343923245307307,0.017917854167646553
221,0.11055000000000009,2.1666416771319243e-08,1615.4603831513443,0.375108941955726,0.8954157225030503,0.686247167509151,0.5032246818894893,0.05031323984458944,0.007248675845457264,0.03344180171329323,0.01792019027657791
222,0.1110500000000001,2.162168162222552e-08,1615.3323012246312,0.3754718076766739,0.8954764531676441,0.6864293595029325,0.5035131525463097,0.05032186430513996,0.007248847022133337,0.03344435222588268,0.017922509586596864
223,0.1115500000000001,2.1577263887601206e-08,1615.204571284932,0.3758342522198364,0.8955371133422322,0.6866113400266962,0.5038012883756022,0.0503304275150147,0.00724901693307119,0.03344688414473644,0.017924812232272633
224,0.1120500000000001,2.153315995757692e-08,1615.0771903870273,0.37619627631807906,0.8955977031494692,0.6867931094484079,0.5040890899599791,0.05033892995265653,0.007249185588851708,0.03344939762167656,0.01792709834638577
225,0.1125500000000001,2.1489366279901778e-08,1614.9501556224925,0.376557880702568,0.895658222711727,0.6869746681351806,0.5043765578807026,0.05034737209132392,0.007249352999933403,0.033451892806808395,0.017929368060250268
226,0.1130500000000001,2.144587936237014e-08,1614.823464111842,0.3769190661027751,0.8957186721510921,0.6871560164532763,0.5046636927176873,0.050355754400280964,0.007249519176676391,0.03345436984887564,0.017931621504034812
227,0.1135500000000001,2.140269575668492e-08,1614.6971130341751,0.37727983324648257,0.8957790515893694,0.6873371547681083,0.504950495049505,0.050364077340247816,0.007249684129252554,0.03345682889391951,0.01793385880554106
228,0.1140500000000001,2.135981208260307e-08,1614.5710995756717,0.37764018285978823,0.8958393611480816,0.6875180834442451,0.5052369654533881,0.05037234137127069,0.0072498478678019234,0.0334592700876075,0.01793608009232064
229,0.1145500000000001,2.131722499640406e-08,1614.445420990551,0.3780001156671101,0.8958996009484704,0.6876988028454111,0.505523104505234,0.05038054694338053,0.007250010402247894,0.0334616935724769,0.017938285489165384
230,0.1150500000000001,2.1274931221160628e-08,1614.3200745371078,0.3783596323911913,0.8959597711114964,0.6878793133344893,0.5058089127796082,0.05038869450637112,0.00725017174249132,0.033464099490826495,0.017940475120736883
231,0.1155500000000001,2.1232927518416992e-08,1614.1950575325168,0.378718733753105,0.8960198717578419,0.6880596152735255,0.5060943908497487,0.05039678450139957,0.007250331898244454,0.033466487982238814,0.017942649109310132
232,0.1160500000000001,2.1191210703031283e-08,1614.0703673201658,0.3790774204722592,0.8960799030079096,0.6882397090237286,0.5063795392875701,0.050404817365975095,0.007250490879130118,0.03346885918505679,0.017944807576115617
233,0.1165500000000001,2.1149777639527622e-08,1613.946001274513,0.3794356932664013,0.8961398649818244,0.6884195949454734,0.5066643586636663,0.05041279353320467,0.007250648694667067,0.033471213236163866,0.0179469506411377
234,0.1170500000000001,2.110862524154109e-08,1613.821956799725,0.37979355285162336,0.8961997577994348,0.6885992733983046,0.5069488495473156,0.05042071343199112,0.007250805354274216,0.03347355027104528,0.017949078423168976
235,0.1175500000000001,2.1067750462149e-08,1613.6982313471315,0.3801509999423665,0.8962595815803125,0.6887787447409373,0.5072330125064839,0.05042857748435036,0.007250960867217898,0.033475870422999536,0.01795119103909068
236,0.1180500000000001,2.102715030859811e-08,1613.574822382615,0.3805080352514256,0.8963193364437532,0.6889580093312597,0.5075168481078279,0.05043638611039372,0.007251115242710723,0.0334781738246114,0.017953288605212385
237,0.1185500000000001,2.0986821826571047e-08,1613.4517274166453,0.38086465948995457,0.8963790225087791,0.6891370675263371,0.5078003569167002,0.050444139723719854,0.007251268489820737,0.03348046060639502,0.017955371236035095
238,0.1190500000000001,2.0946762105801104e-08,1613.328943990508,0.3812208733674703,0.8964386398941374,0.6893159196824119,0.5080835394971521,0.05045183873351311,0.007251420617513231,0.03348273089741604,0.017957439044816143
239,0.1195500000000001,2.0906968285624684e-08,1613.2064696625366,0.38157667759185787,0.8964981887183024,0.6894945661549077,0.5083663964119373,0.050459483546642654,0.00725157163469249,0.033484984825912986,0.017959492144133914
240,0.1200500000000001,2.0867437542401248e-08,1613.0843020319828,0.38193207286937536,0.896557669099477,0.6896730072984312,0.508648928222516,0.05046707456399782,0.007251721550129657,0.03348722251821936,0.017961530644904654
241,0.1205500000000001,2.082816708910373e-08,1612.9624387378544,0.38228705990465806,0.8966170811555914,0.689851243466774,0.5089311354890587,0.05047461218065663,0.007251870372466386,0.03348944409881624,0.01796355465642888
242,0.1210500000000001,2.0789154192918978e-08,1612.8408774201193,0.3826416394007233,0.8966764250043051,0.6900292750129154,0.5092130187704494,0.05048209679181861,0.007252018110332244,0.03349164969208342,0.017965564287985444
243,0.1215500000000001,2.0750396147727844e-08,1612.719615775036,0.3829958120589754,0.8967357007630086,0.6902071022890254,0.50949457862429,0.05048952878432207,0.007252164772177487,0.03349383941980169,0.017967559646554727
244,0.1220500000000001,2.0711890294726274e-08,1612.5986515101272,0.38334957857921,0.8967949085488218,0.6903847256464654,0.5097758156069033,0.0504969085435317,0.007252310366409306,0.033496013403185226,0.017969540838668994
245,0.1225500000000001,2.0673634009995802e-08,1612.4779823681954,0.3837029396596184,0.8968540484785972,0.6905621454357916,0.5100567302733368,0.05050423644965203,0.0072524549013193084,0.033498171761797556,0.017971507969423497
246,0.1230500000000001,2.0635624707106042e-08,1612.357606119983,0.3840558959967929,0.8969131206689193,0.690739362006758,0.5103373231773667,0.050511512878843055,0.007252598385105792,0.033500314613882747,0.017973461142776963
247,0.1235500000000001,2.0597859836717328e-08,1612.2375205631326,0.3844084482857307,0.8969721252361057,0.6909163757083168,0.5106175948715014,0.05051873820337213,0.007252740825876994,0.033502442076412446,0.01797540046159327
248,0.1240500000000001,2.0560336889157125e-08,1612.1177235148748,0.38476059721983874,0.8970310622962072,0.6910931868886219,0.5108975459069848,0.050525912792725954,0.007252882231673243,0.03350455426541547,0.017977326027940763
249,0.1245500000000001,2.0523053388084078e-08,1611.9982128235908,0.38511234349093826,0.8970899319650106,0.6912697958950318,0.5111771768338003,0.05053303701183168,0.007253022610432116,0.033506651295456207,0.01797923794261566
250,0.1250500000000001,2.048600689013644e-08,1611.8789863678358,0.38546368778926926,0.8971487343580368,0.6914462030741102,0.5114564882006744,0.0505401112211992,0.007253161969991505,0.033508733279678855,0.01798113630518114
251,0.1255500000000001,2.044919499048844e-08,1611.7600420427962,0.385814630803495,0.897207469590543,0.6916224087716293,0.5117354805550797,0.05054713577898829,0.007253300318130557,0.033510800330417936,0.017983021214522908
252,0.1260500000000001,2.0412615316564458e-08,1611.6413777719192,0.38616517322070665,0.8972661377775241,0.6917984133325724,0.5120141544432395,0.050554111039220265,0.00725343766253466,0.033512852558673964,0.017984892768370096
253,0.1265500000000001,2.0376265527704062e-08,1611.522991505985,0.38651531572642756,0.8973247390337118,0.6919742171011353,0.5122925104101307,0.05056103735191258,0.007253574010798323,0.033514890074155215,0.017986751063332192
254,0.1270500000000001,2.0340143317767727e-08,1611.4048812159074,0.3868650590046178,0.8973832734735762,0.6921498204207286,0.512570548999487,0.0505679150641755,0.007253709370446985,0.03351691298560238,0.017988596195194103
255,0.1275500000000001,2.0304246408925464e-08,1611.287044904425,0.3872144037376788,0.8974417412113271,0.692325223633981,0.5128482707538032,0.050574744518413595,0.007253843748901822,0.03351892140026149,0.017990428258434405
256,0.1280500000000001,2.0268572560138557e-08,1611.169480586344,0.3875633506064576,0.8975001423609135,0.6925004270827403,0.5131256762143387,0.050581526055346944,0.00725397715353941,0.03352091542477448,0.017992247347036607
257,0.1285500000000001,2.0233119558033304e-08,1611.05218630656,0.387911900290251,0.8975584770360252,0.6926754311080758,0.5134027659211201,0.050588260011242996,0.007254109591637451,0.03352289516436688,0.017994053553747287
258,0.1290500000000001,2.0197885216617072e-08,1610.935160139222,0.3882600534668108,0.8976167453500937,0.6928502360502816,0.5136795404129458,0.0505949467180383,0.007254241070377388,0.03352486072288574,0.01799584697010957
259,0.1295500000000001,2.0162867391547456e-08,1610.818400155408,0.3886078108123473,0.8976749474162925,0.6930248422488774,0.5139560002273891,0.050601586508286556,0.007254371596941882,0.03352681220425582,0.017997627687790892
260,0.1300500000000001,2.012806395358792e-08,1610.7019044790018,0.38895517300153404,0.897733083347537,0.6931992500426112,0.5142321459008011,0.050608179706588444,0.0072545011783465025,0.033528749709962245,0.017999395796285178
261,0.1305500000000001,2.0093472808736094e-08,1610.5856712418067,0.3893021407075124,0.8977911532564875,0.6933734597694623,0.5145079779683153,0.05061472663646551,0.007254629821575063,0.03353067334107287,0.018001151384757132
262,0.1310500000000001,2.0059091892092364e-08,1610.469698595358,0.38964871460189554,0.8978491572555475,0.6935474717666422,0.5147834969638501,0.050621227618544026,0.0072547575335440906,0.03353258319770598,0.0180028945415558
263,0.1315500000000001,2.0024919164682878e-08,1610.3539847164568,0.3899948953547729,0.8979070954568656,0.6937212863705973,0.5150587034201124,0.0506276829697009,0.0072548843210862276,0.03353447937878118,0.018004625353986187
264,0.1320500000000001,1.9990952616086203e-08,1610.2385278001145,0.39034068363471464,0.897964967972337,0.6938949039170116,0.5153335978686016,0.05063409300413983,0.007255010190971546,0.033536361982337094,0.018006343908598503
265,0.1325500000000001,1.9957190264154367e-08,1610.12332605881,0.39068608010877576,0.8980227749136027,0.694068324740808,0.5156081808396126,0.050640458033499744,0.007255135149909847,0.03353823110556488,0.018008050291217843
266,0.1330500000000001,1.9923630148987886e-08,1610.0083777343782,0.3910310854425005,0.8980805163920502,0.6942415491761508,0.5158824528622389,0.05064677836502709,0.007255259204514951,0.03354008684427308,0.01800974458645484
267,0.1335500000000001,1.9890270338453946e-08,1609.8936810846847,0.39137570029992647,0.8981381925188162,0.6944145775564484,0.5161564144643767,0.05065305430361338,0.00725538236134487,0.033541929293487587,0.018011426878252537
268,0.1340500000000001,1.9857108927919156e-08,1609.7792343829203,0.39171992534358924,0.8981958034047849,0.6945874102143546,0.5164300661727279,0.05065928615189808,0.007255504626903981,0.03354375854748334,0.018013097249914543
269,0.13455000000000011,1.982414403426489e-08,1609.6650359295372,0.3920637612345261,0.8982533491605901,0.6947600474817703,0.5167034085128032,0.050665474208434334,0.0072556260076072,0.033545574699247335,0.01801475578361397
270,0.13505000000000011,1.979137380424316e-08,1609.5510840326388,0.39240720863228074,0.8983108298966159,0.6949324896898481,0.516976442008926,0.05067161877069024,0.007255746509839008,0.03354737784136104,0.01801640256119844
271,0.13555000000000011,1.9758796402792075e-08,1609.4373770325603,0.39275026819490716,0.8983682457229971,0.6951047371689911,0.5172491671842359,0.05067772013127513,0.0072558661398795955,0.033549168064894365,0.018018037663179227
272,0.13605000000000012,1.972641002424013e-08,1609.3239132759752,0.39309294057897415,0.898425596749619,0.6952767902488572,0.5175215845606908,0.050683778581905946,0.007255984903982802,0.033550945460571004,0.01801966116979488
273,0.13655000000000012,1.969421288350815e-08,1609.2106911341862,0.3934352264395692,0.8984828830861205,0.6954486492583611,0.5177936946590717,0.05068979441059721,0.007256102808321152,0.033552710117945306,0.018021273160258627
274,0.13705000000000012,1.9662203218747562e-08,1609.0977089961896,0.39377712643030277,0.8985401048418917,0.6956203145256751,0.5180654979989855,0.050695767902720665,0.007256219859006789,0.03355446212571459,0.018022873713042956
275,0.13755000000000012,1.9630379288288593e-08,1608.984965274373,0.3941186412033125,0.8985972621260774,0.6957917863782321,0.5183369950988677,0.050701699340126916,0.007256336062074414,0.03355620157146293,0.018024462905644814
276,0.13805000000000012,1.959873937893116e-08,1608.872458384959,0.3944597714092676,0.8986543550475761,0.6959630651427285,0.5186081864759867,0.0507075890041402,0.00725645142354009,0.033557928542540715,0.018026040815388476
277,0.13855000000000012,1.9567281794392218e-08,1608.7601867726762,0.3948005176973722,0.8987113837150414,0.6961341511451242,0.5188790726464465,0.050713437171771014,0.007256565949327186,0.03355964312495529,0.01802760751841136
278,0.13905000000000012,1.953600486077917e-08,1608.6481488975403,0.3951408807153704,0.898768348236882,0.6963050447106461,0.5191496541251899,0.050719244117738864,0.007256679645306144,0.03356134540396542,0.01802916309020646
279,0.13955000000000012,1.95049069291971e-08,1608.53634322796,0.39548086110954983,0.8988252487212637,0.6964757461637907,0.519419931426002,0.0507250101155261,0.007256792517315235,0.033563035464391454,0.018030707605905145
280,0.14005000000000012,1.9473986367092183e-08,1608.424768259129,0.39582045952474587,0.8988820852761081,0.6966462558283244,0.5196899050615135,0.050730735434553045,0.007256904571105384,0.03356471338978843,0.018032241139520903
281,0.14055000000000012,1.944324156090055e-08,1608.3134225061526,0.3961596766043457,0.8989388580090955,0.6968165740272865,0.5199595755432037,0.05073642034122789,0.007257015812360874,0.03356637926275524,0.018033763764231138
282,0.14105000000000012,1.9412670927075824e-08,1608.2023044782193,0.39649851299029243,0.8989955670276639,0.696986701082992,0.520228943381404,0.05074206510290545,0.007257126246776924,0.03356803316609581,0.018035275553437913
283,0.14155000000000012,1.9382272889453497e-08,1608.091412728632,0.3968369693230891,0.8990522124390108,0.6971566373170323,0.520498009085301,0.05074766998020867,0.007257235879909565,0.03356967518057021,0.018036776578711843
284,0.14205000000000012,1.9352045901505833e-08,1607.9807458037105,0.39717504624180267,0.8991087943500924,0.6973263830502774,0.5207667731629393,0.05075323523486342,0.007257344717329067,0.03357130538719159,0.018038266911890935
285,0.14255000000000012,1.9321988429357658e-08,1607.8703022802044,0.3975127443840682,0.8991653128676266,0.6974959386028794,0.5210352361212257,0.050758761123955665,0.007257452764507695,0.03357292386554465,0.01803974662354301
286,0.14305000000000012,1.929209896001417e-08,1607.7600807458189,0.39785006438609266,0.899221768098091,0.6976653042942725,0.5213033984659314,0.050764247902915546,0.007257560026878222,0.03357453069466112,0.01804121578376533
287,0.14355000000000012,1.9262376001174873e-08,1607.6500797987112,0.3981870068826591,0.8992781601477253,0.6978344804431761,0.5215712607016956,0.05076969582559132,0.0072576665098354615,0.03357612595304234,0.01804267446220476
288,0.14405000000000012,1.923281807827518e-08,1607.5402980533227,0.39852357250713055,0.8993344891225322,0.698003467367597,0.5218388233320285,0.05077510514335139,0.007257772218718833,0.03357770971839733,0.018044122727817767
289,0.14455000000000012,1.9203423734326726e-08,1607.4307341398958,0.3988597618914539,0.8993907551282769,0.6981722653848305,0.5221060868593148,0.05078047610515517,0.007257877158813858,0.03357928206766468,0.0180455606488898
290,0.14505000000000012,1.9174191526993454e-08,1607.3213867103261,0.3991955756661639,0.8994469582704876,0.698340874811463,0.5223730517848165,0.050785808956652,0.007257981335334676,0.03358084307674979,0.018046988292794518
291,0.14555000000000012,1.914512003674419e-08,1607.2122544187146,0.3995310144603875,0.8995030986544582,0.6985092959633745,0.5226397186086762,0.050791103943161935,0.007258084753482383,0.03358239282139854,0.018048405726792158
292,0.14605000000000012,1.911620785838295e-08,1607.103335939888,0.39986607890184706,0.8995591763852465,0.6986775291557392,0.5229060878299203,0.05079636130683124,0.007258187418389562,0.03358393137636556,0.01804981301726845
293,0.14655000000000012,1.9087453603672778e-08,1606.9946299626201,0.4002007696168647,0.899615191567676,0.6988455747030282,0.5231721599464615,0.050801581287669394,0.00725828933514066,0.03358545881571883,0.018051210230012608
294,0.14705000000000013,1.9058855903936302e-08,1606.8861351828593,0.40053508723036624,0.8996711443063373,0.6990134329190124,0.5234379354551029,0.05080676412458563,0.007258390508792311,0.033586975213143896,0.01805259743049517
295,0.14755000000000013,1.9030413401650958e-08,1606.7778503222753,0.400869032365885,0.8997270347055876,0.6991811041167624,0.5237034148515404,0.0508119100525398,0.007258490944317826,0.03358848064111122,0.018053974683105777
296,0.14805000000000013,1.900212475856967e-08,1606.669774108846,0.4012026056455654,0.8997828628695507,0.699348588608652,0.5239685986303658,0.050817019305518886,0.007258590646665402,0.03358997517174804,0.018055342051950234
297,0.14855000000000013,1.8973988658294506e-08,1606.561905270101,0.40153580769016756,0.8998386289021202,0.6995158867063603,0.5242334872850704,0.05082209211757114,0.007258689620778371,0.033591458877141586,0.018056699601127577
298,0.14905000000000013,1.8946003786960528e-08,1606.4542425770148,0.4018686391190702,0.8998943329069574,0.6996829987208721,0.5244980813080474,0.05082712871606736,0.007258787871463826,0.03359293182736903,0.018058047392927015
299,0.14955000000000013,1.891816885503289e-08,1606.3467847929624,0.4022011005502752,0.8999499749874936,0.6998499249624812,0.5247623811905954,0.05083212932953209,0.0072588854035455135,0.03359439409278896,0.018059385489924123
300,0.15005000000000013,1.8890482591657547e-08,1606.239530685969,0.40253319260041115,0.9000055552469306,0.7000166657407922,0.525026387422921,0.050837094185760906,0.007258982221827167,0.033595845743491316,0.01806071395447718
301,0.15055000000000013,1.8862943730898298e-08,1606.1324790599726,0.40286491588473716,0.9000610737882406,0.7001832213647217,0.5252901004941426,0.050842023507020065,0.007259078330998991,0.03359728684789479,0.018062032847443107
302,0.15105000000000013,1.883555102798704e-08,1606.0256287164498,0.4031962710171467,0.9001165307141668,0.7003495921425004,0.5255535208922923,0.050846917515933766,0.007259173735752569,0.03359871747446908,0.01806334222975314
303,0.15155000000000013,1.8808303251010775e-08,1605.918978473024,0.4035272586101714,0.9001719261272254,0.700515778381676,0.5258166491043204,0.05085177643262564,0.007259268440725199,0.03360013769089988,0.018064642161648225
304,0.15205000000000013,1.8781199186219706e-08,1605.812527150424,0.40385787927498484,0.9002272601297047,0.7006817803891138,0.5260794856160967,0.05085660047671808,0.007259362450538957,0.03360154756467416,0.018065932703214303
305,0.15255000000000013,1.875423762705562e-08,1605.7062735974446,0.4041881336214061,0.9002825328236662,0.7008475984709989,0.5263420309124148,0.05086138986349912,0.007259455769726073,0.03360294716196061,0.01806721391335713
306,0.15305000000000013,1.8727417387591795e-08,1605.6002166589158,0.40451802225790384,0.9003377443109462,0.7010132329328388,0.5266042854769947,0.050866144808836104,0.007259548402824778,0.03360433654904657,0.018068485851117137
307,0.15355000000000013,1.870073729157627e-08,1605.4943552006782,0.40484754579159987,0.9003928946931549,0.7011786840794645,0.5268662497924853,0.050870865525340626,0.007259640354304649,0.033605715791217974,0.018069748574643767
308,0.15405000000000013,1.8674196175040072e-08,1605.3886881028955,0.40517670482827284,0.9004479840716774,0.7013439522150323,0.527127924340468,0.050875552223392496,0.0072597316285866595,0.033607084953059495,0.018071002141469776
309,0.15455000000000013,1.8647792891573787e-08,1605.2832142470377,0.405505499972362,0.9005030125476757,0.701509037643027,0.5273893096014594,0.05088020511313559,0.007259822230082119,0.03360844409903833,0.01807224660904535
310,0.15505000000000013,1.8621526306813962e-08,1605.1779325282089,0.405833931826971,0.9005579802220873,0.7016739406662617,0.5276504060549142,0.050884824402584086,0.0072599121631558685,0.03360979329295163,0.01807348203423182
311,0.15555000000000013,1.859539529565937e-08,1605.0728418611425,0.4061620009938712,0.9006128871956269,0.7018386615868809,0.5279112141792281,0.050889410296699675,0.0072600014321084,0.0336111325976578,0.018074708473055232
312,0.15605000000000013,1.856939875290583e-08,1604.9679411545333,0.40648970807350593,0.9006677335687875,0.7020032007063628,0.528171734451741,0.05089396300133008,0.007260090041252595,0.033612462076227485,0.018075925981759906
313,0.15655000000000013,1.854353557704022e-08,1604.8632293487167,0.4068170536649937,0.90072251944184,0.7021675583255199,0.5284319673487398,0.0508984827174229,0.007260177994801184,0.03361378179025448,0.018077134615261337
314,0.15705000000000013,1.8517804688899666e-08,1604.7587053710072,0.407144038366132,0.9007772449148337,0.7023317347445014,0.5286919133454606,0.050902969647880096,0.0072602652970002145,0.03361509180185808,0.018078334428979506
315,0.15755000000000013,1.8492205010159158e-08,1604.654368186058,0.407470662773401,0.9008319100875986,0.7024957302627955,0.5289515729160928,0.050907423989825056,0.007260351951978649,0.03361639217142577,0.018079525476771274
316,0.15805000000000013,1.846673548462344e-08,1604.5502167448708,0.40779692748196694,0.9008865150597435,0.7026595451792303,0.5292109465337813,0.05091184594242854,0.007260437963900709,0.03361768295989893,0.01808070781302336
317,0.15855000000000014,1.844139506209735e-08,1604.4462500225006,0.40812283308568603,0.9009410599306586,0.7028231797919762,0.529470034670629,0.05091623570111897,0.0072605233368532975,0.033618964227083076,0.018081881491104426
318,0.15905000000000014,1.841618270364382e-08,1604.342467005082,0.40844838017710805,0.9009955447995159,0.702986634398548,0.529728837797701,0.050920593459572124,0.007260608074884789,0.03362023603222955,0.018083046563897396
319,0.15955000000000014,1.839109738945189e-08,1604.2388666705276,0.4087735693474796,0.9010499697652686,0.7031499092958058,0.5299873563850257,0.050924919412673,0.0072606921820626835,0.033621498434900435,0.018084203084591577
320,0.16005000000000014,1.8366138102795424e-08,1604.1354480262453,0.40909840118674806,0.9011043349266523,0.7033130047799572,0.5302455909015988,0.05092921375072346,0.007260775662361031,0.03362275149327874,0.01808535110513428
321,0.16055000000000014,1.834130384058215e-08,1604.0322100835099,0.40942287628356494,0.9011586403821867,0.7034759211465599,0.5305035418153863,0.05093347666337531,0.007260858519736994,0.033623995265316904,0.018086490677282602
322,0.16105000000000014,1.8316593613247748e-08,1603.9291518571806,0.40974699522528957,0.901212886230174,0.703638658690522,0.5307612095933265,0.050937708339672524,0.007260940758131711,0.03362522980874964,0.018087621852614928
323,0.16155000000000014,1.8292006436735096e-08,1603.826272384424,0.41007075859799247,0.9012670725687016,0.7038012177061049,0.531018594701333,0.05094190896517442,0.007261022381414451,0.033626455180255234,0.018088744681762154
324,0.16205000000000014,1.8267541342985072e-08,1603.7235706991016,0.41039416698645914,0.9013211994956416,0.7039635984869251,0.531275697604298,0.050946078725887405,0.007261103393459096,0.03362767143660313,0.01808985921545892
325,0.16255000000000014,1.824319737192142e-08,1603.621045850502,0.4107172209741933,0.9013752671086517,0.7041258013259549,0.5315325187660951,0.05095021780538694,0.007261183798088256,0.033628878633815036,0.018090965503774536
326,0.16305000000000014,1.8218973574013056e-08,1603.5186968967387,0.4110399211434205,0.9014292755051749,0.7042878265155249,0.5317890586495811,0.050954326385829925,0.0072612635990930196,0.0336300768274607,0.018092063596383812
327,0.16355000000000014,1.8194869015440864e-08,1603.4165228918193,0.4113622680750917,0.9014832247824422,0.7044496743473264,0.5320453177166001,0.05095840464993921,0.007261342800271542,0.033631266073237215,0.01809315354309765
328,0.16405000000000014,1.8170882759632812e-08,1603.3145229297288,0.4116842623488869,0.9015371150374707,0.704611345112412,0.5323012964279854,0.050962452774232704,0.007261421405297613,0.033632446424995174,0.018094235392053716
329,0.16455000000000014,1.8147013896065495e-08,1603.2126960744922,0.41200590454321806,0.9015909463670657,0.7047728391011973,0.5325569952435625,0.050966470939761636,0.007261499417929248,0.03363361793787044,0.018095309192586496
330,0.16505000000000014,1.8123261511323238e-08,1603.1110414296054,0.4123271952352331,0.9016447188678214,0.7049341566034644,0.5328124146221518,0.050970459321447496,0.007261576841801684,0.03363478066517549,0.0180963749923778
331,0.16555000000000014,1.8099624704770855e-08,1603.0095580997781,0.41264813500081926,0.9016984326361205,0.7050952979083612,0.5330675550215718,0.0509744180939554,0.007261653680541493,0.03363593466011258,0.018097432839026675
332,0.16605000000000014,1.807610259367358e-08,1602.9082451780243,0.41296872441460625,0.9017520877681349,0.7052562633044047,0.5333224168986409,0.050978347433675845,0.007261729937805078,0.033637079976351764,0.018098482780579045
333,0.16655000000000014,1.8052694292236314e-08,1602.807101796094,0.41328896404997,0.9018056843598278,0.7054170530794829,0.5335770007091812,0.05098224751097839,0.007261805617128383,0.03363821666577338,0.018099524863458047
334,0.16705000000000014,1.8029398932418302e-08,1602.7061270735642,0.4136088544790361,0.9018592225069517,0.705577667520855,0.5338313069080204,0.05098611849802888,0.007261880722078668,0.03363934478074725,0.01810055913455307
335,0.16755000000000014,1.8006215653417774e-08,1602.6053201429406,0.41392839627268274,0.9019127023050514,0.7057381069151545,0.5340853359489947,0.05098996056493314,0.007261955256179715,0.033640464373009105,0.0181015856401895
336,0.16805000000000014,1.79831436016145e-08,1602.5046801494289,0.4142475900005447,0.9019661238494635,0.7058983715483906,0.5343390882849518,0.050993773879771255,0.007262029222912552,0.0336415754936711,0.01810260442613812
337,0.16855000000000014,1.7960181935694488e-08,1602.4042062380413,0.41456643623101636,0.9020194872353167,0.7060584617059498,0.5345925643677536,0.050997558610576615,0.007262102625753898,0.03364267819379902,0.01810361553814404
338,0.16905000000000014,1.793732982138595e-08,1602.3038975660393,0.41488493553125516,0.9020727925575321,0.7062183776725967,0.5348457646482782,0.0510013149234238,0.007262175468139118,0.03364377252385559,0.018104619021416024
339,0.16955000000000015,1.7914586428819935e-08,1602.203753309046,0.41520308846718507,0.9021260399108261,0.7063781197324779,0.5350986895764233,0.05100504298148878,0.007262247753444055,0.03364485853342719,0.018105614920375664
340,0.17005000000000015,1.789195094539636e-08,1602.1037726291675,0.4155208956034999,0.9021792293897072,0.7065376881691213,0.5353513396011087,0.05100874294994433,0.007262319485080011,0.03364593627265048,0.018106603279965303
341,0.17055000000000015,1.7869422562776778e-08,1602.00395470644,0.4158383575036663,0.9022323610884796,0.7066970832654391,0.5356037151702787,0.0510124149911287,0.0072623906664000945,0.03364700579080533,0.018107584144357577
342,0.17105000000000015,1.784700047942195e-08,1601.9042987322894,0.4161554747299278,0.902285435101243,0.7068563053037294,0.535855816730905,0.05101605926554974,0.007262461300718759,0.03364806713660788,0.018108557557223844
343,0.17155000000000015,1.7824683900539377e-08,1601.8048039093196,0.41647224784330755,0.9023384515218925,0.7070153545656775,0.5361076447289893,0.051019675931915885,0.00726253139131245,0.033649120358220104,0.018109523561742703
344,0.17205000000000015,1.7802472048302905e-08,1601.7054694257865,0.4167886774036116,0.902391410444119,0.7071742313323572,0.5363591996095657,0.05102326515105667,0.007262600941495629,0.03365016550439184,0.01811048220164727
345,0.17255000000000015,1.7780364143784595e-08,1601.6062944997127,0.4171047639694326,0.9024443119614114,0.707332935884234,0.5366104818167037,0.05102682707914531,0.007262669954489463,0.03365120262248757,0.018111433519415125
346,0.17305000000000015,1.7758359419759784e-08,1601.5072783470346,0.41742050809815295,0.902497156167055,0.7074914685011647,0.5368614917935107,0.05103036187259083,0.007262738433516694,0.03365223175991152,0.018112377557575186
347,0.17355000000000015,1.7736457115508637e-08,1601.4084201940673,0.41773591034594776,0.9025499431541334,0.7076498294624005,0.5371122299821343,0.05103386968612244,0.007262806381764549,0.03365325296355026,0.0181133143581962
348,0.17405000000000015,1.7714656481877255e-08,1601.309719264652,0.41805097126778856,0.9026026730155294,0.7078080190465884,0.5373626968237649,0.05103735067476307,0.007262873802423011,0.03365426628034761,0.01811424396341397
349,0.17455000000000015,1.769295677098939e-08,1601.2111748052846,0.4183656914174464,0.9026553458439242,0.7079660375317723,0.5376128927586394,0.05104080498996852,0.007262940698610089,0.03365527175618114,0.018115166414400443
350,0.17505000000000015,1.7671357246425487e-08,1601.1127860596096,0.4186800713474948,0.9027079617317982,0.7081238851953948,0.5378628182260419,0.05104423278354484,0.0072630070734477315,0.03365626943700298,0.01811608175241007
351,0.17555000000000015,1.764985718314386e-08,1601.014552268236,0.41899411160931344,0.9027605207714333,0.7082815623142996,0.5381124736643077,0.05104763420767565,0.007263072930062378,0.03365725936884798,0.018116990018787166
352,0.17605000000000015,1.762845585468938e-08,1600.9164727001998,0.41930781275309115,0.9028130230549107,0.7084390691647321,0.5383618595108256,0.0510510094100887,0.007263138271491423,0.03365824159642742,0.018117891253675397
353,0.17655000000000015,1.7607152545891746e-08,1600.8185466211391,0.4196211753278291,0.9028654686741135,0.708596406022341,0.5386109762020399,0.05105435853894373,0.007263203100777897,0.033659216164552,0.018118785497323188
354,0.17705000000000015,1.7585946552788778e-08,1600.7207732931183,0.41993419988134406,0.902917857720727,0.7087535731621811,0.5388598241734535,0.05105768174285864,0.007263267420970994,0.03366018311813968,0.018119672790090777
355,0.17755000000000015,1.756483717241668e-08,1600.6231519997657,0.4202468869602718,0.902970190286238,0.7089105708587139,0.5391084038596303,0.05106097916704764,0.007263331235051366,0.033661142501092325,0.018120553171419234
356,0.17805000000000015,1.754382371038735e-08,1600.5256820271159,0.42055923711006954,0.9030224664619363,0.709067399385809,0.5393567156941975,0.051064250956263296,0.007263394545988112,0.033662094357152214,0.018121426680616174
357,0.17855000000000015,1.7522905483356404e-08,1600.428362657116,0.4208712508750202,0.9030746863389156,0.7092240590167466,0.5396047601098487,0.051067497255793556,0.007263457356758093,0.033663038730192336,0.018122293357122052
358,0.17905000000000015,1.7502081808851762e-08,1600.3311931927624,0.4211829287982348,0.9031268500080729,0.7093805500242184,0.5398525375383457,0.05107071820759969,0.007263519670271248,0.033663975663093246,0.018123153239479207
359,0.17955000000000015,1.748135201282498e-08,1600.2341729389566,0.4214942714216557,0.9031789575601097,0.7095368726803292,0.5401000484105213,0.05107391395325667,0.007263581489427524,0.03366490519859884,0.018124006366117048
360,0.18005000000000015,1.7460715432112007e-08,1600.1373011960175,0.42180527928605993,0.903231009085533,0.7096930272565992,0.5403472931562819,0.05107708463494898,0.00726364281713617,0.033665827379606265,0.018124852775617997
361,0.18055000000000015,1.7440171404299527e-08,1600.0405772848217,0.42211595293106235,0.9032830046746548,0.7098490140239645,0.5405942722046103,0.05108023039160832,0.007263703656241057,0.033666742248042864,0.018125692505686557
362,0.18105000000000016,1.7419719275250622e-08,1599.9440005276685,0.42242629289511846,0.903334944417593,0.7100048332527791,0.540840985983567,0.05108335136185242,0.007263764009577572,0.03366764984572137,0.018126525593934
363,0.18155000000000016,1.739935839904879e-08,1599.847570248126,0.4227362997155279,0.9033868284042725,0.7101604852128174,0.5410874349202942,0.05108644768400833,0.007263823879973086,0.033668550214346844,0.018127352077884677
364,0.18205000000000016,1.7379088135436013e-08,1599.7512857771997,0.4230459739284374,0.9034386567244248,0.7103159701732741,0.5413336194410172,0.051089519495164076,0.007263883270228653,0.03366944339524132,0.018128171994723007
365,0.18255000000000016,1.735890785227634e-08,1599.6551464468594,0.4233553160688436,0.9034904294675888,0.7104712884027666,0.5415795399710471,0.05109256693216281,0.007263942183138264,0.03367032942963309,0.01812898538155896
366,0.18305000000000016,1.7338816915498496e-08,1599.5591516151733,0.42366432667059645,0.9035421467231123,0.7106264401693372,0.5418251969347838,0.05109559012774085,0.0072640006214142174,0.03367120835753424,0.01812979227439738
367,0.18355000000000016,1.731881470658544e-08,1599.4633006219117,0.42397300626640255,0.9035938085801511,0.7107814257404532,0.5420705907557175,0.05109858921734813,0.007264058587819011,0.033672080219723975,0.018130592709958586
368,0.18405000000000016,1.7298900607507527e-08,1599.367592826325,0.4242813553878273,0.9036454151276697,0.7109362453830095,0.5423157218564317,0.05110156433334337,0.007264116085053155,0.033672945056061186,0.018131386724129107
369,0.18455000000000016,1.7279074008189458e-08,1599.27202758804,0.4245893745652988,0.9036969664544434,0.71109089936333,0.5425605906586057,0.051104515607928995,0.007264173115811933,0.03367380290633807,0.018132174352745164
370,0.18505000000000016,1.725933430645795e-08,1599.176604266919,0.42489706432811086,0.9037484626490563,0.7112453879471687,0.542805197583017,0.05110744317317236,0.007264229682785842,0.033674653810286476,0.018132955631598408
371,0.18555000000000016,1.723968090053068e-08,1599.081322241875,0.42520442520442525,0.9037999037999037,0.7113997113997114,0.5430495430495431,0.051110347158114584,0.007264285788604755,0.033675497806737925,0.018133730595664487
372,0.18605000000000016,1.722011319894203e-08,1598.9861808854578,0.42551145772127563,0.9038512899951925,0.7115538699855778,0.5432936274771647,0.051113227692674554,0.007264341435913388,0.03367633493475859,0.018134499280145027
373,0.18655000000000016,1.720063061303568e-08,1598.891179582673,0.42581816240457004,0.9039026213229406,0.7117078639688219,0.5435374512839678,0.05111608490475741,0.007264396627315461,0.03367716523280919,0.018135261719696077
374,0.18705000000000016,1.7181232564376337e-08,1598.7963177118982,0.42612453977909404,0.903953897870978,0.7118616936129342,0.5437810148871459,0.051118918923186374,0.0072644513654303655,0.03367798873959727,0.018136017949210624
375,0.18755000000000016,1.7161918472309905e-08,1598.7015946763274,0.4264305903685137,0.904005119726948,0.7120153591808438,0.5440243187030025,0.05112172987287083,0.007264505652799858,0.0336788054926734,0.018136768002529297
376,0.18805000000000016,1.7142687768804276e-08,1598.607009865947,0.4267363146953788,0.9040562869783062,0.7121688609349183,0.5442673631469539,0.051124517880648444,0.00726455949200093,0.03367961553012902,0.018137511913999413
377,0.18855000000000016,1.7123539886024256e-08,1598.512562688982,0.4270417132811252,0.9041073997123221,0.7123221991369666,0.5445101486335305,0.051127283070453146,0.007264612885552517,0.03368041888919272,0.01813824971718573
378,0.18905000000000016,1.710447426619203e-08,1598.4182525465112,0.4273467866460785,0.90415845801608,0.7124753740482404,0.5447526755763804,0.05113002556721518,0.00726466583599083,0.03368121560736364,0.018138981445911192
379,0.18955000000000016,1.7085490354132793e-08,1598.3240788512821,0.42765153530945677,0.9042094619764782,0.7126283859294344,0.5449949443882711,0.05113274549396983,0.0072647183458135626,0.03368200572157167,0.018139707133485554
380,0.19005000000000016,1.7066587599715934e-08,1598.2300410212752,0.42795595978937295,0.9042604116802297,0.7127812350406894,0.5452369554810915,0.051135442972846445,0.007264770417499013,0.03368278926846513,0.01814042681296942
381,0.19055000000000016,1.70477654578213e-08,1598.1361384795757,0.4282600606028388,0.9043113072138643,0.7129339216415927,0.5454787092658551,0.05113811812508707,0.007264822053506467,0.03368356628441639,0.018141140517179286
382,0.19105000000000016,1.7029023388305917e-08,1598.042370654257,0.42856383826576705,0.9043621486637268,0.7130864459911802,0.5457202061527019,0.05114077107106488,0.007264873256276589,0.03368433680552751,0.018141848278692592
383,0.19155000000000016,1.7010360858424254e-08,1597.9487369719482,0.4288672932929744,0.904412936115979,0.7132388083479368,0.5459614465509002,0.051143401931271676,0.007264924028250496,0.03368510086791725,0.01814255013011122
384,0.19205000000000017,1.699177733543037e-08,1597.8552368766475,0.42917042619818485,0.9044636696565999,0.7133910089698,0.5462024308688499,0.0511460108234275,0.007264974371814007,0.0336858585068819,0.01814324610329055
385,0.19255000000000017,1.697327229881202e-08,1597.7618697980581,0.4294732374940322,0.9045143493713862,0.7135430481141586,0.5464431595140842,0.05114859786734509,0.007265024289391538,0.03368660975830821,0.018143936230637227
386,0.19305000000000017,1.6954845227992393e-08,1597.6686351830201,0.42977572769206307,0.9045649753459519,0.7136949260378559,0.5466836328932719,0.05115116318010058,0.007265073783352935,0.033687354657271136,0.01814462054382093
387,0.19355000000000017,1.6936495604767786e-08,1597.5755324890827,0.4300778973027397,0.9046155476657306,0.7138466429971915,0.5469238514122199,0.05115370687702079,0.007265122856032558,0.03368809323832089,0.01814529907403791
388,0.19405000000000017,1.69182229206093e-08,1597.4825611654717,0.4303797468354431,0.9046660664159738,0.7139981992479213,0.5471638154758753,0.051156229074607144,0.007265171509785717,0.03368882553633216,0.018145971852791026
389,0.19455000000000017,1.690002667173079e-08,1597.3897206655981,0.4306812767984755,0.9047165316817531,0.7141495950452597,0.5474035254883278,0.05115872988861394,0.007265219746951607,0.03368955158594625,0.018146638911377175
390,0.19505000000000017,1.6881906354188923e-08,1597.297010459554,0.43098248769906355,0.9047669435479604,0.7143008306438814,0.547642981852812,0.051161209432127985,0.007265267569816301,0.03369027142101383,0.018147300280375176
391,0.19555000000000017,1.6863861471175193e-08,1597.2044300150883,0.4312833800433611,0.9048173020993073,0.714451906297922,0.5478821849717097,0.051163667818491264,0.007265314980669148,0.03369098507544375,0.018147955990425464
392,0.19605000000000017,1.6845891532972744e-08,1597.1119787975083,0.43158395433645164,0.9048676074203266,0.7146028222609798,0.5481211352465515,0.05116610516131656,0.00726536198180309,0.033691692583207644,0.018148606072234303
393,0.19655000000000017,1.6827996049633023e-08,1597.0196562884767,0.43188421108235175,0.9049178595953727,0.7147535787861181,0.5483598330780202,0.05116852157159841,0.007265408575458966,0.03369239397750155,0.01814925055580329
394,0.19705000000000017,1.681017453824508e-08,1596.9274619670036,0.4321841507840136,0.9049680587086216,0.7149041761258647,0.5485982788659522,0.05117091716063403,0.0072654547638818755,0.03369308929159404,0.018149889471208557
395,0.19755000000000017,1.6792426522893482e-08,1596.8353953093476,0.4324837739433276,0.9050182048440715,0.7150546145322146,0.5488364730093399,0.051173292040038315,0.007265500549321467,0.033693778558830684,0.018150522848604782
396,0.19805000000000017,1.6774751524939894e-08,1596.7434558141108,0.4327830810611255,0.9050682980855439,0.7152048942566321,0.5490744159063341,0.051175646317887624,0.007265545933957625,0.03369446181151504,0.01815115071719686
397,0.19855000000000017,1.6757149075115984e-08,1596.6516429706421,0.4330820726371832,0.9051183385166834,0.7153550155500502,0.549312107954246,0.051177980103574876,0.007265590919994092,0.03369513908231804,0.01815177310653481
398,0.19905000000000017,1.673961870864135e-08,1596.5599562715397,0.4333807491702229,0.9051683262209578,0.7155049786628734,0.5495495495495496,0.05118029350588823,0.0072656355096214495,0.03369581040372051,0.018152390046001457
399,0.19955000000000017,1.6722159965195503e-08,1596.4683952125536,0.43367911115791696,0.9052182612816598,0.7156547838449793,0.5497867410878837,0.05118258663302593,0.007265679705017411,0.033696475808017615,0.018153001564816446
400,0.20005000000000017,1.6704772381662967e-08,1596.3769593113736,0.4339771590968897,0.9052681437819063,0.7158044313457188,0.5500236829640546,0.05118485958970945,0.007265723508291223,0.03369713532648147,0.018153607691266487
401,0.20055000000000017,1.6687455508989243e-08,1596.2856480634682,0.4342748934827206,0.9053179738046394,0.7159539214139182,0.5502603755720373,0.05118711248396901,0.00726576692161445,0.033697788991330246,0.01815420845451495
402,0.20105000000000017,1.667020889287099e-08,1596.194460992349,0.43457231480994696,0.905367751432627,0.7161032542978814,0.5504968193049787,0.05118934541942012,0.007265809947072148,0.03369843683348731,0.018154803882542356
403,0.20155000000000017,1.6653032090589886e-08,1596.1033976054184,0.4348694235720667,0.9054174767484632,0.7162524302453892,0.5507330145551995,0.05119155850204752,0.007265852586793622,0.033699078884549774,0.01815539400395542
404,0.20205000000000017,1.663592466135224e-08,1596.0124574190584,0.43516622026154095,0.9054671498345674,0.7164014495037025,0.5509689617141957,0.05119375183635058,0.007265894842878159,0.03369971517567027,0.018155978846959315
405,0.20255000000000017,1.661888616387824e-08,1595.9216399648226,0.4354627053697969,0.9055167707731878,0.7165503123195633,0.5512046611726419,0.05119592552439137,0.007265936717376713,0.033700345737281,0.01815655843910389
406,0.20305000000000017,1.660191616597702e-08,1595.8309447641861,0.43575887938723057,0.9055663396463985,0.7166990189391953,0.5514401133203926,0.051198079669674636,0.007265978212366677,0.03370097060021958,0.018157132808318342
407,0.20355000000000018,1.658501423732088e-08,1595.7403713473293,0.4360547428032091,0.9056158565361019,0.7168475696083058,0.5516753185464842,0.05120021437426145,0.007266019329896295,0.033701589794891795,0.01815770198214166
408,0.20405000000000018,1.656817994943175e-08,1595.6499192530487,0.4363502961060741,0.9056653215240291,0.7169959645720875,0.5519102772391384,0.0512023297387831,0.007266060071984941,0.033702203351275904,0.0181582659877264
409,0.20455000000000018,1.6551412880441537e-08,1595.5595880160936,0.43664553978314397,0.9057147346917397,0.7171442040752188,0.552144989785763,0.051204425864386456,0.007266100440660624,0.03370281129948706,0.018158824852357446
410,0.20505000000000018,1.6534712610285753e-08,1595.4693771796597,0.43694047432071625,0.9057640961206219,0.7172922883618659,0.5523794565729544,0.051206502850814864,0.007266140437923029,0.03370341366922082,0.018159378602940403
411,0.20555000000000018,1.6518078723072552e-08,1595.379286289013,0.43723510020407097,0.9058134058918949,0.7174402176756842,0.5526136779865,0.05120856079738705,0.007266180065762392,0.033704010490037246,0.018159927266262657
412,0.20605000000000018,1.6501510809437526e-08,1595.2893148851315,0.437529417917473,0.9058626640866064,0.7175879922598192,0.5528476544113803,0.05121059980397502,0.007266219326178347,0.03370460179164468,0.018160470869254146
413,0.20655000000000018,1.6485008456998046e-08,1595.19946252975,0.43782342794417445,0.9059118707856358,0.7177356123569076,0.5530813862317705,0.051212619967155,0.0072662582211058275,0.033705187602783654,0.018161009437961267
414,0.20705000000000018,1.6468571264613962e-08,1595.1097287675868,0.4381171307664177,0.9059610260696933,0.71788307820908,0.5533148738310434,0.05121462138601205,0.0072662967525268475,0.03370576795291034,0.018161542999094428
415,0.20755000000000018,1.6452198828092633e-08,1595.0201131639537,0.4384105268654379,0.9060101300193203,0.7180303900579605,0.5535481175917708,0.05121660415636078,0.0072663349223592456,0.03370634287052085,0.018162071578487402
416,0.20805000000000018,1.6435890747310928e-08,1594.93061528583,0.4387036167214656,0.9060591827148896,0.7181775481446688,0.5537811178957257,0.051218568373653704,0.007266372732512705,0.03370691238399474,0.01816259520187275
417,0.20855000000000018,1.6419646633294877e-08,1594.8412346829548,0.4389964008137291,0.9061081842366074,0.7183245527098222,0.5540138751238851,0.05122051413588647,0.007266410184944681,0.033707476522437496,0.01816311389565633
418,0.20905000000000018,1.6403466089237056e-08,1594.7519709379728,0.4392888796204578,0.9061571346645119,0.7184714039935354,0.5542463896564309,0.05122244153589247,0.007266447281512098,0.033708035313446606,0.018163627684863265
419,0.20955000000000018,1.6387348729436946e-08,1594.662823616138,0.43958105361888394,0.9062060340784742,0.7186181022354229,0.554478661872753,0.05122435066907174,0.007266484024120141,0.03370858878535255,0.01816413659519836
420,0.21005000000000018,1.637129416979943e-08,1594.5737922903475,0.4398729232852456,0.9062548825582001,0.7187646476746004,0.5547106921514505,0.05122624162954381,0.007266520414648212,0.03370913696610356,0.018164640652020614
421,0.21055000000000018,1.6355302025464987e-08,1594.4848765473378,0.44016448909478956,0.9063036801832285,0.7189110405496852,0.5549424808703348,0.051228114509196045,0.007266556454931639,0.03370967988298993,0.018165139880089595
422,0.21105000000000018,1.633937192259105e-08,1594.3960759562458,0.44045575152177313,0.9063524270329326,0.7190572810987982,0.5551740284064305,0.0512299694025145,0.007266592146854655,0.03371021756404456,0.01816563430485322
423,0.21155000000000018,1.632350348181752e-08,1594.307390112444,0.44074671103946755,0.9064011231865219,0.7192033695595653,0.5554053351359785,0.05123180639984816,0.007266627492220794,0.0337107500360905,0.018166123950652344
424,0.21205000000000018,1.6307696332400033e-08,1594.2188185998355,0.44103736812016014,0.9064497687230394,0.7193493061691182,0.5556364014344369,0.05123362559320284,0.007266662492864396,0.03371127732642065,0.018166608842265227
425,0.21255000000000018,1.6291950107466166e-08,1594.1303610033326,0.4413277232351567,0.906498363721365,0.7194950911640954,0.5558672276764844,0.051235427074323915,0.007266697150613729,0.033711799462242086,0.01816708900439649
426,0.21305000000000018,1.6276264439299332e-08,1594.0420169213198,0.4416177768547843,0.9065469082602149,0.7196407247806449,0.556097814236021,0.051237210932781045,0.007266731467254146,0.03371231647012105,0.018167564461166706
427,0.21355000000000018,1.6260638966374096e-08,1593.9537859467823,0.44190752944839407,0.9065954024181414,0.7197862072544239,0.556328161486171,0.05123897725886851,0.007266765444583912,0.033712828376823774,0.0181680352368855
428,0.21405000000000018,1.6245073326295548e-08,1593.8656676860337,0.4421969814843629,0.9066438462735334,0.7199315388206006,0.5565582697992844,0.05124072614072702,0.007266799084358844,0.03371333520848244,0.01816850135528447
429,0.21455000000000019,1.6229567162821274e-08,1593.7776617398536,0.44248613343009696,0.9066922399046189,0.7200767197138562,0.5567881395469391,0.05124245766724271,0.007266832388348084,0.033713836991435424,0.018168962840289907
430,0.21505000000000019,1.6214120125828843e-08,1593.689767703427,0.44277498575203367,0.9067405833894618,0.7202217501683852,0.5570177710999431,0.051244171928056234,0.007266865358334295,0.033714333752230104,0.01816941971602526
431,0.21555000000000019,1.6198731859604285e-08,1593.6019851975898,0.443063538915644,0.9067888768059654,0.7203666304178965,0.5572471648283362,0.05124586900876193,0.00726689799602133,0.03371482551623171,0.018169872005531662
432,0.2160500000000002,1.6183402019201174e-08,1593.5143138249261,0.44335179338543557,0.906837120231872,0.7205113606956163,0.5574763211013923,0.051247548997653714,0.007266930303163989,0.03371531230957832,0.018170319732565915
433,0.2165500000000002,1.6168130258729375e-08,1593.4267532010158,0.44363974962495484,0.9068853137447624,0.720655941234287,0.557705240287621,0.051249211980924046,0.007266962281475701,0.033715794157789775,0.018170762920320948
434,0.2170500000000002,1.6152916236015052e-08,1593.339302941846,0.44392740809678927,0.9069334574220567,0.7208003722661703,0.5579339227547697,0.051250858044598106,0.007266993932665735,0.03371627108632823,0.018171201591941372
435,0.2175500000000002,1.613775961025321e-08,1593.2519626700064,0.4442147692625705,0.9069815513410161,0.720944654023048,0.5581623688698258,0.051252487273582004,0.007267025258420903,0.03371674312032254,0.018171635770269888
436,0.2180500000000002,1.6122660044323172e-08,1593.16473200837,0.4445018335829762,0.9070295955787409,0.7210887867362225,0.5583905789990188,0.051254099752634105,0.0072670562604242595,0.03371721028484978,0.01817206547810617
437,0.2185500000000002,1.6107617204768506e-08,1593.0776105800326,0.44478860151773275,0.9070775902121728,0.7212327706365185,0.5586185535078211,0.051255695566374194,0.007267086940355281,0.03371767260493806,0.018172490738209368
438,0.2190500000000002,1.6092630761777045e-08,1592.9905980082553,0.4450750735256179,0.9071255353180949,0.7213766059542852,0.5588462927609514,0.051257274799292527,0.007267117299890056,0.03371813010556916,0.018172911573300542
439,0.2195500000000002,1.6077700384524437e-08,1592.9036939289092,0.445361250064463,0.907173430973132,0.7215202929193957,0.5590737971223765,0.05125883753383796,0.007267147340664538,0.033718582811124886,0.018173328005553258
440,0.2200500000000002,1.6062825750440907e-08,1592.8168979654063,0.44564713159115515,0.9072212772537498,0.7216638317612494,0.5593010669553117,0.051260383854269724,0.007267177064348609,0.033719030746502926,0.01817374005762003
441,0.2205500000000002,1.604800653128589e-08,1592.7302097661466,0.44593271856164035,0.9072690742362579,0.7218072227087734,0.5595281026222245,0.05126191384090389,0.007267206472535483,0.033719473935450314,0.0181741477510992
442,0.2210500000000002,1.603324240935508e-08,1592.643628960709,0.4462180114309254,0.9073168219968076,0.7219504659904229,0.5597549044848361,0.05126342757684494,0.0072672355668711285,0.033719912402513534,0.018174551108328767
443,0.2215500000000002,1.6018533063570328e-08,1592.5571551972898,0.44650301065308023,0.907364520611394,0.7220935618341825,0.5599814729041224,0.05126492514223341,0.007267264348943693,0.03372034617137233,0.018174950150853606
444,0.2220500000000002,1.600387818333869e-08,1592.4707881051615,0.44678771668124073,0.9074121701558561,0.7222365104675686,0.5602078082403169,0.05126640662001403,0.007267292820394392,0.033720775266510544,0.01817534490096249
445,0.2225500000000002,1.598927745005713e-08,1592.3845273445866,0.44707212996761103,0.9074597707058764,0.7223793121176291,0.5604339108529125,0.05126787208826701,0.0072673209827701256,0.033721199710995076,0.018175735379644762
446,0.2230500000000002,1.5974730557877838e-08,1592.2983725505542,0.4473562509634655,0.9075073223369816,0.722521967010945,0.560659781100663,0.05126932162885276,0.007267348837689635,0.03372161952897982,0.018176121608893793
447,0.2235500000000002,1.596023719523655e-08,1592.2123233826787,0.44764008011915163,0.9075548251245443,0.7226644753736327,0.560885419341585,0.051270755319745204,0.007267376386696168,0.03372203474348521,0.018176503609664225
448,0.2240500000000002,1.594579705637241e-08,1592.1263794939273,0.4479236178840923,0.9076022791437812,0.7228068374313434,0.5611108259329605,0.051272173239837064,0.007267403631349844,0.03372244537779016,0.018176881403152392
449,0.2245500000000002,1.5931409839002016e-08,1592.0405405368126,0.44820686470678783,0.9076496844697552,0.7229490534092659,0.5613360012313376,0.05127357546798833,0.007267430573209373,0.03372285145515646,0.018177255010542803
450,0.2250500000000002,1.5917075244301203e-08,1591.9548061633454,0.44848982103481877,0.9076970411773755,0.7230911235321267,0.5615609455925338,0.05127496208303405,0.007267457213832209,0.03372325299883119,0.01817762445301027
451,0.2255500000000002,1.5902792970007854e-08,1591.8691760436866,0.44877248731484815,0.9077443493413972,0.7232330480241916,0.5617856593716366,0.051276333160918126,0.0072674835547194986,0.033723650031216766,0.018177989750956285
452,0.2260500000000002,1.5888562719598975e-08,1591.783649841147,0.4490548639926234,0.9077916090364223,0.7233748271092669,0.5620101429230061,0.051277688778535155,0.007267509597389911,0.03372404257498364,0.018178350925032664
453,0.2265500000000002,1.5874384204551562e-08,1591.6982272059129,0.4493369515129794,0.9078388203369004,0.723516461010701,0.5622343966002765,0.05127902901469456,0.00726753534339815,0.03372443065334949,0.018178707996398445
454,0.2270500000000002,1.5860257128296038e-08,1591.6129078186284,0.44961875031984044,0.9078859833171282,0.7236579499513844,0.5624584207563585,0.05128035394342436,0.00726756079420634,0.033724814288140344,0.018179060984935862
455,0.2275500000000002,1.584618120224403e-08,1591.5276913467076,0.44990026085622226,0.9079330980512506,0.7237992941537518,0.5626822157434404,0.05128166364068388,0.00726758595131298,0.03372519350173446,0.01817940991103885
456,0.2280500000000002,1.5832156141184807e-08,1591.4425774567594,0.450181483564235,0.907980164613261,0.7239404938397833,0.5629057819129901,0.05128295818245495,0.007267610816216289,0.03372556831650963,0.018179754795104495
457,0.2285500000000002,1.581818165870642e-08,1591.3575658269958,0.4504624188850852,0.9080271830770018,0.7240815492310052,0.5631291196157581,0.05128423764283576,0.0072676353903776015,0.0337259387542914,0.01818009565702527
458,0.2290500000000002,1.5804257471756393e-08,1591.2726561347206,0.45074306725907776,0.9080741535161636,0.7242224605484909,0.5633522292017773,0.05128550209596304,0.007267659675258297,0.033726304836909735,0.018180432516701144
459,0.2295500000000002,1.5790383302901474e-08,1591.1878480500632,0.45102342912561894,0.9081210760042878,0.7243632280128631,0.5635751110203665,0.05128675161697524,0.007267683672338307,0.03372666658647791,0.018180765394296246
460,0.2300500000000002,1.5776558868926675e-08,1591.1031412670523,0.4513035049232183,0.9081679506147646,0.7245038518442938,0.5637977654201317,0.05128798627723828,0.007267707383024433,0.03372702402401043,0.01818109430896698
461,0.2305500000000002,1.5762783899041035e-08,1591.0185354537775,0.4515832950894907,0.9082147774208352,0.7246443322625057,0.5640201927489675,0.05128920615200325,0.0072677308087974206,0.03372737717164004,0.018181419280902115
462,0.2310500000000002,1.574905811665441e-08,1590.934030302133,0.45186280006115903,0.9082615564955914,0.7247846694867744,0.5642423933540595,0.05129041131276388,0.007267753951065198,0.033727726050405304,0.018181740329286846
463,0.2315500000000002,1.5735381250744967e-08,1590.8496254966528,0.4521420202740564,0.908308287911976,0.724924863735928,0.5644643675818859,0.05129160183204467,0.007267776811254834,0.03372807068163682,0.018182057473578365
464,0.2320500000000002,1.572175302903216e-08,1590.7653207331307,0.4524209561631282,0.9083549717427829,0.7250649152283488,0.5646861157782191,0.05129277778054073,0.007267799390757633,0.03372841108612941,0.018182370732743987
465,0.2325500000000002,1.570817318703985e-08,1590.6811156937,0.45269960816243454,0.9084016080606586,0.7252048241819755,0.5649076382881278,0.05129393923094632,0.007267821691002642,0.03372874728525033,0.018182680126281048
466,0.2330500000000002,1.5694641456745567e-08,1590.5970100778788,0.45297797670515244,0.9084481969381009,0.7253445908143026,0.565128935455979,0.05129508625318548,0.007267843713365096,0.03372907929955888,0.018182985672946444
467,0.2335500000000002,1.568115757563791e-08,1590.5130035776594,0.45325606222357795,0.9084947384474606,0.7254842153423822,0.5653500076254385,0.05129621891823964,0.007267865459239911,0.033729407149914396,0.018183287391776284
468,0.2340500000000002,1.5667721282172627e-08,1590.4290958898966,0.45353386514912863,0.908541232660942,0.7256236979828261,0.5655708551394747,0.05129733729624423,0.007267886930005147,0.03372973085692538,0.018183585301578896
469,0.2345500000000002,1.5654332315766493e-08,1590.3452867162614,0.4538113859123458,0.9085876796506019,0.7257630389518055,0.5657914783403586,0.051298441456496015,0.007267908127022164,0.03373005044095168,0.018183879420936796
470,0.2350500000000002,1.5640990419046427e-08,1590.2615757569886,0.45408862494289637,0.9086340794883508,0.7259022384650525,0.5660118775696665,0.05129953146841413,0.007267929051654071,0.03373036592238282,0.01818416976846275
471,0.2355500000000002,1.562769533783383e-08,1590.1779627108383,0.45436558266957544,0.9086804322459542,0.7260412967378622,0.5662320531682817,0.05130060740154607,0.007267949705265855,0.03373067732163968,0.018184456362801357
472,0.2360500000000002,1.561444681437491e-08,1590.0944472936737,0.4546422595203084,0.9087267379950308,0.7261802139850921,0.5664520054763958,0.05130166932271368,0.0072679700891696035,0.03373098465834865,0.0181847392218689
473,0.2365500000000002,1.5601244600850812e-08,1590.0110292011814,0.454918655922153,0.9087729968070548,0.7263189904211647,0.5666717348335107,0.051302717301741074,0.007267990204734456,0.033731287952999435,0.018185018364379073
474,0.2370500000000002,1.5588088445848185e-08,1589.9277081460675,0.4551947723013019,0.9088192087533559,0.7264576262600679,0.5668912415784408,0.051303751405739756,0.007268010053276919,0.03373158722529117,0.018185293808320794
475,0.2375500000000002,1.557497810110957e-08,1589.844483839401,0.4554706090830845,0.9088653739051188,0.7265961217153564,0.5671105260493141,0.051304771701975733,0.007268029636115907,0.03373188249496224,0.018185565571721896
476,0.2380500000000002,1.5561913319274438e-08,1589.7613559967735,0.4557461666919691,0.9089114923333839,0.7267344770001518,0.5673295885835737,0.05130577825692281,0.007268048954554579,0.03373217378151644,0.018185833672397032
477,0.2385500000000002,1.5548893856115498e-08,1589.6783243320633,0.4560214455515655,0.9089575641090487,0.7268726923271459,0.5675484295179809,0.051306771137221444,0.0072680680098987475,0.03373246110450045,0.01818609812820307
478,0.2390500000000002,1.553591947052375e-08,1589.5953885573974,0.45629644608462677,0.9090035893028665,0.7270107679085993,0.5677670491886154,0.05130775040968433,0.007268086803456995,0.03373274448350558,0.01818635895704062
479,0.2395500000000002,1.5522989920017345e-08,1589.5125483955096,0.4565711687130515,0.9090495679854479,0.7271487039563438,0.5679854479308777,0.051308716139398435,0.007268105336504252,0.03373302393761857,0.01818661617634854
480,0.2400500000000002,1.5510104967454435e-08,1589.4298035611098,0.456845613857886,0.9090955002272612,0.7272865006817838,0.5682036260794909,0.051309668392587056,0.007268123610336734,0.03373329948624988,0.018186869803866253
481,0.2405500000000002,1.5497264374305892e-08,1589.3471537794344,0.45711978193932673,0.9091413860986322,0.7274241582958964,0.5684215839685024,0.05131060723376043,0.007268141626217263,0.03373357114830923,0.018187119856874868
482,0.2410500000000002,1.5484467902891893e-08,1589.2645987800088,0.45739367337672177,0.9091872256697442,0.7275616770092326,0.5686393219312851,0.05131153272667422,0.007268159385393677,0.033733838942483045,0.018187366352452494
483,0.2415500000000002,1.5471715323068967e-08,1589.1821382780415,0.4576672885885735,0.90923301901064,0.7276990570319198,0.5688568403005396,0.05131244493718811,0.007268176889153678,0.033734102888061626,0.01818760930823563
484,0.2420500000000002,1.5459006401052602e-08,1589.099772005342,0.4579406279925408,0.9092787661912203,0.7278362985736607,0.5690741394082961,0.05131334392851613,0.007268194138733712,0.03373436300356491,0.018187848741154134
485,0.2425500000000002,1.5446340906111838e-08,1589.0174996917106,0.4582136920054406,0.9093244672812453,0.7279734018437358,0.5692912195859151,0.05131422976408597,0.0072682111353738294,0.0337346193075699,0.01818808466819285
486,0.2430500000000002,1.5433718608329772e-08,1588.9353210710913,0.4584864810432506,0.9093701223503348,0.7281103670510045,0.5695080811640905,0.05131510250659406,0.007268227880299566,0.033734871818437276,0.01818831710613991
487,0.2435500000000002,1.5421139283045474e-08,1588.8532358691684,0.45875899552111127,0.9094157314679685,0.7282471944039053,0.5697247244728499,0.0513159622199111,0.007268244374758512,0.03373512055486283,0.018188546072094313
488,0.2440500000000002,1.5408602704165983e-08,1588.7712438218869,0.4590312358533274,0.9094612947034857,0.7283838841104572,0.5699411498415573,0.051316808966237304,0.007268260619965736,0.03373536553505442,0.018188771582708263
489,0.2445500000000002,1.5396108648610227e-08,1588.6893446630484,0.4593032024533709,0.9095068121260873,0.7285204363782616,0.5701573575989142,0.05131764280800804,0.00726827661714035,0.0337356067772834,0.018188993654694747
490,0.2450500000000002,1.538365689407714e-08,1588.6075381304597,0.4595748957338828,0.909552283804834,0.7286568514145019,0.5703733480729613,0.05131846380694967,0.007268292367487404,0.03373584429961152,0.01818921230457609
491,0.2455500000000002,1.5371247216824693e-08,1588.5258239720708,0.4598463161066748,0.9095977098086484,0.7287931294259454,0.5705891215910803,0.051319272023136624,0.007268307872179809,0.033736078119618186,0.018189427548432877
492,0.2460500000000002,1.535887940274635e-08,1588.444201915061,0.46011746398273184,0.9096430902063148,0.7289292706189449,0.570804678479996,0.051320067519741025,0.007268323132449446,0.03373630825577463,0.01818963940316888
493,0.2465500000000002,1.5346553229629403e-08,1588.3626717152142,0.4603883397722143,0.9096884250664794,0.7290652751994382,0.571020019065777,0.05132085035544756,0.007268338149441675,0.033736534725249546,0.018189847884491035
494,0.2470500000000002,1.533426848708399e-08,1588.2812331013124,0.4606589438844592,0.9097337144576501,0.7292011433729502,0.5712351436738379,0.05132162059299609,0.0072683529243792126,0.03373675754638052,0.018190053009184495
495,0.24755000000000021,1.5322024956612155e-08,1588.1998858306665,0.4609292767279836,0.9097789584481982,0.7293368753445943,0.571450052628941,0.051322378290651484,0.007268367458398495,0.03373697673620637,0.018190254792840935
496,0.24805000000000021,1.5309822424882853e-08,1588.1186296520393,0.4611993387104856,0.9098241571063574,0.7294724713190723,0.5716647462551977,0.05132312350789917,0.007268381752658957,0.03373719231211486,0.01819045325137542
497,0.24855000000000022,1.529766068591544e-08,1588.0374642994636,0.4614691302388464,0.9098693105002252,0.7296079315006759,0.5718792248760703,0.051323856306395424,0.007268395808361247,0.03373740429211766,0.01819064840127943
498,0.24905000000000022,1.5285539525622097e-08,1587.9563895353838,0.46173865171913325,0.9099144186977628,0.7297432560932887,0.5720934888143737,0.05132457674334031,0.007268409626620127,0.0337376126929333,0.018190840257856083
499,0.24955000000000022,1.5273458737253207e-08,1587.875405107446,0.4620079035566006,0.9099594817667952,0.7298784453003853,0.5723075383922767,0.05132528487811522,0.007268423208591789,0.033737817531907355,0.01819102883698778
500,0.2500500000000002,1.526141811256541e-08,1587.7945107731377,0.4622768861556923,0.9100044997750112,0.7300134993250338,0.5725213739313035,0.05132598076849868,0.0072684365554012845,0.0337380188259178,0.01819121415412846
501,0.2505500000000002,1.5249417448421962e-08,1587.7137062812653,0.462545599920044,0.9100494727899656,0.7301484183698966,0.5727349957523362,0.051326664473511606,0.007268449668197088,0.033738216592198104,0.01819139622506133
502,0.2510500000000002,1.5237456540180524e-08,1587.6329913904121,0.462814045252485,0.9100944008790771,0.730283202637231,0.5729484041756157,0.051327336050582234,0.007268462548096741,0.03373841084751722,0.018191575065143902
503,0.2515500000000002,1.5225535186088008e-08,1587.5523658565844,0.4630822225550398,0.91013928410963,0.7304178523288902,0.573161599520743,0.051327995557444044,0.0072684751962232485,0.033738601608728616,0.01819175068981343
504,0.2520500000000002,1.521365318507445e-08,1587.4718294393422,0.46335013222893073,0.9101841225487749,0.7305523676463251,0.5733745821066814,0.05132864305119433,0.007268487613687036,0.03373878889249799,0.018191923114336234
505,0.2525500000000002,1.5201810336748928e-08,1587.3913819017664,0.46361777467457993,0.9102289162635281,0.7306867487905842,0.5735873522517582,0.05132927858829928,0.007268499801586045,0.03373897271530486,0.018192092353809065
506,0.2530500000000002,1.5190006443585613e-08,1587.311023004278,0.46388515029161065,0.9102736653207716,0.730820995962315,0.5737999102736654,0.05132990222554418,0.007268511761023969,0.033739153093717375,0.01819225842341217
507,0.2535500000000002,1.5178241308722935e-08,1587.230752510762,0.46415225947885014,0.9103183697872553,0.7309551093617658,0.5740122564894624,0.051330514019092374,0.007268523493092201,0.033739330044120226,0.01819242133815871
508,0.2540500000000002,1.5166514738146306e-08,1587.1505701823892,0.46441910263433106,0.9103630297295953,0.7310890891887856,0.574224391215577,0.05133111402543483,0.007268534998888059,0.033739503582989314,0.018192581113147647
509,0.2545500000000002,1.5154826536305925e-08,1587.0704757898875,0.4646856801552935,0.910407645214275,0.7312229356428251,0.5744363147678065,0.051331702299505545,0.007268546279478648,0.033739673726346744,0.01819273776306191
510,0.2550500000000002,1.5143176510487883e-08,1586.9904691012123,0.4649519924381872,0.9104522163076463,0.7313566489229393,0.5746480274613204,0.0513322788965755,0.007268557335937178,0.03373984049030865,0.018192891302672765
511,0.2555500000000002,1.5131564468620392e-08,1586.910549887668,0.4652180398786735,0.9104967430759286,0.731490229227786,0.5748595296106609,0.05133284387131271,0.00726856816932495,0.03374000389081335,0.018193041746589516
512,0.2560500000000002,1.5119990223629823e-08,1586.8307179115961,0.46548382287162676,0.9105412255852094,0.7316236767556284,0.5750708215297451,0.051333397279673655,0.007268578780727633,0.03374016394416849,0.01819318910976321
513,0.2565500000000002,1.5108453584707357e-08,1586.75097295092,0.4657493418111371,0.9105856639014457,0.7317569917043366,0.5752819035318664,0.05133393917513333,0.007268589171182968,0.0337403206659607,0.018193333406482753
514,0.2570500000000002,1.5096954366028316e-08,1586.6713147745475,0.466014597090512,0.9106300580904624,0.7318901742713868,0.5754927759296957,0.05133446961246372,0.007268599341753233,0.03374047407214847,0.018193474651381093
515,0.2575500000000002,1.508549238020715e-08,1586.5917431607675,0.4662795891022779,0.9106744082179544,0.7320232246538634,0.5757034390352836,0.05133498864490844,0.007268609293471075,0.03374062417824502,0.018193612858682873
516,0.2580500000000002,1.507406744264869e-08,1586.512257884943,0.4665443182381827,0.9107187143494866,0.73215614304846,0.5759138931600616,0.05133549632607312,0.007268619027375751,0.033740770999865125,0.018193748042707847
517,0.2585500000000002,1.5062679371536322e-08,1586.4328587194925,0.46680878488919747,0.9107629765504934,0.73228892965148,0.5761241386148432,0.05133599270992882,0.007268628544513206,0.033740914552726105,0.01819388021787179
518,0.2590500000000002,1.505132798348033e-08,1586.3535454461307,0.46707298944551817,0.9108071948862791,0.7324215846588376,0.5763341757098261,0.05133647784893185,0.007268637845900028,0.03374105485210409,0.018194009398185863
519,0.2595500000000002,1.5040013095690958e-08,1586.2743178497044,0.4673369322965678,0.9108513694220198,0.7325541082660592,0.5765440047545937,0.05133695179497104,0.007268646932541608,0.033741191913108086,0.018194135597508897
520,0.2600500000000002,1.5028734530308425e-08,1586.1951757059076,0.4676006138309986,0.9108955002227613,0.7326865006682839,0.5767536260581161,0.051337414601254766,0.007268655805468332,0.03374132575122568,0.01819425883004983
521,0.2605500000000002,1.5017492110053028e-08,1586.1161187935236,0.467864034436693,0.9109395873534214,0.7328187620602642,0.5769630399287518,0.05133786632043076,0.007268664465699531,0.03374145638177936,0.018194379109867116
522,0.2610500000000002,1.5006285653894867e-08,1586.0371469066488,0.46812719450076656,0.9109836308787893,0.7329508926363683,0.5771722466742496,0.051338307002709464,0.007268672914207509,0.033741583819383816,0.01819449645036902
523,0.2615500000000002,1.4995114990037883e-08,1585.958259817909,0.4683900944095696,0.9110276308635263,0.7330828925905789,0.5773812466017499,0.05133873670151311,0.007268681152025847,0.03374170807957971,0.018194610865817844
524,0.2620500000000002,1.498397994076252e-08,1585.8794573213181,0.4686527345486884,0.9110715873721653,0.7332147621164963,0.5775900400177858,0.05133915546689423,0.007268689180123236,0.033741829176930346,0.018194722369577466
525,0.2625500000000002,1.497288033539852e-08,1585.8007391955057,0.46891511530294805,0.9111155004691127,0.7333465014073379,0.5777986272282851,0.0513395633511828,0.007268696999511736,0.03374194712665482,0.018194830975617023
526,0.26305000000000023,1.4961815997355364e-08,1585.7221052404245,0.4691772370564139,0.9111593702186468,0.7334781106559402,0.5780070085385718,0.05133996040334931,0.007268704611138725,0.033742061942997975,0.018194936697010018
527,0.26355000000000023,1.4950786757075806e-08,1585.6435552406053,0.46943910019239316,0.9112031966849193,0.733609590054758,0.5782151842533669,0.051340346674648624,0.007268712015995088,0.03374217364086251,0.018195039547437057
528,0.26405000000000023,1.493979244554719e-08,1585.5650889834967,0.46970070509343725,0.9112469799319559,0.7337409397958681,0.5784231546767912,0.05134072221580315,0.007268719215061227,0.03374228223499443,0.018195139540435893
529,0.26455000000000023,1.4928832892146094e-08,1585.4867062655521,0.46996205214134357,0.9112907200236559,0.7338721600709676,0.5786309201123652,0.05134108707606831,0.007268726209289152,0.03374238773971288,0.01819523668915258
530,0.26505000000000023,1.4917907928944585e-08,1585.4084068799775,0.4702231417171569,0.9113344170237919,0.7340032510713758,0.5788384808630117,0.05134144130511493,0.007268732999638565,0.0337424901694545,0.018195331006842685
531,0.26555000000000023,1.4907017390699265e-08,1585.3301906167114,0.47048397420117183,0.9113780709960121,0.7341342129880362,0.5790458372310571,0.0513417849530319,0.007268739587076917,0.03374258953877424,0.018195422506872058
532,0.26605000000000023,1.4896161110545279e-08,1585.2520572746268,0.4707445499729345,0.9114216820038384,0.7342650460115153,0.5792529895182325,0.051342118068453194,0.00726874597254351,0.033742685861803776,0.018195511202218108
533,0.26655000000000023,1.4885338922147176e-08,1585.1740066553896,0.471004869411244,0.9114652501106684,0.7343957503320053,0.5794599380256752,0.05134244069950088,0.0072687521569675725,0.03374277915252425,0.0181955971057209
534,0.26705000000000023,1.487455066612928e-08,1585.0960385451256,0.4712649328941547,0.9115087753797748,0.7345263261393246,0.5796666830539305,0.05134275289660092,0.007268758141322242,0.0337428694255805,0.01819568023083295
535,0.26755000000000023,1.4863796177192062e-08,1585.0181527510322,0.47152474079897805,0.911552257874306,0.7346567736229179,0.5798732249029532,0.05134305470686096,0.007268763926516801,0.033742956694655414,0.018195760590122196
536,0.26805000000000023,1.4853075294839296e-08,1584.9403490708296,0.47178429350228385,0.911595697657286,0.734787092971858,0.5800795638721085,0.05134334617876206,0.007268769513486605,0.033743040973826584,0.018195838196521312
537,0.26855000000000023,1.4842387859080099e-08,1584.86262730495,0.47204359137990287,0.9116390947916156,0.7349172843748467,0.5802857002601738,0.05134362736028691,0.007268774903157218,0.03374312227702511,0.018195913062829274
538,0.26905000000000023,1.4831733710426098e-08,1584.7849872565141,0.47230263480692813,0.9116824493400717,0.7350473480202151,0.5804916343653403,0.051343898298923656,0.007268780096444482,0.03374320061803675,0.018195985201712443
539,0.26955000000000023,1.4821112689888657e-08,1584.707428731311,0.47256142415771674,0.9117257613653081,0.7351772840959246,0.5806973664852141,0.05134415904166979,0.007268785094254595,0.033743276010503094,0.01819605462570558
540,0.27005000000000023,1.481052464111128e-08,1584.6299515316773,0.4728199598058919,0.9117690309298563,0.7353070927895693,0.5809028969168178,0.05134440963597148,0.007268789897502125,0.03374334846819313,0.018196121347461975
541,0.27055000000000023,1.4799969408225562e-08,1584.5525554625785,0.47307824212434485,0.9118122580961248,0.7354367742883741,0.5811082259565922,0.05134465012879064,0.007268794507092124,0.033743418004733634,0.018196185379505073
542,0.27105000000000024,1.4789446837980633e-08,1584.4752403254965,0.4733362714852359,0.9118554429263992,0.7355663287791979,0.5813133539003967,0.05134488056754366,0.00726879892393813,0.03374348463388053,0.0181962467344784
543,0.27155000000000024,1.4778956771210396e-08,1584.3980059427627,0.4735940482599971,0.9118985854828447,0.7356957564485341,0.5815182810435123,0.051345100996364794,0.007268803148890546,0.03374354836843855,0.018196305424150728
544,0.27205000000000024,1.4768499059886492e-08,1584.32085210883,0.4738515728193338,0.9119416858275037,0.7358250574825108,0.581723007680642,0.0513453114635896,0.007268807182880082,0.03374360922242505,0.018196361461408527
545,0.27255000000000024,1.4758073550057024e-08,1584.2437786389603,0.47410884553322585,0.9119847440222971,0.7359542320668916,0.5819275341059118,0.051345512014278255,0.007268811026774452,0.033743667208908215,0.01819641485826535
546,0.27305000000000024,1.4747680090371032e-08,1584.1667853448514,0.4743658667709301,0.9120277601290259,0.736083280387078,0.5821318606128734,0.05134570269395886,0.007268814681450118,0.033743722341089404,0.018196465626858453
547,0.27355000000000024,1.4737318532068383e-08,1584.0898720346245,0.474622636900982,0.9120707342093695,0.7362122026281082,0.5823359874945045,0.05134588354862961,0.007268818147792347,0.033743774632303866,0.01819651377944942
548,0.27405000000000024,1.4726988724723497e-08,1584.0130385249656,0.4748791562911968,0.9121136663248864,0.7363409989746594,0.5825399150432109,0.05134605462289431,0.007268821426659472,0.03374382409548162,0.018196559327927745
549,0.27455000000000024,1.4716690520493586e-08,1583.9362846289462,0.47513542530867214,0.9121565565370163,0.7364696696110488,0.5827436435508272,0.051346215961833384,0.007268824518918747,0.03374387074368847,0.018196602284309
550,0.27505000000000024,1.470642377410868e-08,1583.8596101560092,0.4753914443197894,0.9121994049070778,0.7365982147212332,0.5829471733086192,0.0513463676110058,0.007268827425446404,0.03374391459012662,0.018196642660735344
551,0.27555000000000024,1.46961883365058e-08,1583.7830149301758,0.4756472136902151,0.9122422114962703,0.7367266344888109,0.583150504607284,0.05134650961365396,0.007268830147074073,0.033743955647326525,0.01819668046873138
552,0.27605000000000024,1.4685984063310027e-08,1583.7064987657227,0.47590273378490333,0.9122849763656742,0.7368549290970227,0.5833536377369525,0.05134664201443843,0.007268832684660363,0.03374399392822675,0.018196715720198486
553,0.27655000000000024,1.4675810810585898e-08,1583.6300614793201,0.4761580049680971,0.9123276995762506,0.7369830987287518,0.5835565729871902,0.051346764857574806,0.0072688350390551675,0.03374402944563531,0.018196748426918805
554,0.27705000000000024,1.4665668436949285e-08,1583.5537028839433,0.47641302760333004,0.9123703811888417,0.7371111435665255,0.5837593106469987,0.051346878187768626,0.007268837211117573,0.033744062212499995,0.01819677860080415
555,0.27755000000000024,1.4655556795106552e-08,1583.47742281312,0.4766678020534281,0.9124130212641721,0.7372390637925161,0.5839618510048173,0.05134698204649227,0.0072688392016445145,0.033744092240831955,0.018196806252904766
556,0.27805000000000024,1.4645475748764775e-08,1583.4012210723818,0.47692232868051176,0.9124556198628473,0.7373668595885415,0.5841641943485241,0.05134707647944023,0.0072688410115136605,0.033744119543861285,0.01819683139539428
557,0.27855000000000024,1.463542515360408e-08,1583.3250974938383,0.47717660784599686,0.9124981770453551,0.7374945311360653,0.5843663409654368,0.05134716152814922,0.007268842641522811,0.033744144133614117,0.0181968540393386
558,0.27905000000000024,1.462540486995501e-08,1583.249051899766,0.4774306399105972,0.9125406928720664,0.7376220786161996,0.5845682911423158,0.05134723723558946,0.007268844092497054,0.03374416602252932,0.018196874196184556
559,0.27955000000000024,1.461541476067475e-08,1583.1730841086667,0.4776844252343258,0.9125831674032345,0.7377495022097034,0.5847700451653636,0.051347303645234856,0.00726884536527096,0.03374418522318963,0.018196891877512403
560,0.28005000000000024,1.4605454689032123e-08,1583.0971939413096,0.47793796417649637,0.9126256006989951,0.7378768020969856,0.5849716033202272,0.05134736080013503,0.007268846460670789,0.033744201748053426,0.0181969070947887
561,0.28055000000000024,1.4595524514497165e-08,1583.0213812328218,0.47819125709572563,0.9126679928193684,0.7380039784581048,0.5851729658919995,0.05134740874105946,0.007268847379478927,0.033744215608918125,0.01819691985887226
562,0.28105000000000024,1.4585624101163994e-08,1582.9456458084444,0.4784443043499346,0.912710343824257,0.7381310314727706,0.58537413316522,0.051347447510220426,0.007268848122505246,0.033744226817996645,0.01819693018100535
563,0.28155000000000024,1.4575753317734283e-08,1582.8699874835318,0.47869710629635026,0.9127526537734477,0.7382579613203432,0.5855751054238768,0.051347477151273024,0.0072688486905871,0.033744235387917425,0.018196938072813702
564,0.28205000000000024,1.4565912024901872e-08,1582.7944060998386,0.47894966329150723,0.912794922726612,0.7383847681798364,0.5857758829514075,0.05134749770374396,0.007268849084482556,0.03374424133011366,0.018196943544823235
565,0.28255000000000025,1.4556100090067985e-08,1582.7189014831433,0.47920197569124995,0.9128371507433055,0.7385114522299163,0.5859764660307007,0.05134750920953839,0.007268849304995102,0.03374424465670465,0.018196946608192464
566,0.28305000000000025,1.4546317383123805e-08,1582.6434734553459,0.47945404385073337,0.9128793378829678,0.7386380136489037,0.5861768549440977,0.05134751171108269,0.007268849352938056,0.033744245379958786,0.018196947274218032
567,0.28355000000000025,1.4536563770154569e-08,1582.5681218525858,0.47970586812442556,0.9129214842049249,0.7387644526147743,0.5863770499733927,0.051347505248542834,0.007268849229081256,0.033744243511489413,0.018196945553594142
568,0.28405000000000025,1.4526839117639949e-08,1582.492846513124,0.4799574488661091,0.9129635897683865,0.7388907693051595,0.5865770513998357,0.05134748986168517,0.007268848934186726,0.033744239062792815,0.018196941456907968
569,0.28455000000000025,1.451714329873036e-08,1582.4176472592128,0.4802087864288822,0.9130056546324489,0.7390169638973467,0.5867768595041323,0.05134746559266069,0.0072688484690620414,0.03374423204605323,0.018196934995380974
570,0.28505000000000025,1.4507476184858338e-08,1582.3425239212488,0.4804598811651612,0.9130476788560938,0.7391430365682818,0.5869764745664461,0.051347432482296305,0.007268847834489246,0.03374422247307058,0.01819692617988149
571,0.28555000000000025,1.4497837641563539e-08,1582.2674763498178,0.4807107334266816,0.9130896624981895,0.7392689874945683,0.5871758968663996,0.051347390568246325,0.007268847031189434,0.033744210354726106,0.01819691502043256
572,0.28605000000000025,1.4488227547309125e-08,1582.192504361355,0.4809613435644999,0.9131316056174894,0.7393948168524686,0.5873751266830752,0.05134733989333548,0.007268846059982648,0.033744195703394486,0.018196901528433257
573,0.28655000000000025,1.4478645770478605e-08,1582.1176078045228,0.4812117119289953,0.9131735082726353,0.7395205248179055,0.5875741642950172,0.05134728049536813,0.007268844921592565,0.03374417852999748,0.018196885713945423
574,0.28705000000000025,1.4469092186095327e-08,1582.042786511915,0.4814618388698714,0.9132153705221543,0.7396461115664626,0.5877730099802325,0.05134721241454327,0.00726884361678862,0.033744158846147815,0.01819686758766788
575,0.28755000000000025,1.4459566669546349e-08,1581.96804031815,0.48171172473615737,0.9132571924244615,0.7397715772733844,0.587971664016192,0.05134713569067698,0.007268842146332765,0.03374413666334616,0.018196847160196965
576,0.28805000000000025,1.4450069094497483e-08,1581.8933690658803,0.48196136987621024,0.9132989740378594,0.7398969221135785,0.5881701266798325,0.051347050362280273,0.007268840510961803,0.03374411199271448,0.018196824441780977
577,0.28855000000000025,1.4440599339143445e-08,1581.818772587695,0.48221077463771617,0.9133407154205383,0.7400221462616149,0.5883683982475568,0.05134695646933742,0.0072688387114406405,0.03374408484579942,0.01819679944305995
578,0.28905000000000025,1.4431157277870807e-08,1581.7442507302098,0.4824599393676917,0.913382416630576,0.740147249891728,0.5885664789952361,0.05134685404960825,0.007268836748491417,0.03374405523350315,0.018196772174081097
579,0.28955000000000025,1.442174278958582e-08,1581.669803329952,0.4827088644124862,0.9134240777259393,0.7402722331778173,0.5887643691982108,0.051346743142330065,0.007268834622864455,0.033744023167153726,0.018196742645284522
580,0.29005000000000025,1.4412355751466018e-08,1581.595430231417,0.4829575501177829,0.9134656987644826,0.7403970962934475,0.5889620691312919,0.05134662378544616,0.007268832335285152,0.03374398865770386,0.018196710866765265
581,0.29055000000000025,1.440299604311775e-08,1581.5211312750134,0.4832059968286003,0.9135072798039497,0.7405218394118495,0.5891595790687618,0.051346496017456916,0.007268829886489453,0.03374395171626605,0.018196676848766184
582,0.29105000000000025,1.4393663544492697e-08,1581.4469063030676,0.4834542048892945,0.9135488209019739,0.740646462705922,0.5893568992843764,0.05134635987649778,0.007268827277206183,0.033743912353846064,0.018196640601432477
583,0.29155000000000025,1.438435813588605e-08,1581.37275515981,0.4837021746435602,0.913590322116077,0.7407709663482311,0.5895540300513659,0.051346215400341934,0.007268824508157102,0.03374387058134375,0.0181966021348124
584,0.29205000000000025,1.4375079697934765e-08,1581.298677691359,0.4839499064344322,0.9136317835036706,0.740895350511012,0.5897509716424356,0.05134606262640294,0.007268821580056957,0.0337438264095538,0.018196561458857983
585,0.29255000000000025,1.4365828113686718e-08,1581.2246737396983,0.4841974006042876,0.9136732051220566,0.7410196153661694,0.5899477243297684,0.05134590159265958,0.0072688184936312095,0.03374377984943313,0.018196518583671252
586,0.29305000000000025,1.4356603264453104e-08,1581.1507431546822,0.48444465749484694,0.9137145870284263,0.7411437610852789,0.5901442883850248,0.05134573233581307,0.007268815249580718,0.033743730911568154,0.018196473519013632
587,0.29355000000000026,1.434740503394991e-08,1581.076885782004,0.4846916774471756,0.9137559292798619,0.741267787839586,0.5903406640793446,0.05134555489313437,0.007268811848617144,0.033743679606708904,0.01819642627479778
588,0.29405000000000026,1.433823330622262e-08,1581.0031014691904,0.4849384608016858,0.9137972319333365,0.7413916958000097,0.5905368516833486,0.05134536930154396,0.007268808291445317,0.03374362594550294,0.018196376860842575
589,0.29455000000000026,1.432908796564452e-08,1580.9293900655914,0.48518500789813807,0.9138384950457136,0.7415154851371405,0.590732851467139,0.05134517559761426,0.00726880457876329,0.033743569938496115,0.018196325286873788
590,0.29505000000000026,1.431996890104364e-08,1580.8557514103654,0.4854313190756424,0.9138797186737476,0.741639156021243,0.5909286637003015,0.0513449738194136,0.007268800711297672,0.03374351159666575,0.018196271563015044
591,0.29555000000000026,1.4310875993310015e-08,1580.7821853684595,0.4856773946726604,0.9139209028740856,0.7417627086222562,0.5911242886519058,0.05134476400098342,0.007268796689697786,0.03374345092982374,0.01819621569831736
592,0.29605000000000026,1.4301809131913723e-08,1580.7086917826089,0.48592323502700646,0.9139620477032647,0.7418861431097942,0.5913197265905072,0.0513445461797073,0.007268792514676904,0.03374338794874733,0.018196157702721188
593,0.29655000000000026,1.4292768204575194e-08,1580.6352705033169,0.4861688404758493,0.9140031532177153,0.742009459653146,0.591514977784148,0.05134432039170855,0.00726878818692404,0.03374332266384835,0.018196097585831017
594,0.29705000000000026,1.4283753099329216e-08,1580.5619213828434,0.4864142113557137,0.9140442194737596,0.742132658421279,0.5917100425003582,0.051344086672773584,0.007268783707121648,0.0337432550854402,0.018196035357161224
595,0.29755000000000026,1.4274763704523337e-08,1580.4886442751892,0.4866593480024821,0.9140852465276121,0.7422557395828363,0.5919049210061573,0.05134384505835442,0.007268779075945671,0.03374318522373862,0.018195971026136747
596,0.29805000000000026,1.4265799910872779e-08,1580.4154390300982,0.48690425075139554,0.91412623443538,0.74237870330614,0.5920996135680551,0.051343595584489775,0.007268774294083202,0.033743113089128016,0.018195904602338348
597,0.29855000000000026,1.4256861607342016e-08,1580.3423055050184,0.487148919937056,0.9141671832530639,0.7425015497591912,0.5922941204520529,0.051343338285969,0.007268769362197285,0.0337430386916306,0.018195836095013736
598,0.29905000000000026,1.4247948683203585e-08,1580.2692435590989,0.4873933558934275,0.914208093036557,0.7426242791096708,0.5924884419236454,0.05134307319725409,0.0072687642809445945,0.03374296204117301,0.0181957655133231
599,0.29955000000000026,1.4239061032141761e-08,1580.1962530412159,0.4876375589538375,0.9142489638416463,0.7427468915249392,0.5926825782478206,0.051342800354317805,0.007268759051010673,0.03374288314811777,0.018195692866828476
600,0.30005000000000026,1.4230198546084202e-08,1580.1233338079114,0.48788152945097857,0.914289795724013,0.7428693871720395,0.5928765296890625,0.0513425197918902,0.007268753673057143,0.03374280202246719,0.01819561816476068
601,0.30055000000000026,1.4221361119306971e-08,1580.0504857114202,0.48812526771691034,0.9143305887392319,0.7429917662176956,0.5930702965113513,0.051342231545296955,0.007268748147756961,0.033742718674394934,0.018195541416508736
602,0.30105000000000026,1.4212548640231542e-08,1579.9777086235588,0.4883687740830599,0.9143713429427714,0.7431140288283146,0.5932638789781648,0.05134193564679248,0.00726874247572412,0.033742633113185705,0.018195462630643575
603,0.30155000000000026,1.4203761007822507e-08,1579.905002387912,0.4886120488802245,0.9144120583899958,0.7432361751699872,0.5934572773524798,0.05134163213289957,0.007268736657654343,0.0337425453493576,0.01819538181687226
604,0.30205000000000026,1.4194998115184388e-08,1579.8323668676246,0.48885509243857245,0.9144527351361629,0.7433582054084883,0.5936504918967731,0.05134132103707367,0.0072687306941844705,0.033742455392540886,0.018195298984084816
605,0.30255000000000026,1.4186259855714157e-08,1579.7598019274562,0.4890979050876444,0.9144933732364258,0.7434801197092775,0.5938435228730228,0.05134100239245768,0.007268724585945269,0.033742363252274685,0.018195214141087695
606,0.30305000000000026,1.4177546129230962e-08,1579.687307415872,0.4893404871563554,0.9145339727458335,0.7436019182375008,0.5940363705427093,0.05134067623463104,0.007268718333614126,0.03374226893880183,0.018195127297335786
607,0.30355000000000026,1.4168856827658536e-08,1579.6148832068052,0.4895828389729962,0.91457453371933,0.7437236011579897,0.594229035166817,0.05134034259520001,0.007268711937792186,0.03374217246121546,0.018195038461225745
608,0.30405000000000026,1.4160191851378639e-08,1579.5425291519107,0.4898249608652342,0.9146150562117547,0.743845168635264,0.5944215170058347,0.05134000150912618,0.007268705399144832,0.033742073829578195,0.018194947642047304
609,0.30455000000000026,1.4151551096964802e-08,1579.4702451163512,0.4900668531601158,0.9146555402778437,0.7439666208335309,0.5946138163197573,0.051339653009234196,0.0072686987182964055,0.033741973053333936,0.018194854848520892
610,0.30505000000000027,1.4142934461270888e-08,1579.3980309668489,0.49030851618406723,0.9146959859722289,0.7440879579166866,0.594805933368087,0.05133929712804578,0.0072686918958653635,0.03374187014183825,0.018194760089285972
611,0.30555000000000027,1.4134341845504667e-08,1579.325886559763,0.4905499502628962,0.9147363933494387,0.744209180048316,0.5949978684098338,0.05133893389961,0.007268684932499366,0.03374176510488762,0.018194663373388396
612,0.30605000000000027,1.4125773149105328e-08,1579.253811758956,0.49079115572179355,0.9147767624638984,0.7443302873916956,0.5951896217035179,0.05133856335676105,0.0072686778288227095,0.0337416579519265,0.018194564709550217
613,0.30655000000000027,1.4117228269748322e-08,1579.1818064357742,0.4910321328853345,0.9148170933699306,0.7444512801097914,0.5953811935071697,0.05133818553112182,0.007268670585436396,0.03374154869204835,0.018194464106170694
614,0.30705000000000027,1.4108707111485327e-08,1579.1098704452272,0.4912728820774799,0.9148573861217539,0.7445721583652618,0.5955725840783312,0.05133780045676009,0.007268663202988229,0.03374143733505296,0.01819436157229978
615,0.30755000000000027,1.4100209572529135e-08,1579.0380036616884,0.49151340362157825,0.914897640773486,0.7446929223204577,0.5957637936740581,0.05133740816470908,0.007268655682067761,0.033741323889861875,0.018194257116179134
616,0.30805000000000027,1.4091735555427419e-08,1578.9662059491288,0.4917536978403668,0.914937857379141,0.7448135721374227,0.5959548225509192,0.051337008687536594,0.007268648023293903,0.03374120836583974,0.018194150746458783
617,0.30855000000000027,1.408328496095883e-08,1578.8944771789536,0.49199376505597286,0.9149780359926314,0.7449341079778943,0.5961456709649994,0.05133660205660746,0.007268640227262428,0.03374109077200269,0.01819404247146813
618,0.30905000000000027,1.4074857696253409e-08,1578.8228172062175,0.4922336055899156,0.9150181766677682,0.745054530003305,0.5963363391718994,0.05133618830573439,0.007268632294615978,0.033740971118074094,0.018193932300188148
619,0.30955000000000027,1.4066453662606983e-08,1578.7512259052762,0.4924732197631071,0.9150582794582607,0.7451748383747819,0.5965268274267379,0.05133576746570625,0.007268624225939156,0.03374084941290223,0.01819382024079437
620,0.31005000000000027,1.4058072763604023e-08,1578.679703145998,0.4927126078958541,0.9150983444177161,0.7452950332531485,0.5967171359841518,0.05133533956793954,0.007268616021828535,0.03374072566551626,0.0181937063016292
621,0.31055000000000027,1.4049714903085027e-08,1578.6082487996964,0.4929517703078592,0.9151383715996418,0.7454151147989251,0.5969072650982981,0.05133490464356793,0.0072686076828752,0.033740599884862936,0.018193590490959484
622,0.31105000000000027,1.4041379987169363e-08,1578.5368627331868,0.4931907073182226,0.9151783610574432,0.7455350831723294,0.5970972150228548,0.05133446272435469,0.007268599209682251,0.033740472080070506,0.01819347281721947
623,0.31155000000000027,1.4033067922225148e-08,1578.465544814716,0.4934294192454431,0.9152183128444256,0.7456549385332768,0.5972869860110217,0.0513340138417829,0.007268590602847355,0.033740342260185616,0.018193353288768574
624,0.31205000000000027,1.40247786128464e-08,1578.394294919879,0.4936679064074197,0.915258227013794,0.7457746810413823,0.5974765783155219,0.05133355802614748,0.007268581862945336,0.033740210433910685,0.018193231913649573
625,0.31255000000000027,1.4016511965898729e-08,1578.3231129197466,0.49390616912145324,0.9152981036186534,0.7458943108559598,0.5976659921886031,0.05133309530837778,0.007268572990563126,0.03374007661013109,0.018193108700073974
626,0.3130500000000003,1.400826789051218e-08,1578.2519986808627,0.49414420770424733,0.9153379427120079,0.7460138281360237,0.5978552278820376,0.05133262572003798,0.007268563986299779,0.033739940797915244,0.01819298365642209
627,0.3135500000000003,1.4000046292019839e-08,1578.180952083012,0.4943820224719102,0.9153777443467633,0.7461332330402896,0.5980442856471253,0.05133214929060053,0.007268554850714179,0.03373980300572608,0.01819285679051703
628,0.3140500000000003,1.3991847082053036e-08,1578.1099729895866,0.49461961373995594,0.9154175085757249,0.7462525257271746,0.598233165734693,0.05133166605199425,0.00726854558441226,0.03373966324273641,0.018192728110835787
629,0.3145500000000003,1.3983670166428124e-08,1578.0390612831177,0.49485698182330573,0.9154572354515992,0.7463717063547978,0.5984218683950966,0.051331176033151744,0.007268536187942452,0.03373952151725199,0.018192597625057292
630,0.3150500000000003,1.3975515453221201e-08,1577.968216841565,0.49509412703628947,0.915496925026994,0.7464907750809823,0.5986103938782218,0.051330679263647865,0.007268526661865446,0.033739377837763825,0.01819246534103128
631,0.3155500000000003,1.396738285678777e-08,1577.8974395264936,0.49533104969264713,0.915536577354418,0.7466097320632539,0.5987987424334852,0.05133017577551512,0.00726851700678901,0.03373923221347323,0.018192331267261757
632,0.3160500000000003,1.3959272285670875e-08,1577.826729218563,0.49556775010552984,0.9155761924862811,0.7467285774588434,0.5989869143098354,0.051329665597797,0.007268507223263549,0.03373908465271656,0.01819219541145657
633,0.3165500000000003,1.3951183648650617e-08,1577.7560857997569,0.49580422858750184,0.9156157704748958,0.7468473114246871,0.5991749097557546,0.05132914875927542,0.0072684973118344,0.03373893516375401,0.01819205778125373
634,0.3170500000000003,1.3943116858762764e-08,1577.6855091415584,0.49604048545054136,0.9156553113724756,0.7469659341174267,0.5993627290192588,0.05132862529028585,0.007268487273076646,0.03373878375529469,0.018191918384704752
635,0.3175500000000003,1.3935071829268575e-08,1577.6149991167708,0.49627652100604197,0.9156948152311367,0.7470844456934101,0.5995503723478994,0.05132809522090322,0.007268477107560331,0.03373863043597189,0.018191777229791598
636,0.3180500000000003,1.3927048469638673e-08,1577.5445556113157,0.49651233556481444,0.9157342821028978,0.7472028463086936,0.5997378399887646,0.05132755857913174,0.007268466815815737,0.03373847521381953,0.018191634323944623
637,0.3185500000000003,1.3919046693589066e-08,1577.4741785005963,0.4967479294370878,0.91577371203968,0.7473211361190399,0.5999251321884799,0.05132701539453246,0.007268456398402964,0.0337383180973214,0.018191489675008592
638,0.3190500000000003,1.391106641505804e-08,1577.403867661304,0.49698330293251025,0.915813105093307,0.7474393152799215,0.600112249193209,0.05132646569641121,0.007268445855877172,0.03373815909488707,0.01819134329076013
639,0.3195500000000003,1.3903107548205113e-08,1577.3336229714141,0.49721845636015155,0.9158524613155066,0.7475573839465196,0.600299191248656,0.05132590951382021,0.007268435188788617,0.03373799821485233,0.018191195178908177
640,0.3200500000000003,1.3895170007409992e-08,1577.263444310172,0.4974533900285035,0.9158917807579086,0.7476753422737257,0.6004859586000655,0.05132534687555989,0.007268424397682684,0.03373783546547976,0.018191045347094443
641,0.3205500000000003,1.388725370727153e-08,1577.193331558084,0.4976881042454814,0.915931063472047,0.7477931904161412,0.6006725514922236,0.051324777810180536,0.007268413483099923,0.03373767085495919,0.018190893802893873
642,0.3210500000000003,1.387935856060603e-08,1577.1232846028001,0.4979225993184259,0.9159703095093599,0.74791092852808,0.6008589701694599,0.051324202345079964,0.007268402445558738,0.03373750439114669,0.01819074055357435
643,0.3215500000000003,1.387148448744973e-08,1577.0533033125928,0.498156875554104,0.916009518921189,0.7480285567635669,0.6010452148756475,0.05132362051057345,0.007268391285633452,0.03373733608274192,0.018190585607180548
644,0.3220500000000003,1.3863631400050052e-08,1576.9833875805364,0.49839093325871003,0.9160486917587799,0.7481460752763397,0.6012312858542046,0.051323032333114485,0.007268380003824285,0.03373716593732704,0.018190428970728565
645,0.3225500000000003,1.3855799215869381e-08,1576.9135372862036,0.49862477273786776,0.9160878280732834,0.7482634842198499,0.6014171833480957,0.051322437841172644,0.007268368600670087,0.03373699396306709,0.01819027065177127
646,0.3230500000000003,1.3847987856571865e-08,1576.8437522986255,0.4988583942966312,0.9161269279157542,0.7483807837472626,0.6016029075998324,0.05132183706477981,0.007268357076739645,0.03373682016857872,0.018190110658277442
647,0.3235500000000003,1.3840197232051207e-08,1576.7740325233456,0.4990917982394859,0.9161659913371524,0.7484979740114573,0.6017884588514741,0.05132123002830953,0.00726834543249317,0.033736644560841376,0.01818994899670886
648,0.3240500000000003,1.3832427264389894e-08,1576.7043778318084,0.4993249848703506,0.9162050183883431,0.7486150551650297,0.6019738373446302,0.051320616761313026,0.007268333668490159,0.03373646714833201,0.018189785674906027
649,0.3245500000000003,1.3824677875868021e-08,1576.6347880966707,0.4995579544925784,0.9162440091200968,0.7487320273602905,0.6021590433204599,0.05131999729310061,0.007268321785285462,0.03373628793945759,0.018189620700645184
650,0.3250500000000003,1.381694897701255e-08,1576.5652632270364,0.4997907074089578,0.9162829635830891,0.7488488907492675,0.6023440770196736,0.05131937164733503,0.007268309783325555,0.03373610694099096,0.018189454080198425
651,0.3255500000000003,1.3809240494497153e-08,1576.4958030861776,0.5000232439217146,0.9163218818279021,0.748965645483706,0.6025289386825345,0.051318739854657666,0.007268297663190759,0.03373592416172357,0.018189285821696224
652,0.3260500000000003,1.3801552343244928e-08,1576.4264075737883,0.5002555643325125,0.9163607639050231,0.7490822917150691,0.6027136285488593,0.051318101940066786,0.0072682854253531114,0.033735739608814035,0.018189115931766087
653,0.3265500000000003,1.379388444634386e-08,1576.3570765672334,0.5004876689424551,0.916399609864846,0.7491988295945381,0.6028981468580188,0.05131745793193295,0.007268273070349311,0.033735553290396306,0.018188944417933513
654,0.3270500000000003,1.3786236723100499e-08,1576.2878099567772,0.5007195580520868,0.9164384197576714,0.7493152592730145,0.6030824938489393,0.05131680785659358,0.0072682605986770284,0.03373536521401585,0.018188771287182433
655,0.3275500000000003,1.3778609093022326e-08,1576.2186076338262,0.500951231961394,0.9164771936337062,0.7494315809011184,0.603266669760104,0.051316151740157225,0.007268248010829513,0.03373517538715168,0.0181885965464357
656,0.3280500000000003,1.3771001483756775e-08,1576.1494694674764,0.5011826909698067,0.9165159315430638,0.7495477946291916,0.6034506748295534,0.051315489612102735,0.007268235307364652,0.03373498381825761,0.018188420203513682
657,0.3285500000000003,1.3763413811229387e-08,1576.0803953631362,0.5014139353761996,0.9165546335357657,0.7496639006072968,0.6036345092948867,0.05131482149628353,0.007268222488732377,0.03373479051415971,0.018188242264738426
658,0.3290500000000003,1.3755845999503863e-08,1576.0113852038862,0.5016449654788936,0.9165932996617396,0.7497798989852186,0.6038181733932627,0.05131414741992625,0.007268209555447317,0.0337345954826597,0.018188062737330285
659,0.3295500000000003,1.3748297968868984e-08,1575.9424388856428,0.5018757815756566,0.9166319299708211,0.7498957899124635,0.6040016673614007,0.05131346740823538,0.007268196507985274,0.03373439873097405,0.01818788162797093
660,0.3300500000000003,1.3740769647732397e-08,1575.8735562820107,0.5021063839637054,0.916670524512754,0.7500115735382623,0.6041849914355818,0.05131278148978632,0.007268183346886708,0.0337342002672943,0.018187698944239755
661,0.3305500000000003,1.3733260956761655e-08,1575.8047372911224,0.5023367729397068,0.9167090833371895,0.7501272500115683,0.6043681458516498,0.051312089689338425,0.007268170072618837,0.03373400009870767,0.018187514692699712
662,0.3310500000000003,1.3725771820775819e-08,1575.7359818004975,0.5025669487997781,0.9167476064936867,0.7502428194810601,0.6045511308450119,0.05131139203322751,0.0072681566856791086,0.033733798232757316,0.018187328880333538
663,0.3315500000000003,1.3718302164779018e-08,1575.6672896987484,0.5027969118394897,0.9167860940317138,0.7503582820951412,0.6047339466506404,0.051310688547569816,0.007268143186560733,0.03373359467692265,0.01818714151406542
664,0.3320500000000003,1.3710851910006968e-08,1575.5986608872588,0.5030266623538655,0.916824546000647,0.7504736380019409,0.604916593503073,0.05130997925647003,0.007268129575718305,0.033733389438100836,0.018186952600283687
665,0.3325500000000003,1.3703420985788303e-08,1575.5300952451041,0.5032562006373841,0.9168629624497713,0.7505888873493142,0.6050990716364141,0.0513092641874044,0.007268115853671094,0.03373318252416445,0.018186762146274606
666,0.3330500000000003,1.3696009317677262e-08,1575.4615926641256,0.5034855269839805,0.9169013434282812,0.7507040302848439,0.605281381284336,0.05130854336583914,0.007268102020899781,0.03373297394240428,0.018186570158788995
667,0.3335500000000003,1.3688616827463589e-08,1575.3931530488996,0.5037146416870474,0.91693968898528,0.7508190669558398,0.6054635226800795,0.051307816815235135,0.007268088077846549,0.033732763699530655,0.01818637664404351
668,0.3340500000000003,1.3681243445014567e-08,1575.324776281696,0.5039435450394355,0.91697799916978,0.75093399750934,0.605645496056455,0.051307084562425165,0.007268074025018271,0.033732551803229455,0.018186181609152814
669,0.3345500000000003,1.3673889096427063e-08,1575.2564622575135,0.5041722373334564,0.9170162740307041,0.751048822092112,0.605827301645844,0.05130634663223808,0.007268059862883342,0.03373233826060653,0.018185985060697785
670,0.3350500000000003,1.3666553711917007e-08,1575.1882108607244,0.5044007188608821,0.9170545136168841,0.7511635408506522,0.6060089396801992,0.051305603051082574,0.007268045591940471,0.033732123079224775,0.018185787005680028
671,0.3355500000000003,1.3659237213994867e-08,1575.1200220000665,0.5046289899129475,0.9170927179770623,0.751278153931187,0.606190410391046,0.05130485384157884,0.007268031212615637,0.033731906265550594,0.018185587450092012
672,0.3360500000000003,1.36519395332284e-08,1575.0518955619712,0.5048570507803509,0.9171308871598913,0.7513926614796742,0.606371714009484,0.05130409902971904,0.007268016725399521,0.03373168782702607,0.018185386400824285
673,0.3365500000000003,1.3644660596420247e-08,1574.9838314455535,0.5050849017532558,0.9171690212139341,0.7515070636418022,0.6065528507661867,0.05130333863949964,0.00726800213074449,0.033731467770515604,0.018185183864235788
674,0.3370500000000003,1.3637400334480486e-08,1574.915829539289,0.5053125431212917,0.9172071201876638,0.7516213605629916,0.6067338208914034,0.05130257269649969,0.0072679874291332715,0.03373124610334149,0.018184979847106937
675,0.3375500000000003,1.3630158674556748e-08,1574.847889744311,0.5055399751735553,0.9172451841294654,0.751735552388396,0.6069146246149603,0.0513018012243066,0.007267972621010353,0.0337310228322495,0.018184774355687605
676,0.3380500000000003,1.3622935547898358e-08,1574.7800119511082,0.5057671981986124,0.9172832130876339,0.7518496392629017,0.6070952621662609,0.05130102424809163,0.007267957706850614,0.03373079796444369,0.01818456739664952
677,0.3385500000000003,1.3615730885919993e-08,1574.7121960511718,0.5059942124844978,0.9173212071103761,0.7519636213311286,0.607275733774287,0.051300241792823144,0.007267942687125031,0.03373057150706931,0.018184358976610315
678,0.3390500000000003,1.3608544612354794e-08,1574.644441960242,0.5062210183187182,0.9173591662458105,0.7520774987374319,0.6074560396676003,0.051299453879699766,0.007267927562232202,0.03373034346618046,0.018184149101183447
679,0.3395500000000003,1.3601376666800356e-08,1574.5767495485193,0.5064476159882522,0.9173970905419669,0.7521912716259007,0.6076361800743427,0.051298660536858776,0.007267912332703914,0.03373011384983936,0.01818393777783057
680,0.3400500000000003,1.3594226973325106e-08,1574.5091187336957,0.5066740057795515,0.9174349800467868,0.7523049401403605,0.6078161552222376,0.0512978617851022,0.007267896998931136,0.03372988266398513,0.018183725012059438
681,0.3405500000000003,1.3587095464010118e-08,1574.4415494111706,0.506900187978543,0.9174728348081245,0.752418504424373,0.6079959653385907,0.051297057648603775,0.007267881561369549,0.03372964991553269,0.018183510810275878
682,0.3410500000000003,1.3579982071098118e-08,1574.3740414773124,0.5071261628706294,0.9175106548737456,0.7525319646212366,0.6081756106502911,0.051296248151340824,0.00726786602047106,0.03372941561134,0.018183295178833367
683,0.3415500000000003,1.3572886726992767e-08,1574.3065948294459,0.50735193074069,0.9175484402913288,0.7526453208739865,0.608355091383812,0.05129543331709547,0.007267850376683821,0.0337291797582085,0.018183078124033365
684,0.3420500000000003,1.3565809368168642e-08,1574.2392093542487,0.5075774918730828,0.9175861911084657,0.7527585733253973,0.6085344077652123,0.05129461317123592,0.007267834630486427,0.03372894236339865,0.018182859652599827
685,0.3425500000000003,1.3558749919525624e-08,1574.171884974152,0.5078028465516453,0.9176239073726604,0.752871722117981,0.6087135600201365,0.05129378773359695,0.007267818782251233,0.03372870343256919,0.01818263976978266
686,0.3430500000000003,1.3551708321765293e-08,1574.1046215661188,0.5080279950596954,0.9176615891313297,0.7529847673939893,0.6088925483738165,0.051292957030942006,0.007267802832483615,0.03372846297338437,0.018182418482677452
687,0.3435500000000003,1.3544684504017186e-08,1574.0374190428456,0.508252937680033,0.9176992364318047,0.753097709295414,0.6090713730510723,0.051292121084504906,0.007267786781582774,0.03372822099190777,0.018182195796906754
688,0.3440500000000003,1.3537678399478953e-08,1573.9702773063511,0.508477674694941,0.9177368493213292,0.7532105479639871,0.6092500342763129,0.05129127991711051,0.007267770629978457,0.03372797749466347,0.01818197171851693
689,0.3445500000000003,1.3530689941504926e-08,1573.9031962595734,0.5087022063861862,0.9177744278470604,0.7533232835411813,0.6094285322735371,0.05129043355139589,0.007267754378096799,0.033727732488121165,0.018181746253504313
690,0.3450500000000003,1.3523719071402575e-08,1573.8361757832108,0.5089265330350213,0.9178119720560705,0.7534359161682116,0.609606867266335,0.05128958201336347,0.007267738026428556,0.03372748597972473,0.018181519408761723
691,0.3455500000000003,1.3516765715032372e-08,1573.7692158051857,0.5091506549221854,0.9178494819953449,0.7535484459860345,0.609785039477888,0.05128872532172378,0.007267721575324456,0.03372723797480715,0.018181291189239467
692,0.3460500000000003,1.350982981400371e-08,1573.7023162080186,0.5093745723279048,0.9178869577117832,0.7536608731353497,0.6099630491309704,0.05128786350210697,0.007267705025268108,0.0337269884807045,0.01818106160173119
693,0.3465500000000003,1.3502911302278802e-08,1573.6354768982803,0.5095982855318956,0.9179243992522002,0.7537731977566002,0.6101408964479504,0.05128699657640692,0.007267688376671365,0.03372673750367128,0.018180830652035226
694,0.3470500000000003,1.3496010113973189e-08,1573.568697783428,0.5098217948133632,0.9179618066633245,0.7538854199899733,0.6103185816507909,0.05128612456633569,0.00726767162994259,0.03372648504990928,0.018180598345901442
695,0.3475500000000003,1.3489126187243604e-08,1573.5019787602446,0.5100451004510046,0.9179991799917999,0.7539975399753998,0.6104961049610497,0.05128524749519727,0.007267654785520718,0.033726231126081196,0.01818036468950381
696,0.3480500000000003,1.3482259456504214e-08,1573.4353197379526,0.5102682027230091,0.9180365192841855,0.754109557852557,0.6106734665998816,0.0512843653843415,0.007267637843807153,0.033725975738283974,0.018180129688495708
697,0.3485500000000003,1.3475409860205105e-08,1573.3687206150962,0.5104911019070595,0.9180738245869556,0.7542214737608668,0.6108506667880389,0.051283478256711104,0.00726762080523389,0.03372571889307573,0.018179893348954874
698,0.3490500000000003,1.3468577333056482e-08,1573.3021813026382,0.5107137982803331,0.9181110959464992,0.7543332878394977,0.6110277057458715,0.05128258613329835,0.007267603670195469,0.03372546059644991,0.018179655676439435
699,0.3495500000000003,1.3461761813799222e-08,1573.2357017008594,0.5109362921195035,0.918148333409122,0.7544450002273657,0.6112045836933292,0.05128168903668927,0.007267586439117036,0.03372520085486135,0.018179416676932115
700,0.3500500000000003,1.345496324131569e-08,1573.1692817109058,0.511158583700741,0.9181855370210446,0.7545566110631337,0.6113813008499615,0.05128078698929222,0.007267569112420334,0.03372493967471355,0.018179176356368322
701,0.3505500000000003,1.3448181554629124e-08,1573.102921234783,0.5113806732997139,0.9182227068284039,0.7546681204852119,0.611557857434919,0.05127988001333903,0.007267551690523714,0.03372467706235889,0.018178934720636447
702,0.3510500000000003,1.3441416689028246e-08,1573.0366201868737,0.51160256119159,0.9182598428772535,0.7547795286317608,0.6117342536669543,0.05127896812911828,0.007267534173808202,0.033724413023587134,0.01817869177510718
703,0.3515500000000003,1.3434668583822074e-08,1572.9703784708702,0.5118242476510373,0.9182969452135628,0.7548908356406883,0.611910489764423,0.051278051358514085,0.007267516562685478,0.033724147564650045,0.018178447525576288
704,0.3520500000000003,1.342793717845866e-08,1572.9041959913077,0.5120457329522256,0.9183340138832176,0.7550020416496529,0.6120865659452839,0.051277129723237266,0.007267498857563896,0.033723880691749274,0.018178201977793424
705,0.3525500000000003,1.3421222412524485e-08,1572.838072653556,0.5122670173688268,0.9183710489320214,0.7551131467960637,0.6122624824271009,0.051276203244826554,0.007267481058848506,0.033723612411036656,0.018177955137462377
706,0.3530500000000003,1.341452422574387e-08,1572.7720083638148,0.5124881011740177,0.9184080504056934,0.7552241512170801,0.6124382394270433,0.0512752719446496,0.007267463166941082,0.03372334272861457,0.01817770701024139
707,0.3535500000000003,1.3407842557978367e-08,1572.7060030291077,0.5127089846404785,0.9184450183498708,0.7553350550496126,0.6126138371618868,0.05127433584390406,0.007267445182240133,0.0337230716505362,0.01817745760174344
708,0.3540500000000003,1.340117734922618e-08,1572.6400565572749,0.5129296680403967,0.9184819528101081,0.7554458584303249,0.6127892758480142,0.05127339496361867,0.007267427105140931,0.033722799182805886,0.018177206917536524
709,0.3545500000000003,1.339452853962157e-08,1572.5741688569706,0.5131501516454666,0.9185188538318774,0.7555565614956319,0.612964555701417,0.05127244932465431,0.007267408936035522,0.03372252533137942,0.01817695496314394
710,0.3550500000000003,1.3387896073293606e-08,1572.508339826166,0.5133704357268903,0.9185557214605673,0.7556671643817022,0.6131396769376952,0.0512714989494674,0.007267390675346629,0.033722250102674704,0.018176701744514124
711,0.3555500000000003,1.3381279886783752e-08,1572.4425693866183,0.5135905205553798,0.9185925557414862,0.7557776672244584,0.6133146397720592,0.05127054385682253,0.007267372323426031,0.033721973502040606,0.0181764472666119
712,0.3560500000000003,1.3374679920630951e-08,1572.3768574493827,0.5138104064011574,0.918629356719859,0.755888070159577,0.6134894444193302,0.05126958406708332,0.007267353880656249,0.033721695535289066,0.018176191534828152
713,0.3565500000000003,1.3368096123215104e-08,1572.3112039033554,0.514030093533957,0.9186661244408295,0.7559983733224889,0.6136640910939407,0.05126861960397024,0.007267335347484309,0.03372141620920436,0.018175934555448234
714,0.3570500000000003,1.3361528427627211e-08,1572.245608684131,0.5142495822230252,0.9187028589494602,0.756108576848381,0.6138385800099364,0.05126765048399725,0.0072673167242187685,0.03372113552848368,0.018175676332837364
715,0.3575500000000003,1.3354976786355188e-08,1572.1800716707207,0.5144688727371226,0.9187395602907319,0.7562186808721956,0.6140129113809761,0.0512666767323167,0.0072672980113341916,0.03372085350032619,0.018175416873662503
716,0.3580500000000003,1.3348441132756602e-08,1572.1145928002654,0.5146879653445243,0.9187762285095438,0.7563286855286314,0.6141870854203331,0.05126569836512096,0.007267279209132971,0.033720570129336117,0.01817515618220325
717,0.3585500000000003,1.3341921411873775e-08,1572.0491719762695,0.5149068603130216,0.918812863650715,0.7564385909521447,0.6143611023408958,0.05126471540372092,0.007267260318015866,0.033720285421600174,0.018174894264103066
718,0.3590500000000003,1.3335417572716605e-08,1571.9838090915648,0.5151255579099231,0.918849465758983,0.7565483972769489,0.6145349623551689,0.05126372787102291,0.007267241338414315,0.03371999938366738,0.018174631125430604
719,0.3595500000000003,1.3328929552883454e-08,1571.9185040741172,0.515344058402055,0.918886034879005,0.756658104637015,0.6147086656752738,0.0512627357845017,0.007267222270655375,0.033719712020513604,0.018174366770807252
720,0.3600500000000003,1.3322457297790879e-08,1571.8532568297417,0.5155623620557633,0.9189225710553578,0.7567677131660737,0.6148822125129499,0.051261739164989086,0.007267203115130636,0.03371942333808715,0.018174101205748975
721,0.3605500000000003,1.3316000749138698e-08,1571.7880672764534,0.5157804691369142,0.918959074332538,0.756877222997614,0.6150556030795553,0.05126073803140369,0.0072671838721949196,0.03371913334178228,0.018173834435261965
722,0.3610500000000003,1.3309559856428883e-08,1571.722935310141,0.5159983799108953,0.9189955447549615,0.7569866342648846,0.6152288375860673,0.05125973240601766,0.007267164542267526,0.03371884203796479,0.018173566465246087
723,0.3615500000000003,1.330313455777221e-08,1571.6578608617542,0.5162160946426162,0.9190319823669651,0.7570959471008951,0.615401916243084,0.051258722305683686,0.007267145125663591,0.03371854943143069,0.018173297300157123
724,0.3620500000000003,1.3296724802913545e-08,1571.5928438286778,0.5164336135965111,0.9190683872128053,0.7572051616384157,0.6155748392608247,0.05125770775236264,0.007267125622796452,0.033718255528455844,0.018173026945812094
725,0.3625500000000003,1.3290330534047801e-08,1571.5278841319002,0.5166509370365377,0.919104759336659,0.7573142780099771,0.6157476068491304,0.051256688764354005,0.00726710603400908,0.03371796033425563,0.018172755407052404
726,0.3630500000000003,1.3283951697325835e-08,1571.4629816817128,0.5168680652261805,0.9191410987826243,0.7574232963478731,0.6159202192174655,0.05125566536155779,0.007267086359675223,0.033717663854509146,0.018172482689146018
727,0.3635500000000003,1.3277588239017235e-08,1571.3981363891407,0.5170849984284497,0.9191774055947197,0.7575322167841589,0.6160926765749182,0.051254637563721325,0.007267066600165706,0.03371736609485143,0.018172208797320257
728,0.3640500000000003,1.3271240105509828e-08,1571.3333481659356,0.517301736905884,0.9192136798168843,0.7576410394506531,0.6162649791302007,0.05125360539044027,0.007267046755848457,0.03371706706087371,0.018171933736762097
729,0.3645500000000003,1.3264907243309192e-08,1571.2686169245735,0.517518280920551,0.9192499214929793,0.7577497644789377,0.6164371270916514,0.051252568861159434,0.007267026827088511,0.03371676675812364,0.018171657512618362
730,0.3650500000000003,1.3258589595216158e-08,1571.203942589645,0.5177346307340479,0.9192861306667863,0.7578583920003589,0.6166091206672347,0.05125152799342521,0.00726700681421442,0.033716465191599015,0.018171380129530026
731,0.3655500000000003,1.3252287111795937e-08,1571.1393250636493,0.5179507866075032,0.9193223073820088,0.7579669221460267,0.6167809600645422,0.05125048280813359,0.007266986717619155,0.0337161623672682,0.018171101593030762
732,0.3660500000000003,1.3245999736086022e-08,1571.0747642725894,0.5181667488015771,0.9193584516822723,0.758075355046817,0.6169526454907935,0.05124943332253534,0.007266966537625606,0.033715858290043595,0.018170821907682867
733,0.3665500000000003,1.3239727418880021e-08,1571.0102601203835,0.5183825175764634,0.9193945636111236,0.7581836908333708,0.617124177152837,0.051248379557229946,0.007266946274621071,0.03371555296580798,0.018170541078941123
734,0.3670500000000003,1.323347010726485e-08,1570.945812523048,0.5185980931918894,0.9194306432120316,0.758291929636095,0.6172955552571506,0.05124732153092205,0.007266925928956431,0.03371524639989528,0.018170259111755405
735,0.3675500000000003,1.3227227748442259e-08,1570.881421397291,0.5188134759071183,0.9194666905283881,0.758400071585164,0.617466780009843,0.05124625926217095,0.007266905500979783,0.03371493859759747,0.018169976011036926
736,0.3680500000000003,1.3221000285917192e-08,1570.8170866718822,0.5190286659809491,0.9195027056035062,0.7585081168105184,0.6176378516166541,0.051245192767647066,0.007266884991002916,0.033714629563659324,0.018169691781193542
737,0.3685500000000003,1.3214787674743664e-08,1570.7528082421554,0.5192436636717179,0.9195386884806221,0.7586160654418668,0.6178087702829557,0.0512441220691113,0.007266864399435531,0.03371431930430084,0.01816940642798985
738,0.3690500000000003,1.3208589862459628e-08,1570.6885860268858,0.5194584692372995,0.9195746392028953,0.7587239176086861,0.6179795362137528,0.05124304718469025,0.007266843726617453,0.03371400782468908,0.018169119956221925
739,0.3695500000000003,1.3202406792910227e-08,1570.6244199568798,0.5196730829351079,0.9196105578134073,0.7588316734402216,0.6181501496136842,0.05124196813062625,0.007266822972852281,0.03371369512944523,0.018168832370183744
740,0.3700500000000003,1.3196238417668147e-08,1570.5603099408909,0.5198875050220974,0.9196464443551626,0.7589393330654881,0.618320610687023,0.051240884926506906,0.007266802138507974,0.033713381224160024,0.018168543675060888
741,0.3705500000000003,1.319008468460875e-08,1570.4962558997026,0.5201017357547634,0.9196822988710902,0.7590468966132703,0.618490919637678,0.05123979759003595,0.007266781223916268,0.03371306611387845,0.018168253875536947
742,0.3710500000000003,1.3183945545519352e-08,1570.4322577434168,0.5203157753891442,0.919718121404041,0.7591543642121227,0.6186610766691942,0.05123870614051821,0.007266760229439718,0.03371274980410968,0.018167962976722293
743,0.3715500000000003,1.3177820952291273e-08,1570.3683153828092,0.5205296241808213,0.9197539119967901,0.7592617359903705,0.6188310819847533,0.05123761059711739,0.0072667391554381835,0.03371243230032218,0.018167670983689786
744,0.3720500000000003,1.3171710849325611e-08,1570.3044287519956,0.5207432823849205,0.9197896706920369,0.7593690120761108,0.6190009357871753,0.05123651097537902,0.00726671800220194,0.03371211360693596,0.018167377900547996
745,0.3725500000000003,1.3165615188730964e-08,1570.2405977630604,0.5209567502561134,0.919825397532404,0.7594761925972119,0.6191706382789186,0.051235407294191196,0.00726669677008558,0.03371179372933999,0.01816708373229646
746,0.3730500000000003,1.3159533922718628e-08,1570.1768223287481,0.5211700280486177,0.919861092560438,0.7595832776813143,0.619340189662081,0.05123429957230341,0.007266675459441049,0.0337114726728832,0.018166788483897855
747,0.3735500000000003,1.3153466999810531e-08,1570.113102373782,0.5213831160161987,0.9198967558186107,0.759690267455832,0.6195095901384007,0.05123318782659048,0.007266654070584245,0.03371115044237139,0.018166492159815265
748,0.3740500000000003,1.3147414372427342e-08,1570.0494378122019,0.5215960144121704,0.9199323873493173,0.7597971620479518,0.6196788399092569,0.051232072075529225,0.007266632603861909,0.0337108270430749,0.01816619476493885
749,0.3745500000000003,1.3141375989302999e-08,1569.9858285700088,0.5218087234893959,0.9199679871948779,0.7599039615846339,0.6198479391756704,0.051230952335724805,0.007266611059584786,0.0337105024797217,0.01816589630365997
750,0.3750500000000003,1.3135351803065812e-08,1569.9222745625214,0.522021243500289,0.9200035553975379,0.7600106661926138,0.620016888138305,0.05122982862538462,0.007266589438094471,0.03371017675750441,0.018165596780797127
751,0.37555000000000033,1.3129341766444672e-08,1569.8587757056955,0.5222335746968151,0.920039091999467,0.760117275998401,0.6201856869974681,0.051228700962581544,0.007266567739729987,0.033709849881576825,0.018165296201133052
752,0.37605000000000033,1.31233458284857e-08,1569.7953319274231,0.5224457173304917,0.9200745970427602,0.7602237911282804,0.6203543359531106,0.051227569363521325,0.007266545964794454,0.033709521856551745,0.018164994568952878
753,0.37655000000000033,1.3117363945904103e-08,1569.731943133619,0.5226576716523901,0.9201100705694377,0.7603302117083129,0.620522835204829,0.05122643384774495,0.007266524113655188,0.03370919268800896,0.018164691889430835
754,0.37705000000000033,1.3111396064169096e-08,1569.6686092647133,0.5228694379131362,0.9201455126214453,0.7604365378643362,0.6206911849518656,0.05122529442946249,0.007266502186576943,0.033708862379983114,0.01816438816632025
755,0.37755000000000033,1.3105442143973644e-08,1569.605330216579,0.5230810163629108,0.9201809232406545,0.7605427697219636,0.620859385393109,0.051224151129683475,0.007266480183955339,0.03370853093848014,0.01816408340518698
756,0.37805000000000033,1.3099502130991327e-08,1569.5421059308687,0.5232924072514517,0.9202163024688621,0.7606489074065867,0.6210274367270955,0.051223003962358835,0.00726645810605018,0.033708198367459946,0.018163777609715437
757,0.37855000000000033,1.3093575978556243e-08,1569.4789363272598,0.5235036108280539,0.9202516503477915,0.7607549510433744,0.6211953391520094,0.05122185294477511,0.00726643595318548,0.0337078646718496,0.018163470784479253
758,0.37905000000000033,1.3087663643872824e-08,1569.4158213147673,0.5237146273415705,0.9202869669190914,0.760860900757274,0.6213630928656837,0.0512206980958191,0.007266413725716077,0.033707529857040334,0.018163162934478717
759,0.37955000000000033,1.3081765080465103e-08,1569.352760814298,0.5239254570404144,0.9203222522243373,0.7609667566730114,0.6215306980656015,0.05121953943251801,0.00726639142396104,0.03370719392788449,0.018162854064218525
760,0.38005000000000033,1.307588023818484e-08,1569.2897547586242,0.5241361001725588,0.9203575063050307,0.7610725189150923,0.6216981549488961,0.051218376970043736,0.007266369048203752,0.0337068568886967,0.01816254417770887
761,0.38055000000000033,1.3070009074522192e-08,1569.2268030585803,0.5243465569855381,0.9203927292026005,0.7611781876078015,0.6218654637123525,0.05121721072689853,0.0072663465987917114,0.03370651874475739,0.01816223327984783
762,0.38105000000000033,1.3064151535759196e-08,1569.1639056593754,0.524556827726449,0.9204279209584014,0.7612837628752046,0.6220326245524072,0.051216040716276556,0.007266324075970271,0.03370617949980815,0.01816192137411852
763,0.38155000000000033,1.3058307587107904e-08,1569.1010624505238,0.5247669126419515,0.9204630816137158,0.7613892448411472,0.6221996376651497,0.05121486695988109,0.007266301480148598,0.033705839160058,0.018161608466272548
764,0.38205000000000033,1.3052477175043206e-08,1569.0382733784074,0.5249768119782697,0.9204982112097523,0.7614946336292567,0.6223665032463233,0.0512136894706573,0.007266278811567292,0.033705497729176755,0.01816129455972684
765,0.38255000000000033,1.3046660257430818e-08,1568.975538356231,0.525186525981193,0.9205333097876475,0.7615999293629421,0.622533221491325,0.05121250826660529,0.007266256070564282,0.03370515521230015,0.01816097965924598
766,0.38305000000000033,1.304085678846524e-08,1568.9128573090316,0.5253960548960771,0.9205683773884648,0.7617051321653944,0.6226997925952077,0.05121132336387571,0.007266233257441918,0.033704811614027885,0.018160663769101616
767,0.38355000000000034,1.3035066726192674e-08,1568.8502301511912,0.5256053989678445,0.9206034140531957,0.7618102421595871,0.6228662167526797,0.05121013478021994,0.00726621037253339,0.03370446693942407,0.018160346893992218
768,0.38405000000000034,1.3029290017479208e-08,1568.787656831359,0.5258145584409859,0.9206384198227591,0.7619152594682775,0.623032494158106,0.05120894252809818,0.007266187416070035,0.033704121192018634,0.018160029037205743
769,0.38455000000000034,1.3023526628068267e-08,1568.7251372426044,0.5260235335595612,0.9206733947380019,0.7620201842140057,0.623198625005509,0.05120774662846333,0.007266164388446735,0.0337037743778046,0.0181597102042944
770,0.38505000000000034,1.3017776505014246e-08,1568.6626713347039,0.5262323245671998,0.9207083388396988,0.7621250165190963,0.623364609488569,0.051206547093535386,0.007266141289890245,0.03370342650024266,0.018159390398482276
771,0.38555000000000034,1.3012039610480695e-08,1568.600259013102,0.5264409317071024,0.9207432521685528,0.762229756505658,0.6235304478006253,0.05120534394230134,0.0072661181207576446,0.03370307756475621,0.018159069624797658
772,0.38605000000000034,1.3006315895462933e-08,1568.5379002174643,0.5266493552220414,0.9207781347651951,0.7623344042955856,0.6236961401346772,0.05120413718846539,0.0072660948813043115,0.0337027275752368,0.018158747886860515
773,0.38655000000000034,1.3000605322297352e-08,1568.4755948543757,0.5268575953543619,0.9208129866701861,0.7624389600105583,0.623861686683384,0.05120292685077304,0.007266071571882725,0.03370237653703832,0.018158425189634966
774,0.38705000000000034,1.299490784216132e-08,1568.4133428646046,0.5270656523459831,0.9208478079240139,0.7625434237720419,0.6240270876390661,0.05120171294269259,0.007266048192743766,0.03370202445398434,0.01815810153667827
775,0.38755000000000034,1.2989223413818477e-08,1568.351144167057,0.5272735264383985,0.9208825985670961,0.762647795701288,0.624192343193706,0.05120049548101337,0.007266024744202292,0.033701671330861896,0.018157776932433214
776,0.38805000000000034,1.2983551992374293e-08,1568.2889986923878,0.5274812178726771,0.9209173586397786,0.7627520759193358,0.6243574535389483,0.05119927448068936,0.00726600122653784,0.03370131717192591,0.018157451380853333
777,0.38855000000000034,1.2977893540506665e-08,1568.2269063494177,0.5276887268894648,0.9209520881823373,0.7628562645470116,0.6245224188661017,0.051198049959991415,0.007265977640093858,0.03370096198239364,0.018157124886776645
778,0.38905000000000034,1.2972248009752807e-08,1568.1648670810816,0.5278960537289848,0.9209867872349765,0.7629603617049295,0.6246872393661386,0.05119682193192429,0.007265953985112384,0.03370060576595511,0.018156797453637175
779,0.38955000000000034,1.2966615359221664e-08,1568.1028808084739,0.5281031986310387,0.9210214558378307,0.7630643675134922,0.6248519152296961,0.051195590412811,0.0072659302618993974,0.03370024852726308,0.01815646908575378
780,0.39005000000000034,1.2960995544369172e-08,1568.0409474644055,0.5283101618350073,0.9210560940309636,0.7631682820928908,0.625016446647077,0.05119435541714465,0.007265906470725651,0.033699890270439736,0.01815613978695753
781,0.39055000000000034,1.29553885282093e-08,1567.979066959875,0.528516943579852,0.9210907018543686,0.7632721055631057,0.6251808338082506,0.05119311696273239,0.007265882611925767,0.03369953100056889,0.01815580956196321
782,0.39105000000000034,1.29497942663663e-08,1567.917239228764,0.5287235441041148,0.9211252793479691,0.7633758380439071,0.6253450769028528,0.0511918750638389,0.00726585868576615,0.03369917072170696,0.01815547841454119
783,0.39155000000000034,1.2944212714552941e-08,1567.8554642054705,0.5289299636459202,0.9211598265516185,0.7634794796548553,0.6255091761201875,0.05119062973461766,0.007265834692511083,0.033698809437878355,0.018155146348432256
784,0.39205000000000034,1.2938643836029322e-08,1567.7937418025977,0.5291362024429754,0.9211943435051004,0.7635830305153014,0.6256731316492273,0.05118938099253403,0.007265810632488687,0.033698447154068514,0.018154813368260407
785,0.39255000000000034,1.2933087586674546e-08,1567.732071955593,0.529342260732572,0.9212288302481292,0.7636864907443875,0.6258369436786138,0.05118812885151701,0.007265786505958969,0.03369808387423723,0.0181544794777068
786,0.39305000000000034,1.2927543922455201e-08,1567.670454600411,0.5295481387515858,0.921263286820349,0.7637898604610474,0.6260006123966582,0.05118687332538643,0.007265762313179859,0.0336977196023128,0.01815414468042355
787,0.39355000000000034,1.2922012806874594e-08,1567.6088896512274,0.5297538367364787,0.9212977132613354,0.7638931397840061,0.626164137991343,0.05118561443127171,0.007265738054473085,0.03369735434318404,0.01815380898094542
788,0.39405000000000034,1.2916494199786877e-08,1567.5473770338913,0.529959354923299,0.9213321096105941,0.7639963288317819,0.6263275206503214,0.051184352184480454,0.007265713730125297,0.03369698810121145,0.018153472383321483
789,0.39455000000000034,1.2910988057404738e-08,1567.4859166858953,0.5301646935476826,0.921366475907562,0.7640994277226858,0.6264907605609192,0.05118308659850255,0.0072656893403881435,0.03369662088022839,0.01815313489111619
790,0.39505000000000035,1.290549433974704e-08,1567.424508534099,0.530369852844854,0.9214008121916073,0.7642024365748221,0.6266538579101351,0.05118181768842824,0.007265664885544137,0.03369625268453278,0.018152796508320856
791,0.39555000000000035,1.2900013006912125e-08,1567.3631525058706,0.5305748330496269,0.9214351185020295,0.7643053555060888,0.6268168128846406,0.05118054546923898,0.00726564036587372,0.03369588351839127,0.018152457238897902
792,0.39605000000000035,1.2894544019077509e-08,1567.301848529083,0.5307796343964052,0.9214693948780593,0.7644081846341784,0.6269796256707824,0.05117926995580811,0.007265615781655278,0.0336955133860394,0.018152117086781022
793,0.39655000000000035,1.2889087332784303e-08,1567.240596543221,0.5309842571191838,0.9215036413588593,0.7645109240765777,0.6271422964545813,0.05117799116119657,0.007265591133132291,0.033695142291186995,0.01815177605542067
794,0.39705000000000035,1.2883642915799583e-08,1567.1793964549279,0.5311887014515498,0.9215378579835231,0.764613573950569,0.6273048254217342,0.05117670910347371,0.007265566420644801,0.0336947702389976,0.018151434149603095
795,0.39755000000000035,1.2878210724819705e-08,1567.1182482046872,0.531392967626683,0.9215720447910768,0.7647161343732299,0.6274672127576141,0.051175423795486584,0.007265541644432221,0.033694397233119525,0.01815109137272194
796,0.39805000000000035,1.287279072033583e-08,1567.0571517223573,0.5315970558773574,0.9216062018204781,0.7648186054614347,0.6276294586472716,0.05117413525168215,0.007265516804764824,0.03369402327766564,0.018150747728597632
797,0.39855000000000035,1.2867382862916769e-08,1566.9961069382857,0.5318009664359411,0.9216403291106177,0.7649209873318532,0.6277915632754343,0.05117284348640231,0.007265491901910888,0.03369364837671857,0.018150403221022692
798,0.39905000000000035,1.2861987113208684e-08,1566.935113783305,0.5320046995343981,0.9216744267003176,0.7650232801009531,0.627953526826509,0.05117154851388452,0.007265466936136701,0.033693272534330916,0.018150057853761878
799,0.39955000000000035,1.2856603431934783e-08,1566.8741721887307,0.5322082554042888,0.9217084946283329,0.7651254838849986,0.6281153494845811,0.05117025034826237,0.007265441907706579,0.03369289575452537,0.01814971163055237
800,0.40005000000000035,1.2851231783599376e-08,1566.8132820752758,0.5324116342767707,0.9217425329333508,0.7652275988000523,0.6282770314334161,0.051168949005266195,0.00726541681691565,0.033692518041788376,0.018149364555557324
801,0.40055000000000035,1.2845872125371436e-08,1566.7524433863014,0.5326148363825998,0.9217765416539917,0.7653296249619748,0.62843857285646,0.05116764449712228,0.007265391663991508,0.03369213939958959,0.018149016632005455
802,0.40105000000000035,1.2840524421904806e-08,1566.6916560434802,0.5328178619521308,0.9218105208288084,0.7654315624864255,0.6285999739368404,0.05116633683935488,0.007265366449225365,0.033691759832356165,0.01814866786400517
803,0.40155000000000035,1.2835188634223297e-08,1566.6309199800398,0.5330207112153186,0.9218444704962876,0.7655334114888629,0.6287612348573662,0.05116502604568601,0.007265341172873708,0.03369137934399245,0.01814831825518434
804,0.40205000000000035,1.282986472342633e-08,1566.5702351296754,0.5332233844017188,0.9218783906948482,0.7656351720845451,0.6289223558005296,0.05116371212973684,0.0072653158351911095,0.03369099793837377,0.018147967809144024
805,0.40255000000000035,1.2824552654385245e-08,1566.5096014154883,0.5334258817404887,0.9219122814628433,0.76573684438853,0.6290833369485057,0.05116239510672473,0.007265290436462948,0.03369061561983906,0.018147616529911138
806,0.40305000000000035,1.2819252384650047e-08,1566.449018783166,0.5336282034603879,0.9219461428385587,0.765838428515676,0.6292441784831535,0.05116107498837288,0.007265264976907248,0.03369023239171325,0.018147264420580757
807,0.40355000000000035,1.2813963882932339e-08,1566.3884871456903,0.5338303497897795,0.9219799748602142,0.7659399245806424,0.6294048805860172,0.05115975179139345,0.007265239456838277,0.03368984825876977,0.01814691148557873
808,0.40405000000000035,1.2808687106929774e-08,1566.3280064496664,0.5340323209566311,0.9220137775659633,0.7660413326978901,0.629565443438326,0.05115842552731121,0.007265213876470284,0.03368946322427647,0.018146557727947415
809,0.40455000000000035,1.2803422021801349e-08,1566.2675766200557,0.5342341171885151,0.9220475509938937,0.7661426529816812,0.6297258672209953,0.05115709621094313,0.007265188236081041,0.033689077292457195,0.0181462031516074
810,0.40505000000000035,1.2798168589084825e-08,1566.2071975933213,0.53443573871261,0.9220812951820268,0.7662438855460804,0.6298861521146272,0.051155763855312904,0.0072651625359137625,0.03368869046701544,0.018145847760001072
811,0.40555000000000035,1.279292677407908e-08,1566.1468692953433,0.534637185755701,0.9221150101683182,0.7663450305049545,0.6300462982995113,0.051154428475039634,0.007265136776242465,0.03368830275211821,0.018145491556996483
812,0.40605000000000036,1.2787696538464278e-08,1566.0865916634896,0.5348384585441808,0.922148695990658,0.7664460879719737,0.630206305955625,0.0511530900829517,0.00726511095730665,0.03368791415141287,0.01814513454598415
813,0.40655000000000036,1.278247784399363e-08,1566.026364635569,0.535039557304051,0.9221823526868705,0.7665470580606113,0.6303661752626346,0.05115174869178167,0.007265085079343996,0.033687524668519195,0.018144776730329132
814,0.40705000000000036,1.2777270659859093e-08,1565.9661881277952,0.5352404822609224,0.922215980294715,0.766647940884145,0.6305259063998964,0.051150404317547374,0.007265059142655594,0.033687134308011187,0.01814441811427295
815,0.40755000000000036,1.2772074944268646e-08,1565.9060620898904,0.5354412336400156,0.9222495788518854,0.7667487365556563,0.6306854995464559,0.051149056971097735,0.007265033147442837,0.03368674307296227,0.01814405870067844
816,0.40805000000000036,1.2766890666548493e-08,1565.8459864389674,0.535641811666163,0.9222831483960104,0.7668494451880318,0.6308449548810501,0.05114770666825684,0.007265007094003142,0.03368635096789079,0.018143698493735698
817,0.40855000000000036,1.276171778504933e-08,1565.785961125616,0.5358422165638084,0.9223166889646542,0.7669500668939624,0.6310042725821071,0.05114635341968521,0.0072649809825343185,0.033685957995815974,0.018143337496257506
818,0.40905000000000036,1.275655626923056e-08,1565.7259860678394,0.5360424485570081,0.9223502005953153,0.7670506017859455,0.631163452827747,0.051144997241015386,0.007264954813330148,0.033685564161201144,0.01814297571238311
819,0.40955000000000036,1.2751406077584525e-08,1565.666061217081,0.5362425078694322,0.9223836833254281,0.7671510499762839,0.6313224957957829,0.051143638142721604,0.0072649285865849,0.03368516946701195,0.018142613144875815
820,0.41005000000000036,1.2746267179702802e-08,1565.6061864922222,0.5364423947243655,0.9224171371923624,0.7672514115770872,0.6314814016637215,0.05114227614024697,0.007264902302588759,0.03368477391765731,0.018142249797824583
821,0.41055000000000036,1.2741139541563448e-08,1565.5463618235844,0.5366421093447074,0.9224505622334238,0.7673516867002714,0.6316401706087632,0.051140911247252265,0.007264875961597548,0.03368437751702886,0.018141885674843032
822,0.41105000000000036,1.2736023121867102e-08,1565.486587163882,0.5368416519529737,0.9224839584858533,0.7674518754575601,0.6317988028078033,0.0511395434739352,0.007264849563800279,0.033683980268012725,0.01814152077862103
823,0.41155000000000036,1.2730917890399502e-08,1565.4268624333001,0.5370410227712972,0.922517325986828,0.767551977960484,0.631957298437433,0.05113817283545774,0.007264823109481805,0.03368358217493709,0.018141155113172904
824,0.41205000000000036,1.2725823809668457e-08,1565.3671875744121,0.5372402220214278,0.9225506647734608,0.7676519943203822,0.6321156576739385,0.05113679934351984,0.00726479659886019,0.03368318324112494,0.018140788681589512
825,0.41255000000000036,1.2720740845918312e-08,1565.3075625192341,0.5374392499247345,0.9225839748828009,0.7677519246484023,0.6322738806933036,0.051135423011414646,0.007264770032184275,0.03368278347036225,0.01814042148738687
826,0.41305000000000036,1.2715668969122355e-08,1565.247987189245,0.5376381067022056,0.9226172563518336,0.7678517690555007,0.6324319676712095,0.05113404385402551,0.007264743409733629,0.03368238286689724,0.01814005353450537
827,0.41355000000000036,1.2710608138320316e-08,1565.1884615392325,0.537836792574449,0.9226505092174809,0.767951527652443,0.6325899187830347,0.051132661881098336,0.007264716731688681,0.03368198143348614,0.018139684825514885
828,0.41405000000000036,1.2705558319951444e-08,1565.1289855024636,0.5380353077616942,0.9226837335166015,0.7680512005498047,0.6327477342038573,0.05113127710565494,0.007264689998293124,0.03368157917383699,0.018139315363859394
829,0.41455000000000036,1.2700519484178817e-08,1565.069559001674,0.5382336524837922,0.9227169292859904,0.7681507878579711,0.6329054141084541,0.05112988954230673,0.007264663209821367,0.0336811760921199,0.018138945153407107
830,0.41505000000000036,1.2695491597563133e-08,1565.0101819709732,0.5384318269602165,0.9227500965623794,0.768250289687138,0.6330629586713018,0.05112849920389366,0.0072646363665136585,0.03368077219199074,0.01813857419755375
831,0.41555000000000036,1.2690474619411794e-08,1564.9508543667591,0.538629831410064,0.9227832353824376,0.7683497061473125,0.6332203680665781,0.05112710609980979,0.007264609468543739,0.03368036747610456,0.01813820249877575
832,0.41605000000000036,1.2685468520075546e-08,1564.8915761130017,0.5388276660520562,0.9228163457827708,0.7684490373483127,0.6333776424681619,0.05112571024439914,0.007264582516180948,0.033679961948554694,0.018137830060870348
833,0.41655000000000036,1.2680473269961426e-08,1564.8323471340943,0.5390253311045391,0.9228494277999229,0.7685482833997686,0.6335347820496336,0.05112431165191482,0.0072645555096929075,0.03367955561340842,0.018137456887610672
834,0.41705000000000036,1.2675488828571776e-08,1564.7731673876256,0.5392228267854848,0.922882481470374,0.7686474444111222,0.6336917869842766,0.05112291033149064,0.007264528449248413,0.033679148473246,0.018137082981404058
835,0.41755000000000037,1.2670515170090723e-08,1564.7140367878703,0.5394201533124922,0.9229155068305427,0.768746520491628,0.6338486574450775,0.05112150629888117,0.007264501335144141,0.033678740532571534,0.018136708346424495
836,0.41805000000000037,1.2665552254149389e-08,1564.654955293199,0.5396173109027869,0.9229485039167845,0.7688455117503533,0.634005393604726,0.05112009956304917,0.00726447416754564,0.03367833179391612,0.01813633298503389
837,0.41855000000000037,1.2660600055048714e-08,1564.5959228186998,0.5398142997732234,0.9229814727653931,0.768944418296179,0.6341619956356168,0.05111869013957355,0.007264446946746259,0.03367792226173347,0.018135956901359638
838,0.41905000000000037,1.2655658532547662e-08,1564.5369393235142,0.540011120140285,0.9230144134125999,0.7690432402377999,0.63431846370985,0.05111727803724796,0.007264419672908333,0.03367751193850605,0.018135580097718727
839,0.41955000000000037,1.265072766106311e-08,1564.478004723536,0.5402077722200848,0.9230473258945748,0.7691419776837245,0.6344747979992306,0.051115863271477525,0.007264392346321918,0.03367710082863774,0.018135202578192466
840,0.42005000000000037,1.2645807404125961e-08,1564.4191189677715,0.5404042562283664,0.9230802102474253,0.7692406307422761,0.6346309986752704,0.051114445852560815,0.007264364967178475,0.03367668893504885,0.018134824345499623
841,0.42055000000000037,1.264089772897668e-08,1564.3602819947057,0.5406005723805051,0.9231130665071976,0.7693391995215926,0.6347870659091882,0.05111302579238621,0.0072643375357001935,0.033676276261121955,0.018134445402783344
842,0.42105000000000037,1.2635998602915781e-08,1564.3014937432074,0.5407967208915078,0.9231458947098758,0.7694376841296274,0.63494299987191,0.05111160310275832,0.007264310052107681,0.03367586281021555,0.01813406575316451
843,0.42155000000000037,1.2631109996944378e-08,1564.2427541416444,0.5409927019760148,0.9231786948913833,0.7695360846741497,0.6350988007340703,0.051110177797068376,0.007264282516652221,0.03367544858614954,0.01813368540018755
844,0.42205000000000037,1.2626231878478158e-08,1564.184063129661,0.5411885158483001,0.9232114670875815,0.7696344012627448,0.6352544686660127,0.051108749886952645,0.007264254929551229,0.033675033592234144,0.018133304346928676
845,0.42255000000000037,1.2621364214992228e-08,1564.1254206472788,0.5413841627222721,0.9232442113342714,0.7697326340028144,0.6354100038377896,0.051107319383964914,0.007264227291020553,0.03367461783175586,0.018132922596442228
846,0.42305000000000037,1.261650697402085e-08,1564.0668266348944,0.5415796428114744,0.9232769276671923,0.7698307830015773,0.6355654064191638,0.05110588629957703,0.007264199601274489,0.03367420130797768,0.018132540151760784
847,0.42355000000000037,1.2611660126792425e-08,1564.008281022414,0.5417749563290871,0.923309616122023,0.7699288483660689,0.6357206765796091,0.05110445064684654,0.0072641718605580005,0.03367378402462376,0.018132157016340224
848,0.42405000000000037,1.2606823637320948e-08,1563.94978376185,0.5419701034879266,0.9233422767343811,0.7700268302031431,0.6358758144883099,0.05110301243541405,0.007264144069050063,0.033673365984425434,0.018131773192724666
849,0.42455000000000037,1.2601997476949286e-08,1563.891334783857,0.5421650845004471,0.9233749095398238,0.7701247286194713,0.6360308203141629,0.051101571678174036,0.007264116226992545,0.033672947191060044,0.018131388684326722
850,0.42505000000000037,1.2597181617073046e-08,1563.8329340194718,0.5423598995787414,0.9234075145738478,0.7702225437215438,0.6361856942257778,0.05110012838793798,0.007264088334625755,0.0336725276481812,0.01813100349453698
851,0.4255500000000004,1.259237602188119e-08,1563.7745814218067,0.5425545489345414,0.9234400918718897,0.7703202756156693,0.6363404363914764,0.051098682574106005,0.0072640603921241,0.03367210735845111,0.018130617625835725
852,0.4260500000000004,1.2587580662882558e-08,1563.7162769226331,0.5427490327792187,0.9234726414693253,0.770417924407976,0.6364950469792952,0.05109723424932923,0.007264032399724845,0.03367168632547734,0.018130231081571004
853,0.4265500000000004,1.2582795508011294e-08,1563.6580204649388,0.5429433513237859,0.9235051634014705,0.7705154902044113,0.6366495261569846,0.05109578342451405,0.007264004357631567,0.03367126455236057,0.01812984386462533
854,0.4270500000000004,1.257802052888449e-08,1563.599811981235,0.5431375047788966,0.9235376577035811,0.7706129731107431,0.6368038740920099,0.05109433011215087,0.007263976266078488,0.03367084204266225,0.018129455978304104
855,0.4275500000000004,1.257325569354691e-08,1563.541651415235,0.543331493354847,0.9235701244108532,0.7707103732325591,0.636958090951552,0.051092874322987654,0.007263948125266183,0.033670418799437586,0.018129067425447815
856,0.4280500000000004,1.2568500973723094e-08,1563.4835387001815,0.5435253172615765,0.9236025635584227,0.7708076906752684,0.6371121769025085,0.051091416069355765,0.007263919935425865,0.033669994826202435,0.01812867820931967
857,0.4285500000000004,1.2563756333946302e-08,1563.4254737913222,0.5437189767086675,0.923634975181367,0.7709049255441008,0.6372661321114931,0.05108995536018623,0.00726389169672304,0.03366957012548429,0.018128288332275432
858,0.4290500000000004,1.2559021749671826e-08,1563.3674566117948,0.5439124719053476,0.9236673593147025,0.7710020779441077,0.637419956744837,0.05108849220931479,0.007263863409418065,0.03366914470123702,0.018127897797980106
859,0.4295500000000004,1.2554297189163275e-08,1563.3094871067385,0.5441058030604894,0.9236997159933874,0.7710991479801621,0.6375736509685899,0.05108702662717766,0.007263835073705608,0.03366871855642635,0.018127506609191435
860,0.4300500000000004,1.2549582620740527e-08,1563.2515652216357,0.5442989703826111,0.9237320452523199,0.7711961357569596,0.6377272149485194,0.05108555862413528,0.0072638066897788975,0.033668291693996266,0.018127114768647066
861,0.4305500000000004,1.2544878016395405e-08,1563.1936908915116,0.5444919740798781,0.9237643471263395,0.7712930413790182,0.6378806488501123,0.05108408821213011,0.00726377825786178,0.03366786411735106,0.018126722279507037
862,0.4310500000000004,1.254018334455562e-08,1563.1358640625463,0.5446848143601034,0.9237966216502265,0.7713898649506795,0.638033952838576,0.05108261540137005,0.007263749778144597,0.033667435829390926,0.01812632914446851
863,0.4315500000000004,1.2535498580930906e-08,1563.0780846596756,0.5448774914307478,0.9238288688587025,0.7714866065761077,0.6381871270788372,0.05108114020530061,0.007263721250880322,0.03366700683395786,0.018125935367092984
864,0.4320500000000004,1.2530823690440171e-08,1563.020352640565,0.5450700054989215,0.9238610887864304,0.7715832663592912,0.6383401717355442,0.05107966263232144,0.007263692676224388,0.03366657713342683,0.018125540949595197
865,0.4325500000000004,1.2526158645283951e-08,1562.9626679416356,0.5452623567713841,0.9238932814680141,0.7716798444040422,0.6384930869730668,0.051078182694070565,0.007263664054394879,0.033666146731114795,0.01812514589505442
866,0.4330500000000004,1.2521503417712475e-08,1562.9050304996556,0.5454545454545456,0.9239254469379994,0.7717763408139978,0.6386458729554966,0.051076700402109945,0.007263635385608439,0.03366571563031693,0.01812475020652975
867,0.4335500000000004,1.2516857976417678e-08,1562.8474402625156,0.5456465717544676,0.9239575852308733,0.7718727556926197,0.6387985298466479,0.051075215766272476,0.007263606670048305,0.03366528383382583,0.018124353886618854
868,0.4340500000000004,1.2512222297359101e-08,1562.7898971568993,0.5458384358768634,0.923989696381065,0.771969089143195,0.6389510578100588,0.05107372879962375,0.007263577907960265,0.03366485134537461,0.018123956938782472
869,0.4345500000000004,1.250759634572473e-08,1562.7324011421397,0.546030138027099,0.9240217804229454,0.7720653412688363,0.6391034570089908,0.05107223951019599,0.007263549099492787,0.033664418167232736,0.018123559365137827
870,0.4350500000000004,1.2502980097573556e-08,1562.6749521456024,0.5462216784101938,0.9240538373908274,0.7721615121724823,0.6392557276064302,0.051070747910906066,0.007263520244888845,0.03366398430309067,0.018123161169106203
871,0.4355500000000004,1.249837351820067e-08,1562.6175501272708,0.5464130572308213,0.924085867318966,0.7722576019568977,0.6394078697650881,0.05106925400964246,0.007263491344294178,0.033663549755176596,0.01812276235276667
872,0.4360500000000004,1.2493776587364921e-08,1562.5601950044363,0.54660427469331,0.9241178702415582,0.7723536107246745,0.6395598836474012,0.05106775782082473,0.007263462397980899,0.03366311452761874,0.018122362919941955
873,0.4365500000000004,1.2489189270463757e-08,1562.5028867377375,0.5467953310016436,0.9241498461927438,0.7724495385782311,0.6397117694155325,0.05106625935219715,0.007263433406092015,0.0336626786226039,0.018121962872672846
874,0.4370500000000004,1.248461154374895e-08,1562.445625255895,0.5469862263594627,0.9241817952066046,0.7725453856198139,0.639863527231372,0.051064758616381815,0.00726340436886493,0.03366224204373808,0.01812156221430248
875,0.4375500000000004,1.2480043376320735e-08,1562.3884105094478,0.5471769609700645,0.9242137173171655,0.7726411519514969,0.6400151572565367,0.05106325562263012,0.007263375286471865,0.03366180479364706,0.018121160947274232
876,0.4380500000000004,1.2475484740928389e-08,1562.3312424385174,0.5473675350364043,0.924245612558394,0.7727368376751822,0.6401666596523716,0.05106175038177112,0.007263346159115594,0.03366136687541586,0.018120759074452798
877,0.4385500000000004,1.2470935606774406e-08,1562.2741209942799,0.5475579487610956,0.9242774809642001,0.7728324428926003,0.6403180345799505,0.05106024290291575,0.0072633169869656755,0.03366092829162994,0.018120356598244278
878,0.4390500000000004,1.2466395950300535e-08,1562.2170461067776,0.5477482023464112,0.9243093225684371,0.7729279677053111,0.6404692822000759,0.05105873319839764,0.007263287770254062,0.03366048904581265,0.018119953521915314
879,0.4395500000000004,1.2461865744398768e-08,1562.1600177171124,0.5479382959942837,0.9243411374049011,0.773023412214703,0.6406204026732799,0.051057221278831715,0.0072632585091794806,0.03366004914098762,0.01811954984827381
880,0.4400500000000004,1.2457344958417731e-08,1562.1030357774205,0.5481282299063066,0.9243729255073316,0.7731187765219949,0.6407713961598254,0.05105570715311803,0.007263229203907496,0.03365960857967986,0.018119145579669926
881,0.4405500000000004,1.2452833565347638e-08,1562.0461002294342,0.5483180042837346,0.9244046869094116,0.7732140607282348,0.6409222628197053,0.05105419083173274,0.007263199854634206,0.033659167364873184,0.01811874071887475
882,0.4410500000000004,1.2448331541813601e-08,1561.9892110045027,0.5485076193274843,0.9244364216447671,0.7733092649343019,0.6410730028126443,0.05105267232672498,0.007263170461586189,0.03365872550000946,0.01811833526907949
883,0.4415500000000004,1.2443838853722134e-08,1561.9323680664031,0.5486970752381354,0.9244681297469683,0.7734043892409048,0.6412236162980993,0.05105115164514514,0.00726314102489329,0.03365828298707629,0.018117929232140787
884,0.4420500000000004,1.2439355481378358e-08,1561.875571336421,0.5488863722159307,0.9244998112495282,0.7734994337485845,0.6413741034352588,0.051049628800545935,0.0072631115448112595,0.0336578398299537,0.018117522611651574
885,0.4425500000000004,1.2434881390786936e-08,1561.818820778945,0.5490755104607774,0.9245314661859042,0.7735943985577125,0.6415244643830448,0.051048103799842676,0.007263082021467382,0.033657396030590495,0.018117115409432644
886,0.4430500000000004,1.2430416558757595e-08,1561.7621163265867,0.5492644901722478,0.9245630945894975,0.7736892837684926,0.6416746993001132,0.051046576654808044,0.00726305245508301,0.033656951592349334,0.018116707628601895
887,0.4435500000000004,1.2425960962140978e-08,1561.7054579122882,0.5494533115495791,0.9245946964936533,0.7737840894809602,0.6418248083448537,0.051045047377144,0.00726302284587816,0.03365650651857263,0.018116299272258485
888,0.4440500000000004,1.2421514567087702e-08,1561.6488455013405,0.5496419747916755,0.9246262719316611,0.7738788157949836,0.6419747916753905,0.051043515973565934,0.007262993193976331,0.033656060811151835,0.018115890342170163
889,0.4445500000000004,1.2417077350541347e-08,1561.5922790272946,0.5498304800971079,0.9246578209367545,0.7739734628102635,0.6421246494495837,0.05104198245564154,0.0072629634995950015,0.033655614473390875,0.018115480841400466
890,0.4450500000000004,1.2412649289485953e-08,1561.535758424026,0.5500188276641147,0.9246893435421113,0.7740680306263338,0.6422743818250284,0.05104044683486876,0.0072629337629503314,0.03365516750857372,0.018115070772994468
891,0.4455500000000004,1.2408230350216585e-08,1561.4792836577121,0.5502070176906028,0.9247208397808541,0.774162519342562,0.6424239889590566,0.051038909117766394,0.007262903984162096,0.033654719918535386,0.018114660138667735
892,0.4460500000000004,1.2403820509809247e-08,1561.4228546628278,0.5503950503741484,0.9247523096860499,0.7742569290581498,0.6425734710087372,0.05103736931570029,0.007262874163443957,0.03365427170652198,0.0181142489414303
893,0.4465500000000004,1.2399419745379954e-08,1561.3664713741657,0.5505829259119971,0.9247837532907107,0.7743512598721324,0.6427228281308763,0.05103582743996767,0.0072628443010082835,0.033653822875759985,0.018113837184274006
894,0.4470500000000004,1.2395028026939352e-08,1561.3101337481282,0.5507706445010652,0.9248151706277933,0.7744455118833802,0.6428720604820184,0.0510342834985284,0.00726281439700284,0.0336533734285047,0.018113424869299594
895,0.4475500000000004,1.239064533169067e-08,1561.2538417201108,0.5509582063379401,0.9248465617301993,0.7745396851905976,0.6430211682184462,0.05103273750254762,0.007262784451637501,0.03365292336794477,0.018113011999463885
896,0.4480500000000004,1.238627162973652e-08,1561.1975952470973,0.5511456116188809,0.9248779266307751,0.7746337798923252,0.6431701514961815,0.05103118945985662,0.007262754465057595,0.03365247269629862,0.018112598576833512
897,0.4485500000000004,1.2381906898366717e-08,1561.1413942650795,0.551332860539819,0.9249092653623129,0.7747277960869384,0.6433190104709858,0.05102963938148986,0.007262724437470526,0.03365202141671745,0.01811218460433064
898,0.4490500000000004,1.2377551114910357e-08,1561.0852387103596,0.5515199532963597,0.9249405779575497,0.7748217338726492,0.6434677452983613,0.05102808727841491,0.007262694369082438,0.033651569532333336,0.018111770084859726
899,0.4495500000000004,1.2373204246036742e-08,1561.029128551417,0.5517068900837815,0.9249718644491683,0.7749155933475054,0.6436163561335502,0.05102653315663959,0.007262664260003421,0.03365111704483465,0.01811135502000075
900,0.4500500000000004,1.2368866272729488e-08,1560.9730637145083,0.5518936710970377,0.9250031248697971,0.7750093746093915,0.6437648431315363,0.0510249770286353,0.007262634110468808,0.03365066395779187,0.018110939413060034
901,0.4505500000000004,1.2364537165314618e-08,1560.917044158053,0.552080296530757,0.9250343592520096,0.7751030777560286,0.6439132064470453,0.051023418901915744,0.00726260392061792,0.033650210273332364,0.01811052326601995
902,0.4510500000000004,1.2360216901292007e-08,1560.8610698195196,0.5522667665792433,0.9250655676283253,0.7751967028849758,0.644061446234545,0.05102185878719263,0.007262573690652063,0.03364975599451489,0.018110106581717106
903,0.4515500000000004,1.2355905458200108e-08,1560.805140636677,0.552453081436478,0.9250967500312098,0.7752902500936291,0.6442095626482461,0.051020296695112405,0.007262543420771317,0.033649301124379576,0.01810968936297084
904,0.4520500000000004,1.2351602802935587e-08,1560.7492565793943,0.5526392412961193,0.9251279064930743,0.775383719479223,0.6443575558421032,0.05101873263137388,0.007262513111079913,0.03364884566452608,0.01810927161127911
905,0.4525500000000004,1.2347308920242508e-08,1560.6934175648057,0.5528252463515032,0.9251590370462767,0.77547711113883,0.6445054259698142,0.05101716660975418,0.007262482761838657,0.03364838961890676,0.018108853330297662
906,0.4530500000000004,1.2343023777105177e-08,1560.6376235633322,0.5530110967956445,0.9251901417231203,0.7755704251693614,0.644653173184822,0.051015598635829565,0.00726245237314946,0.033647932989086145,0.01810843452149196
907,0.4535500000000004,1.2338747354786238e-08,1560.5818745032911,0.5531967928212373,0.9252212205558557,0.775663661667567,0.6448007976403143,0.05101402872162283,0.007262421945239196,0.033647475778506374,0.01810801518804944
908,0.4540500000000004,1.2334479627471026e-08,1560.5261703344727,0.5533823346206554,0.9252522735766788,0.7757568207300363,0.644948299489224,0.051012456875840786,0.0072623914782705065,0.033647017989644194,0.018107595332271964
909,0.4545500000000004,1.2330220565833653e-08,1560.4705110175178,0.5535677223859533,0.9252833008177329,0.7758499024531983,0.6450956788842307,0.05101088310550563,0.007262360972373406,0.033646559624486,0.018107174956011524
910,0.4550500000000004,1.2325970151253728e-08,1560.4148964816038,0.553752956308867,0.9253143023111073,0.7759429069333224,0.6452429359777604,0.05100930742245253,0.007262330427771227,0.03364610068642022,0.01810675406240583
911,0.4555500000000004,1.2321728358040524e-08,1560.3593266773496,0.5539380365808139,0.925345278088839,0.7760358342665173,0.6453900709219859,0.05100772983520579,0.00726229984462316,0.033645641177871326,0.01810633265370835
912,0.4560500000000004,1.2317495156995338e-08,1560.3038015662066,0.5541229633928942,0.9253762281829111,0.7761286845487336,0.645537083868828,0.05100615035060812,0.007262269223055822,0.033645181100774225,0.01810591073172346
913,0.4565500000000004,1.2313270533162509e-08,1560.2483210676392,0.5543077369358919,0.925407152625254,0.7762214578757616,0.6456839749699559,0.05100456898193135,0.007262238563320498,0.03364472045893681,0.018105488299973042
914,0.4570500000000004,1.2309054453874745e-08,1560.1928851542039,0.5544923574002736,0.9254380514477446,0.7763141543432336,0.6458307443767866,0.051002985734276696,0.007262207865510099,0.033644259253787265,0.018105065359796498
915,0.4575500000000004,1.2304846900702625e-08,1560.1374937564851,0.5546768249761915,0.9254689246822079,0.7764067740466234,0.645977392240487,0.05100140061917234,0.007262177129842169,0.03364379748862621,0.018104641914250198
916,0.4580500000000004,1.2300647848157963e-08,1560.0821468264571,0.5548611398534831,0.9254997723604155,0.7764993170812466,0.6461239187119739,0.050999813644844044,0.007262146356470257,0.033643335165792564,0.018104217965508432
917,0.4585500000000004,1.2296457274338293e-08,1560.026844305814,0.5550453022216707,0.9255305945140871,0.7765917835422614,0.646270323941914,0.050998224821078304,0.007262115545578198,0.03364287228808021,0.018103793516162557
918,0.4590500000000004,1.2292275150291804e-08,1559.9715861575985,0.5552293122699641,0.9255613911748893,0.7766841735246682,0.6464166080807247,0.050996634154365325,0.007262084697285941,0.033642408857322975,0.018103368567923456
919,0.4595500000000004,1.2288101454196281e-08,1559.9163723240313,0.5554131701872599,0.9255921623744369,0.7767764871233105,0.6465627712785749,0.05099504165437529,0.007262053811775123,0.033641944876281415,0.018102943123351624
920,0.4600500000000004,1.2283936167806353e-08,1559.8612027370816,0.5555968761621423,0.9256229081442916,0.7768687244328748,0.6467088136853851,0.050993447332335094,0.007262022889257613,0.033641480348169966,0.018102517185423606
921,0.4605500000000004,1.2279779262290001e-08,1559.8060773605755,0.5557804303828839,0.9256536285159639,0.7769608855478914,0.6468547354508282,0.05099185119456188,0.007261991929850081,0.03364101527477287,0.01810209075580437
922,0.4610500000000004,1.2275630715937153e-08,1559.750996137539,0.555963833037447,0.9256843235209116,0.7770529705627348,0.6470005367243302,0.05099025325054943,0.0072619609337308405,0.03364054965880016,0.01810166383700768
923,0.4615500000000004,1.2271490507073668e-08,1559.6959590112697,0.5561470843134828,0.925714993190541,0.7771449795716232,0.6471462176550701,0.05098865350973273,0.007261929901077092,0.0336400835029451,0.0181012364315317
924,0.4620500000000004,1.2267358610525461e-08,1559.6409659358405,0.5563301843983335,0.9257456375562064,0.7772369126686194,0.6472917783919806,0.05098705197987435,0.007261898832033627,0.0336396168094139,0.018100808541427912
925,0.4625500000000004,1.2263235001158894e-08,1559.5860168655736,0.556513133479032,0.9257762566492105,0.7773287699476311,0.6474372190837493,0.05098544866868137,0.007261867726744186,0.03363914958039683,0.018100380168733072
926,0.4630500000000004,1.2259119660947406e-08,1559.5311117340427,0.5566959317423027,0.9258068505008038,0.7774205515024114,0.6475825398788181,0.0509838435870305,0.0072618365854140296,0.03363868181900815,0.018099951316330912
927,0.4635500000000004,1.2255012564830727e-08,1559.4762504960916,0.5568785793745623,0.9258374191421862,0.7775122574265585,0.6477277409253843,0.050982236742514585,0.007261805408184743,0.03363821352740544,0.018099521986227902
928,0.4640500000000004,1.2250913691319657e-08,1559.4214330963187,0.5570610765619209,0.9258679626045055,0.7776038878135167,0.6478728223714016,0.050980628144282815,0.007261774195228133,0.033637744708200135,0.01809909218084647
929,0.4645500000000004,1.2246823015430358e-08,1559.3666594900703,0.5572434234901816,0.9258984809188588,0.7776954427565765,0.6480177843645796,0.05097901779981701,0.007261742946683685,0.03363727536351801,0.018098661902163648
930,0.4650500000000004,1.2242740515747434e-08,1559.3119296224536,0.5574256203448419,0.9259289741162915,0.7777869223488747,0.6481626270523848,0.050977405718154595,0.007261711662721097,0.03363680549593846,0.01809823115257222
931,0.4655500000000004,1.2238666167362958e-08,1559.2572434493095,0.557607667311094,0.9259594422277982,0.7778783266833945,0.6483073505820413,0.05097579190666747,0.0072616803434777735,0.03363633510755579,0.01809779993402008
932,0.4660500000000004,1.2234599952461136e-08,1559.2026009057788,0.5577895645738253,0.9259898852843222,0.7779696558529667,0.6484519551005306,0.050974176375890703,0.007261648989152536,0.033635864201386506,0.018097368249300427
933,0.4665500000000004,1.2230541846205927e-08,1559.148001948207,0.5579713123176196,0.9260203033167564,0.7780609099502692,0.648596440754593,0.050972559133085446,0.0072616175998807,0.033635392779493185,0.01809693610033179
934,0.4670500000000004,1.2226491827324523e-08,1559.0934465227144,0.5581529107267574,0.9260506963559426,0.778152089067828,0.6487408076907277,0.050970940187066854,0.00726158617582777,0.03363492084439163,0.01809650348944805
935,0.4675500000000004,1.22224498710558e-08,1559.038934586133,0.5583343599852163,0.9260810644326721,0.7782431932980165,0.6488850560551929,0.050969319544988505,0.007261554717127025,0.033634448398113574,0.01809607041853921
936,0.4680500000000004,1.2218415956199272e-08,1558.9844660850747,0.5585156602766719,0.9261114075776856,0.7783342227330571,0.6490291859940069,0.050967697215557176,0.007261523223941922,0.03363397544314377,0.018095636889910404
937,0.4685500000000004,1.2214390065109154e-08,1558.9300409559562,0.5586968117844981,0.9261417258216734,0.77842517746502,0.6491731976529483,0.05096607320902968,0.007261491696466038,0.033633501982419205,0.018095202906281135
938,0.4690500000000004,1.221037216961122e-08,1558.8756591667893,0.5588778146917683,0.9261720191952751,0.7785160575858252,0.6493170911775564,0.05096444753079311,0.007261460134798444,0.03363302801745741,0.01809476846906967
939,0.4695500000000004,1.2206362252128962e-08,1558.8213206544826,0.5590586691812555,0.9262022877290805,0.7786068631872413,0.649460866713132,0.05096282019099616,0.007261428539130681,0.03363255355116444,0.01809433358096685
940,0.4700500000000004,1.2202360288081144e-08,1558.7670253770768,0.5592393754354331,0.9262325314536289,0.7786975943608869,0.6496045244047376,0.050961191196525285,0.0072613969095909805,0.03363207858549549,0.018093898243791845
941,0.4705500000000004,1.21983662599566e-08,1558.7127732719825,0.5594199336364755,0.9262627503994101,0.7787882511982304,0.6497480643971981,0.050959560557420173,0.007261365246368828,0.03363160312332542,0.01809346246020661
942,0.4710500000000004,1.2194380139729151e-08,1558.6585643081448,0.5596003439662587,0.9262929445968633,0.7788788337905902,0.649891486835101,0.05095792827886008,0.00726133354955936,0.0336311271661122,0.018093026231574293
943,0.4715500000000004,1.2190401913469512e-08,1558.6043984130365,0.559780606606361,0.9263231140763785,0.7789693422291353,0.6500347918627974,0.05095629437237952,0.00726130181938115,0.03363065071716715,0.01809258956095659
944,0.4720500000000004,1.2186431553223085e-08,1558.550275556068,0.5599607217380633,0.9263532588682951,0.7790597766048853,0.6501779796244018,0.05095465884305451,0.007261270055927385,0.03363017377791864,0.018092152449689262
945,0.4725500000000004,1.218246904161149e-08,1558.4961956756233,0.5601406895423501,0.9263833790029039,0.7791501370087113,0.6503210502637929,0.050953021700711934,0.007261238259383536,0.03362969635118067,0.018091714900377885
946,0.4730500000000004,1.2178514354264772e-08,1558.442158731154,0.5603205101999102,0.9264134745104452,0.7792404235313356,0.6504640039246148,0.050951382951926284,0.007261206429871942,0.033629218438819074,0.01809127691475891
947,0.4735500000000004,1.217456747386857e-08,1558.388164661529,0.5605001838911365,0.9264435454211106,0.7793306362633321,0.650606840750276,0.050949742606418685,0.0072611745675760855,0.033628740043617614,0.018090838495409888
948,0.4740500000000004,1.2170628376121282e-08,1558.3342134266645,0.5606797107961277,0.9264735917650423,0.779420775295127,0.6507495608839509,0.05094810067066108,0.007261142672616363,0.03362826116741275,0.018090399644040092
949,0.4745500000000004,1.2166697043772125e-08,1558.2803049659108,0.560859091094688,0.9265036135723328,0.7795108407169983,0.6508921644685804,0.05094645715426984,0.007261110745174285,0.033627781812958314,0.01808996036319932
950,0.4750500000000004,1.2162773449081842e-08,1558.2264392500308,0.5610383249663281,0.9265336108730257,0.7796008326190769,0.6510346516468717,0.050944812062019534,0.0072610787853373306,0.0336273019815962,0.018089520654143373
951,0.4755500000000004,1.2158857578370637e-08,1558.1726162084528,0.5612174125902657,0.9265635836971157,0.7796907510913468,0.6511770225612991,0.05094316540502013,0.007261046793316082,0.03362682167651645,0.018089080519821506
952,0.4760500000000004,1.2154949407472282e-08,1558.1188358020086,0.5613963541454265,0.9265935320745483,0.779780596223645,0.6513192773541048,0.05094151718954168,0.007261014769227126,0.033626340899497696,0.01808863996188945
953,0.4765500000000004,1.2151048915759696e-08,1558.0650979813665,0.5615751498104441,0.9266234560352207,0.7798703681056622,0.6514614161672986,0.05093986742340033,0.007260982713217112,0.03362585965276981,0.01808819898241631
954,0.4770500000000004,1.2147156082638109e-08,1558.011402697425,0.5617537997636609,0.9266533556089809,0.7799600668269429,0.6516034391426593,0.05093821611436197,0.007260950625431741,0.033625377938548265,0.01808775758345786
955,0.4775500000000004,1.2143270887544986e-08,1557.9577499013085,0.5619323041831292,0.9266832308256284,0.780049692476885,0.6517453464217345,0.05093656327014249,0.007260918506015772,0.03362489575903425,0.018087315767056616
956,0.4780500000000004,1.2139393313448711e-08,1557.9041395340112,0.5621106632466106,0.926713081714914,0.7801392451447418,0.6518871381458412,0.050934908899999826,0.0072608863551439605,0.033624413116879075,0.01808687353566743
957,0.4785500000000004,1.213552333285212e-08,1557.850571567832,0.5622888771315779,0.9267429083065404,0.7802287249196207,0.6520288144560662,0.05093325300836634,0.007260854172897308,0.03362393001332654,0.018086430890455328
958,0.4790500000000004,1.2131660932285207e-08,1557.7970459338585,0.5624669460152152,0.9267727106301614,0.7803181318904846,0.6521703754932673,0.05093159560599233,0.007260821959479633,0.03362344645146392,0.018085987834274318
959,0.4795500000000004,1.2127806084318974e-08,1557.7435626048193,0.5626448700744175,0.9268024887153836,0.7804074661461511,0.6523118213980725,0.05092993669721464,0.007260789714970125,0.03362296243250763,0.01808554436826408
960,0.4800500000000004,1.2123958779036803e-08,1557.690121501924,0.5628226494857934,0.9268322425917646,0.7804967277752939,0.6524531523108817,0.05092827629427222,0.007260757439601602,0.033622477959979906,0.018085100495676833
961,0.4805500000000004,1.2120118985580848e-08,1557.6367226086736,0.5630002844256635,0.9268619722888141,0.780585916866442,0.6525943683718665,0.05092661439981693,0.007260725133420556,0.033621993034606,0.018084656217202025
962,0.4810500000000004,1.2116286690598764e-08,1557.5833658570773,0.5631777750700624,0.9268916778359938,0.7806750335079812,0.6527354697209701,0.050924951024399145,0.00726069279662704,0.03362150765941607,0.018084211535640715
963,0.4815500000000004,1.2112461873778657e-08,1557.530051200052,0.5633551215947384,0.9269213592627178,0.7807640777881532,0.6528764564979093,0.05092328617534174,0.0072606604293584,0.033621021836498836,0.018083766452931267
964,0.4820500000000004,1.2108644511349979e-08,1557.476778601053,0.5635323241751554,0.9269510165983523,0.7808530497950571,0.6530173288421737,0.05092161985833342,0.007260628031720233,0.03362053556746638,0.018083320970575266
965,0.4825500000000004,1.2104834586555446e-08,1557.423548003099,0.5637093829864915,0.9269806498722161,0.7809419496166484,0.6531580868930268,0.05091995208218948,0.007260595603878951,0.033620048854843425,0.018082875090910288
966,0.4830500000000004,1.2101032079176708e-08,1557.3703593597538,0.5638862982036414,0.9270102591135801,0.7810307773407406,0.6532987307895057,0.05091828285409021,0.0072605631459692075,0.03361956170067788,0.018082428815836896
967,0.4835500000000004,1.209723696902639e-08,1557.3172126247955,0.5640630700012162,0.9270398443516681,0.781119533055004,0.653439260670423,0.050916612181168844,0.007260530658124768,0.033619074107004175,0.018081982147243193
968,0.4840500000000004,1.2093449239433542e-08,1557.2641077419103,0.5642396985535434,0.9270694056156559,0.7812082168469674,0.6535796766743651,0.050914940072095446,0.007260498140509309,0.03361858607630553,0.018081535087428283
969,0.4845500000000004,1.2089668866784706e-08,1557.2110446756117,0.5644161840346686,0.9270989429346727,0.7812968288040176,0.6537199789396947,0.050913266532324926,0.007260465593224014,0.03361809761012708,0.018081087637831766
970,0.4850500000000004,1.2085895834468202e-08,1557.1580233700165,0.5645925266183557,0.9271284563378,0.7813853690134003,0.6538601676045506,0.0509115915704331,0.007260433016430784,0.033617608710925076,0.01808063980072776
971,0.4855500000000004,1.2082130118934006e-08,1557.1050437900485,0.5647687264780868,0.9271579458540731,0.7814738375622193,0.6540002428068472,0.050909915191783804,0.007260400410229078,0.03361711938021856,0.018080191577531723
972,0.4860500000000004,1.2078371707110503e-08,1557.0521058699646,0.5649447837870637,0.9271874115124792,0.781562234537438,0.6541402046842766,0.05090823740644044,0.007260367774809789,0.03361662962089857,0.01807974297091575
973,0.4865500000000004,1.207462057202733e-08,1556.9992095853884,0.5651206987182081,0.9272168533419596,0.7816505600258786,0.6542800533743077,0.050906558218094464,0.007260335110239895,0.03361613943399646,0.01807929398184833
974,0.4870500000000004,1.2070876704148225e-08,1556.946354860732,0.5652964714441617,0.9272462713714079,0.7817388141142235,0.6544197890141872,0.05090487763829509,0.007260302416739257,0.033615648822837615,0.0180788446133991
975,0.4875500000000004,1.2067140076564378e-08,1556.8935416720249,0.5654721021372875,0.9272756656296717,0.7818269968890146,0.6545594117409398,0.0509031956706439,0.0072602696943731525,0.03361515778842762,0.018078394866512713
976,0.48805000000000043,1.2063410672836325e-08,1556.8407699646605,0.5656475909696702,0.9273050361455515,0.7819151084366545,0.6546989216913696,0.050901512323437516,0.007260236943298224,0.03361466633314292,0.01807794474338932
977,0.48855000000000043,1.2059688476550297e-08,1556.7880396842556,0.5658229381131162,0.9273343829478018,0.7820031488434056,0.6548383190020589,0.050899827604925146,0.00726020416367022,0.0336141744593464,0.01807749424621654
978,0.48905000000000043,1.205597346436865e-08,1556.7353507971607,0.5659981437391551,0.9273637060651305,0.7820911181953918,0.6549776038093702,0.050898141520155156,0.00726017135558264,0.03361368216846673,0.018077043376326162
979,0.48955000000000043,1.205226561993516e-08,1556.6827032494018,0.5661732080190394,0.9273930055261991,0.7821790165785972,0.6551167762494455,0.05089645407728667,0.007260138519189533,0.03361318946284104,0.01807659213588193
980,0.49005000000000043,1.2048564923446427e-08,1556.6300969974711,0.5663481311237452,0.9274222813596227,0.7822668440788679,0.6552558364582075,0.05089476528285659,0.007260105654613412,0.03361269634433309,0.018076140526613885
981,0.49055000000000043,1.2044871355128668e-08,1556.5775319980582,0.5665229132239733,0.9274515335939705,0.7823546007819112,0.6553947845713596,0.05089307514335803,0.007260072761975964,0.03361220281479407,0.018075688550240474
982,0.49105000000000043,1.2041184902178527e-08,1556.5250081875731,0.5666975544901496,0.9274807622577655,0.7824422867732969,0.6555336207243867,0.05089138366838871,0.007260039841459325,0.033611708876982074,0.018075236209310484
983,0.49155000000000043,1.2037505541405377e-08,1556.4725255333608,0.5668720550924249,0.9275099673794853,0.782529902138456,0.6556723450525553,0.0508896908627773,0.00726000689315284,0.03361121453226281,0.018074783505097475
984,0.49205000000000043,1.2033833253120499e-08,1556.420083992712,0.5670464152006764,0.9275391489875608,0.7826174469626828,0.6558109576909142,0.05088799673288481,0.007259973917175704,0.033610719782449686,0.01807433043928487
985,0.49255000000000043,1.2030168021131703e-08,1556.3676835128883,0.5672206349845079,0.927568307110378,0.7827049213311337,0.655949458774295,0.05088630128660137,0.007259940913676898,0.03361022462980293,0.01807387701396514
986,0.49305000000000043,1.2026509829271698e-08,1556.3153240413606,0.5673947146132499,0.9275974417762762,0.7827923253288284,0.6560878484373116,0.0508846045317717,0.007259907882804556,0.03360972907656981,0.018073423231218733
987,0.49355000000000043,1.2022858654467695e-08,1556.263005546242,0.5675686542559608,0.92762655301355,0.7828796590406498,0.6562261268143622,0.050882906473053914,0.007259874824644799,0.033609233124067175,0.018072969092273985
988,0.49405000000000043,1.2019214480608313e-08,1556.2107279753968,0.5677424540814278,0.927655640850448,0.7829669225513445,0.6563642940396287,0.05088120711820662,0.007259841739344132,0.03360873677451764,0.01807251459918851
989,0.49455000000000043,1.201557729160683e-08,1556.158491276896,0.5679161142581657,0.9276847053151741,0.7830541159455225,0.6565023502470774,0.050879506474943666,0.00725980862704822,0.03360824003013104,0.01807205975400809
990,0.49505000000000043,1.2011947064477076e-08,1556.106295419422,0.5680896349544196,0.9277137464358861,0.7831412393076584,0.6566402955704591,0.05087780454779702,0.0072597754878407994,0.03360774289218808,0.018071604557927595
991,0.49555000000000043,1.2008323786648674e-08,1556.0541403412344,0.5682630163381641,0.927742764240697,0.7832282927220908,0.6567781301433104,0.05087610134596368,0.007259742321896467,0.03360724536333236,0.0180711490133897
992,0.49605000000000044,1.200470743865162e-08,1556.0020260012025,0.5684362585771039,0.9277717587576744,0.7833152762730229,0.6569158540989529,0.05087439687545922,0.007259709129327903,0.03360674744527844,0.018070693121986284
993,0.49655000000000044,1.200109800104443e-08,1555.9499523583802,0.5686093618386748,0.9278007300148411,0.7834021900445229,0.6570534675704947,0.05087269114225798,0.007259675910247004,0.03360624913972909,0.018070236885298307
994,0.49705000000000044,1.1997495454414039e-08,1555.897919372007,0.5687823262900447,0.9278296780401748,0.7834890341205245,0.6571909706908304,0.0508709841522933,0.007259642664764893,0.03360575044837529,0.018069780304895835
995,0.49755000000000044,1.1993899786289335e-08,1555.8459269811474,0.5689551520981124,0.9278586028616087,0.7835758085848263,0.6573283635926417,0.05086927591458834,0.007259609393052898,0.03360525137381102,0.018069323383175517
996,0.49805000000000044,1.1990310973851825e-08,1555.7939751556091,0.5691278394295102,0.927887504507031,0.7836625135210931,0.6574656464083972,0.05086756643342642,0.007259576095190056,0.03360475191724572,0.018068866121266295
997,0.49855000000000044,1.198672900467954e-08,1555.7420638348544,0.5693003884506029,0.927916383004285,0.7837491490128551,0.6576028192703538,0.05086585571774498,0.007259542771346085,0.03360425208124888,0.01806840852154211
998,0.49905000000000044,1.1983153856009188e-08,1555.6901929890566,0.5694727993274891,0.9279452383811698,0.7838357151435092,0.6577398823105562,0.050864143771746154,0.007259509421598489,0.03360375186700668,0.018067950585110376
999,0.49955000000000044,1.197958551201494e-08,1555.638362568232,0.5696450722260015,0.9279740706654397,0.7839222119963187,0.657876835660838,0.05086243060271992,0.007259476046084945,0.03360325127660777,0.01806749231390457
1000,0.5000500000000004,1.1976023956894748e-08,1555.5865725225922,0.5698172073117077,0.9280028798848046,0.7840086396544138,0.658013679452822,0.05086071621791386,0.007259442644942333,0.03360275031212869,0.01806703370984694
1001,0.5005500000000004,1.1972469171419635e-08,1555.5348228126968,0.5699892047499101,0.9280316660669305,0.7840949982007916,0.6581504138179202,0.05085900062297202,0.007259409218276318,0.03360224897517765,0.0180665747744309
1002,0.5010500000000003,1.1968921139837954e-08,1555.4831133891364,0.5701610647056473,0.9280604292394389,0.7841812877183166,0.6582870388873348,0.05085728382505965,0.007259375766222229,0.03360174726780764,0.018066115509556887
1003,0.5015500000000003,1.1965379846421605e-08,1555.4314442026946,0.5703327873436939,0.9280891694299068,0.7842675082897208,0.6584235547920579,0.050855565831300194,0.007259342288914611,0.03360124519205971,0.01806565591711427
1004,0.5020500000000002,1.1961845268570833e-08,1555.3798152246254,0.5705043728285613,0.9281178866658679,0.784353659997604,0.6585599616628729,0.05085384664565696,0.007259308786426451,0.03360074274905163,0.01806519599814713
1005,0.5025500000000002,1.195831739405706e-08,1555.3282263959386,0.5706758213244981,0.9281465809748113,0.7844397429244342,0.6586962596303542,0.05085212627673283,0.007259275258921173,0.033600239941257305,0.018064735754940817
1006,0.5030500000000001,1.1954796200334378e-08,1555.2766776882386,0.5708471329954911,0.9281752523841825,0.7845257571525478,0.6588324488248674,0.05085040472841318,0.007259241706470289,0.033599736769772154,0.018064275188518733
1007,0.50355,1.1951281678666275e-08,1555.225169032789,0.5710183080052651,0.9282039009213832,0.7846117027641498,0.6589685293765706,0.05084868201077641,0.007259208129266038,0.03359923323750191,0.018063814301561208
1008,0.50405,1.194777380655731e-08,1555.1737004015567,0.571189346517284,0.9282325266137713,0.784697579841314,0.6591045014154141,0.05084695812762866,0.007259174527378439,0.03359872934551932,0.018063353095070647
1009,0.5045499999999999,1.1944272564985708e-08,1555.1222717565463,0.5713602486947511,0.9282611294886612,0.7847833884659837,0.659240365071141,0.0508452330842966,0.007259140900907165,0.03359822509534173,0.018062891570456333
1010,0.5050499999999999,1.1940777945281181e-08,1555.070883029602,0.5715310147006095,0.9282897095733237,0.7848691287199713,0.6593761204732879,0.05084350689073464,0.007259107250042129,0.03359772048983952,0.01806242973036577
1011,0.5055499999999998,1.1937289921585969e-08,1555.0195342033176,0.5717016446975428,0.9283182668949862,0.7849548006849587,0.6595117677511847,0.050841779549079064,0.00725907357482086,0.03359721552959792,0.018061967575354863
1012,0.5060499999999998,1.1933808481835097e-08,1554.968225220016,0.5718721388479757,0.9283468014808327,0.7850404044424982,0.6596473070339556,0.0508400510676494,0.007259039875401453,0.033596710217009926,0.018061505107633928
1013,0.5065499999999997,1.193033361054391e-08,1554.916956032319,0.5720424973140742,0.9283753133580039,0.785125940074012,0.6597827384505192,0.050838321453169466,0.007259006151910922,0.03359620455400233,0.018061042328986462
1014,0.5070499999999997,1.1926865288813003e-08,1554.8657266031248,0.5722127202577462,0.9284038025535977,0.785211407660793,0.659918062129589,0.05083659071077088,0.007258972404445262,0.033595698542036666,0.018060579240770057
1015,0.5075499999999996,1.1923403501206092e-08,1554.8145368854093,0.5723828078406423,0.9284322690946681,0.7852968072840045,0.6600532781996739,0.05083485884710026,0.007258938633130032,0.03359519218301765,0.018060115844747753
1016,0.5080499999999996,1.1919948228873982e-08,1554.7633868424134,0.5725527602241562,0.928460713008227,0.7853821390246809,0.6601883867890782,0.05083312586721376,0.007258904838059801,0.03359468547838523,0.01805965214225712
1017,0.5085499999999995,1.1916499456428444e-08,1554.712276427463,0.5727225775694249,0.9284891343212426,0.785467402963728,0.6603233880259027,0.05083139177768154,0.0072588710193586875,0.03359417843002222,0.018059188135040947
1018,0.5090499999999994,1.191305717193714e-08,1554.661205583992,0.5728922600373295,0.9285175330606409,0.7855525991819228,0.6604582820380444,0.05082965658658459,0.007258837177180301,0.03359367104025352,0.018058723825246398
1019,0.5095499999999994,1.190962135318867e-08,1554.610174285839,0.5730618077884957,0.9285459092533047,0.7856377277599141,0.6605930689531974,0.050827920297315116,0.00725880331158683,0.03359316331003321,0.018058259213766092
1020,0.5100499999999993,1.1906191988296327e-08,1554.5591824767916,0.573231220983294,0.9285742629260743,0.7857227887782229,0.660727748898853,0.05082618291787745,0.007258769422730445,0.03359265524166428,0.018057794302726887
1021,0.5105499999999993,1.190276905853064e-08,1554.5082301209532,0.573400499781841,0.9286025941057474,0.7858077823172424,0.6608623220023003,0.05082444445313928,0.007258735510702158,0.033592146836532714,0.01805732909341642
1022,0.5110499999999992,1.1899352545188243e-08,1554.4573171825862,0.5735696443439988,0.9286309028190792,0.7858927084572378,0.6609967883906266,0.050822704907932774,0.007258701575592309,0.03359163809601433,0.018056863587112882
1023,0.5115499999999992,1.1895942439877372e-08,1554.4064435959606,0.5737386548293762,0.9286591890927826,0.7859775672783479,0.6611311481907175,0.05082096429169407,0.007258667617581079,0.03359112902283162,0.01805639778632662
1024,0.5120499999999991,1.1892538717082639e-08,1554.3556093457862,0.5739075313973294,0.9286874529535278,0.7860623588605837,0.6612654015292577,0.05081922260608725,0.007258633636697052,0.03359061961743433,0.01805593169148823
1025,0.5125499999999991,1.188914136845522e-08,1554.304814366688,0.5740762742069617,0.9287156944279433,0.7861470832838301,0.6613995485327311,0.050817479860472255,0.007258599633118977,0.033590109882523214,0.018055465305087875
1026,0.513049999999999,1.1885750375383533e-08,1554.25405862361,0.5742448834171249,0.928743913542615,0.7862317406278451,0.6615335893274215,0.05081573605953291,0.007258565606934396,0.03358959981943163,0.01805499862836445
1027,0.513549999999999,1.188236572270632e-08,1554.2033420716202,0.5744133591864189,0.9287721103240868,0.7863163309722605,0.6616675240394124,0.05081399120946216,0.007258531558260321,0.03358908942993459,0.01805453166296081
1028,0.5140499999999989,1.1878987395284052e-08,1554.1526646659577,0.5745817016731929,0.9288002847988607,0.7864008543965821,0.6618013527945885,0.050812245316415844,0.007258497487213066,0.03358857871579647,0.018054064410509964
1029,0.5145499999999988,1.1875615374576175e-08,1554.1020263720561,0.5747499110355458,0.9288284369933968,0.7864853109801904,0.6619350757186347,0.05081049838497038,0.007258463393878145,0.03358806767831988,0.01805359687222234
1030,0.5150499999999988,1.1872249645489326e-08,1554.0514271454838,0.5749179874313264,0.9288565669341131,0.7865697008023396,0.6620686929370377,0.050808750421209886,0.007258429278370518,0.03358755631924866,0.018053129049711937
1031,0.5155499999999987,1.1868890192951637e-08,1554.0008669419776,0.575085931018134,0.9288846746473863,0.7866540239421593,0.6622022045750856,0.05080700143118187,0.007258395140804454,0.03358704464031622,0.018052660944583077
1032,0.5160499999999987,1.1865537001912698e-08,1553.9503457174442,0.5752537419533189,0.9289127601595513,0.7867382804786538,0.6623356107578686,0.05080525142089739,0.007258360981293537,0.03358653264324553,0.01805219255843041
1033,0.5165499999999986,1.1862190057343479e-08,1553.8998634279571,0.5754214203939831,0.9289408234969009,0.7868224704907029,0.6624689116102795,0.050803500396331275,0.007258326799950669,0.033586020329749215,0.018051723892839006
1034,0.5170499999999986,1.1858849344236268e-08,1553.8494200297596,0.5755889664969807,0.9289688646856871,0.7869065940570614,0.662602107257014,0.05080174836342228,0.007258292596888074,0.0335855077015296,0.018051254949384365
1035,0.5175499999999985,1.1855514844187738e-08,1553.799015489254,0.5757563804189179,0.9289968837521201,0.7869906512563604,0.6627351978225707,0.05079999532653483,0.007258258372187263,0.03358499475982857,0.018050785729220704
1036,0.5180499999999985,1.1852186542235494e-08,1553.748649763001,0.5759236623161542,0.9290248807223689,0.7870746421671067,0.6628681834312523,0.050798241291538,0.0072582241259591404,0.033584481506328485,0.018050316233905062
1037,0.5185499999999984,1.1848864426853205e-08,1553.6983227977394,0.5760908123448025,0.929052855622561,0.7871585668676833,0.6630010642071652,0.050796486265802486,0.007258189858343961,0.03358396794315136,0.0180498464653965
1038,0.5190499999999983,1.1845548483117765e-08,1553.6480345503712,0.5762578306607299,0.9290808084787832,0.7872424254363497,0.6631338402742204,0.0507947302551244,0.00725815556945126,0.03358345407195875,0.018049376425232747
1039,0.5195499999999983,1.1842238689300994e-08,1553.5977849979176,0.5764247174195575,0.9291087393170807,0.7873262179512422,0.6632665117561336,0.05079297326219316,0.007258121259329929,0.033582939893503236,0.018048906114120022
1040,0.5200499999999982,1.1838935033939507e-08,1553.5475740876066,0.5765914727766618,0.929136648163458,0.787409944490374,0.6633990787764257,0.050791215294273745,0.007258086928118232,0.03358242540987662,0.01804843553398938
1041,0.5205499999999982,1.183563750217583e-08,1553.497401776815,0.5767580968871743,0.9291645350438785,0.7874936051316356,0.6635315414584231,0.050789456357059136,0.007258052575923756,0.03358191062271092,0.01804796468635121
1042,0.5210499999999981,1.1832346082583453e-08,1553.4472680131175,0.5769245899059826,0.9291923999842648,0.7875771999527946,0.6636638999252581,0.05078769645774133,0.007258018202883395,0.03358139553407713,0.018047493573117277
1043,0.5215499999999981,1.182906075352512e-08,1553.3971727741425,0.5770909519877309,0.9292202430104989,0.7876607290314966,0.6637961542998697,0.05078593559887587,0.007257983809043509,0.03358088014468947,0.018047022194958278
1044,0.522049999999998,1.1825781503616658e-08,1553.3471160077797,0.5772571832868199,0.9292480641484216,0.7877441924452652,0.6639283047050032,0.05078417378758649,0.0072579493945397035,0.033580364456599406,0.018046550553767884
1045,0.522549999999998,1.1822508314676037e-08,1553.2970976819934,0.5774232839574077,0.9292758634238338,0.7878275902715017,0.6640603512632112,0.050782411027896525,0.007257914959447047,0.03357984847095115,0.018046078650609882
1046,0.5230499999999979,1.1819241178764718e-08,1553.247117735055,0.5775892541534104,0.9293036408624954,0.7879109225874864,0.6641922940968534,0.05078064732839115,0.007257880503929747,0.03357933219022447,0.018045606487769393
1047,0.5235499999999979,1.1815980074335274e-08,1553.1971761451891,0.5777550940285022,0.9293313964901259,0.7879941894703777,0.664324133328098,0.05077888269149467,0.00725784602803168,0.03357881561509596,0.018045134065882307
1048,0.5240499999999978,1.181272499008177e-08,1553.1472728609328,0.5779208037361163,0.9293591303324044,0.7880773909972132,0.664455869078921,0.0507771171241922,0.0072578115318858456,0.033578298747577486,0.018044661386805588
1049,0.5245499999999977,1.1809475907907704e-08,1553.0974078508611,0.578086383429445,0.9293868424149698,0.7881605272449096,0.6645875014711069,0.05077535063037446,0.007257777015564807,0.033577781588775286,0.018044188451567862
1050,0.5250499999999977,1.180623281994851e-08,1553.0475810539044,0.5782518332614399,0.9294145327634209,0.7882435982902627,0.6647190306262494,0.050773583218486684,0.007257742479230145,0.03357726414112922,0.018043715262417215
1051,0.5255499999999976,1.1802995704745565e-08,1552.997792448872,0.5784171533848136,0.929442201403316,0.7883266042099483,0.6648504566657514,0.050771814890824475,0.007257707922923301,0.033576746405278954,0.018043241819955393
1052,0.5260499999999976,1.1799764551070178e-08,1552.9480419849378,0.5785823439520387,0.9294698483601738,0.7884095450805215,0.6649817797108257,0.05077004565423696,0.007257673346774713,0.033576228383197515,0.018042768126003347
1053,0.5265499999999975,1.1796539344310188e-08,1552.89832962136,0.5787474051153492,0.9294974736594726,0.788492420978418,0.6651129998824952,0.05076827551401124,0.007257638750884325,0.033575710076400846,0.018042294181963917
1054,0.5270499999999975,1.1793320066474566e-08,1552.848655327456,0.5789123370267405,0.929525077326651,0.7885752319799534,0.6652441173015928,0.050766504473875824,0.007257604135321633,0.03357519148594872,0.018041819988822722
1055,0.5275499999999974,1.1790106709789918e-08,1552.7990190429664,0.5790771398379703,0.929552659387108,0.788657978161324,0.665375132088763,0.05076473254210461,0.007257569500245004,0.033574672614232116,0.0180413455487825
1056,0.5280499999999974,1.1786899252907123e-08,1552.7494207474135,0.5792418137005586,0.9295802198662022,0.7887406595986067,0.6655060443644608,0.05076295972083592,0.007257534845692897,0.03357415346184557,0.018040870862403264
1057,0.5285499999999973,1.1783697688088852e-08,1552.6998603808565,0.5794063587657885,0.9296077587892533,0.7888232763677598,0.6656368542489531,0.05076118601827621,0.007257500171822411,0.0335736340311608,0.01804039593186989
1058,0.5290499999999972,1.1780501994029336e-08,1552.6503379230983,0.5795707751847065,0.9296352761815407,0.7889058285446224,0.665767561862319,0.05075941143650198,0.007257465478670836,0.03357311432275463,0.018039920757725994
1059,0.5295499999999972,1.1777312163027078e-08,1552.6008533145139,0.5797350631081231,0.929662772068305,0.7889883162049153,0.6658981673244493,0.050757635983652835,0.007257430766394011,0.033572594338979696,0.018039445342138763
1060,0.5300499999999971,1.1774128180606155e-08,1552.5514065154223,0.5798992226866129,0.9296902464747469,0.7890707394242408,0.6660286707550479,0.050755859664787684,0.007257396035087581,0.03357207408128669,0.018038969686450586
1061,0.5305499999999971,1.1770950025525357e-08,1552.5019975060425,0.5800632540705156,0.9297176994260277,0.7891530982780831,0.6661590722736317,0.05075408248189143,0.007257361284787098,0.03357155355022614,0.018038493791180752
1062,0.531049999999997,1.1767777690136508e-08,1552.4526262272168,0.5802271574099361,0.9297451309472696,0.7892353928418089,0.6662893719995309,0.0507523044430046,0.007257326515646542,0.0335710327481224,0.01803801765847023
1063,0.531549999999997,1.1764611160022368e-08,1552.4032926397033,0.5803909328547452,0.9297725410635557,0.789317623190667,0.6664195700518895,0.05075052555309144,0.007257291727759769,0.03357051167639907,0.01803754128963631
1064,0.5320499999999969,1.1761450417395425e-08,1552.3539967142676,0.5805545805545795,0.9297999297999295,0.7893997893997888,0.6665496665496657,0.05074874581556575,0.007257256921190334,0.03356999033602579,0.01803706468558117
1065,0.5325499999999969,1.1758295454657595e-08,1552.3047383922271,0.5807181006588427,0.9298272971813962,0.7894818915441888,0.6666796616116323,0.05074696523836843,0.007257222096090349,0.033569468729298516,0.0180365878484194
1066,0.5330499999999968,1.1755146250671278e-08,1552.2555176544936,0.5808814933167052,0.9298546432329213,0.7895639296987641,0.6668095553563765,0.05074518382333269,0.007257187252492496,0.03356894685672426,0.01803611077863007
1067,0.5335499999999967,1.1752002797873333e-08,1552.2063344426879,0.5810447586771054,0.9298819679794318,0.7896459039382956,0.6669393479023014,0.05074340157833503,0.007257152390547676,0.033568424720580615,0.01803563347831072
1068,0.5340499999999967,1.1748865078554353e-08,1552.157188728144,0.5812078968887493,0.9299092714458157,0.7897278143374473,0.667069039367625,0.0507416185066664,0.007257117510317126,0.03356790232180202,0.018035155948330956
1069,0.5345499999999966,1.1745733078412861e-08,1552.108080472478,0.5813709081001118,0.9299365536569224,0.7898096609707674,0.6671986298703817,0.050739834613105744,0.007257082611891201,0.033567379661759024,0.018034678189958957
1070,0.5350499999999966,1.1742606786550751e-08,1552.0590096276117,0.5815337924594363,0.9299638146375625,0.7898914439126876,0.6673281195284221,0.05073804990391687,0.007257047695389332,0.033566856742257456,0.01803420020486066
1071,0.5355499999999965,1.1739486188701978e-08,1552.0099761554566,0.5816965501147358,0.9299910544125081,0.7899731632375242,0.6674575084594133,0.050736264383816156,0.007257012760900699,0.03356633356464999,0.018033721994287676
1072,0.5360499999999965,1.1736371274001944e-08,1551.9609800082374,0.581859181213793,0.9300182730064925,0.7900548190194776,0.6675867967808397,0.0507344780590038,0.007256977808543539,0.033565810130724315,0.018033243559889105
1073,0.5365499999999964,1.1733262021456672e-08,1551.9120211677987,0.5820216859041611,0.930045470444211,0.7901364113326331,0.6677159846100026,0.05073269093110777,0.007256942838346642,0.03356528644092852,0.018032764902089545
1074,0.5370499999999964,1.173015842362093e-08,1551.8630995768203,0.5821840643331638,0.9300726467503202,0.7902179402509608,0.6678450720640214,0.05073090300778177,0.0072569078504567276,0.033564762497476634,0.018032286022927564
1075,0.5375499999999963,1.1727060462921787e-08,1551.8142152075932,0.5823463166478959,0.9300998019494386,0.7902994058483159,0.6679740592598337,0.05072911429210887,0.007256872844931099,0.0335642383012435,0.01803180692321764
1076,0.5380499999999963,1.172396813194532e-08,1551.7653680031012,0.5825084429952241,0.9301269360661463,0.7903808081984388,0.6681029463141949,0.05072732479167901,0.00725683782191528,0.03356371385442497,0.01803132760498147
1077,0.5385499999999962,1.1720881413155163e-08,1551.7165579359137,0.5826704435217868,0.9301540491249852,0.7904621473749557,0.6682317333436799,0.05072553450951575,0.007256802781465449,0.03356318915787887,0.01803084806901776
1078,0.5390499999999961,1.1717800292414284e-08,1551.667784968915,0.5828323183739951,0.9301811411504594,0.7905434234513783,0.6683604204646822,0.05072374345012599,0.007256767723666836,0.03356266421289792,0.018030368316522587
1079,0.5395499999999961,1.1714724755604223e-08,1551.6190490651263,0.582994067698033,0.9302082121670348,0.7906246365011044,0.6684890077934152,0.05072195161798752,0.0072567326486041184,0.033562139020766504,0.018029888348684315
1080,0.540049999999996,1.1711654795375751e-08,1551.5703501681237,0.5831556916398576,0.9302352621991393,0.790705786597418,0.6686174954459119,0.05072015902056647,0.007256697556420494,0.033561613583645136,0.018029408167491878
1081,0.540549999999996,1.1708590394267662e-08,1551.5216882510074,0.5833171903452004,0.9302622912711632,0.7907868738134897,0.6687458835380253,0.05071836566077099,0.007256662447169963,0.03356108790235857,0.018028927773713368
1082,0.5410499999999959,1.1705531538214297e-08,1551.4730632772123,0.5834785639595664,0.9302892994074587,0.7908678982223765,0.6688741721854294,0.05071657154299053,0.007256627320935535,0.03356056197816591,0.018028447168513734
1083,0.5415499999999959,1.1702478216541053e-08,1551.4244752005288,0.583639812628236,0.9303162866323407,0.7909488598970222,0.6690023615036186,0.05071477667309262,0.007256592177829185,0.03356003581275977,0.01802796635345397
1084,0.5420499999999958,1.1699430415216316e-08,1551.3759239846697,0.5838009364962643,0.930343252970086,0.7910297589102582,0.6691304516079088,0.050712981055407794,0.007256557017932814,0.033559509407382414,0.018027485329683415
1085,0.5425499999999958,1.1696388120226744e-08,1551.3274095934771,0.5839619357084819,0.9303701984449342,0.7911105953348025,0.6692584426134375,0.05071118469423836,0.007256521841327792,0.033558982763268005,0.01802700409834393
1086,0.5430499999999957,1.1693351320947262e-08,1551.278931981162,0.5841228104094955,0.930397123081087,0.7911913692432613,0.6693863346351638,0.05070938759536316,0.007256486648124424,0.033558455882083824,0.018026522660973016
1087,0.5435499999999956,1.169032000339827e-08,1551.2304911118413,0.5842835607436885,0.9304240269027093,0.791272080708128,0.6695141277878695,0.05070758976302643,0.007256451438402984,0.033557928765047436,0.018026041018697137
1088,0.5440499999999956,1.1687294150249973e-08,1551.1820869595133,0.5844441868552206,0.9304509099339281,0.7913527298017844,0.6696418221861586,0.05070579119994112,0.007256416212213773,0.033557401412927595,0.018025559172232607
1089,0.5445499999999955,1.1684273757663859e-08,1551.1337194592925,0.5846046888880292,0.9304777721988333,0.7914333165965,0.6697694179444583,0.05070399191480603,0.007256380969724353,0.03355687382824839,0.01802507712389946
1090,0.5450499999999955,1.1681258804976137e-08,1551.0853885951956,0.5847650669858292,0.9305046137214776,0.791513841164433,0.669896915177019,0.05070219190877417,0.007256345710954511,0.03355634601132156,0.01802459487399624
1091,0.5455499999999954,1.1678249285010725e-08,1551.0370943123726,0.5849253212921138,0.9305314345258767,0.7915943035776304,0.6700243139979147,0.050700391188981966,0.007256310436041257,0.03355581796421356,0.0180241124244246
1092,0.5460499999999954,1.1675245180507994e-08,1550.9888365853415,0.5850854519501547,0.9305582346360091,0.7916747039080274,0.6701516145210435,0.05069858975803101,0.007256275145032786,0.03355528968766123,0.018023629775871325
1093,0.5465499999999953,1.1672246480957562e-08,1550.940615369266,0.5852454591030026,0.9305850140758163,0.791755042227449,0.6702788168601276,0.050696787621498554,0.007256239838035608,0.03355476118327423,0.0180231469298205
1094,0.5470499999999953,1.1669253172500281e-08,1550.892430629181,0.5854053428934876,0.9306117728692029,0.7918353186076088,0.670405921128714,0.05069498478343273,0.007256204515126296,0.03355423245221398,0.01802266388734662
1095,0.5475499999999952,1.1666265244656985e-08,1550.8442823205232,0.5855651034642195,0.9306385110400367,0.7919155331201102,0.6705329274401745,0.0506931812493535,0.007256169176410281,0.03355370349607376,0.01802218064991861
1096,0.5480499999999952,1.166328268360138e-08,1550.7961704085897,0.5857247409575886,0.9306652286121487,0.7919956858364462,0.6706598359077065,0.050691377023253326,0.007256133821963087,0.033553174315999086,0.018021697218596203
1097,0.5485499999999951,1.1660305478885336e-08,1550.7480948490872,0.5858842555157661,0.9306919256093331,0.7920757768279997,0.6707866466443329,0.05068957211059546,0.007256098451889077,0.03355264491356703,0.01802121359483331
1098,0.549049999999995,1.1657333613355556e-08,1550.7000556172814,0.5860436472807036,0.9307186020553478,0.7921558061660435,0.6709133597629025,0.05068776651382029,0.0072560630662334,0.03355211528946822,0.018020729779273936
1099,0.549549999999995,1.1654367079956128e-08,1550.6520526594304,0.5862029163941348,0.9307452579739137,0.7922357739217413,0.6710399753760904,0.05068596023983302,0.007256027665128719,0.0335515854457031,0.018020245773758537
1100,0.5500499999999949,1.1651405861567941e-08,1550.604085951048,0.5863620629975754,0.9307718933887155,0.7923156801661466,0.6711664935963988,0.05068415329102069,0.007255992248619173,0.033551055382947025,0.018019761578916976
1101,0.5505499999999949,1.164844994780694e-08,1550.5561554483616,0.5865210872323231,0.9307985083234013,0.792395524970204,0.6712929145361565,0.05068234567273663,0.0072559568168070535,0.03355052510274563,0.018019277196174018
1102,0.5510499999999948,1.1645499324946793e-08,1550.5082611174278,0.5866799892394587,0.930825102801583,0.7924753084047491,0.6714192383075195,0.05068053738881119,0.007255921369764823,0.03354999460619799,0.018018792626546435
1103,0.5515499999999948,1.1642553985989303e-08,1550.4604029050522,0.5868387691598462,0.9308516768468361,0.7925550305405085,0.6715454650224719,0.050678728446036075,0.007255885907623018,0.03354946389527218,0.018018307871844632
1104,0.5520499999999947,1.1639613910528598e-08,1550.4125807969203,0.5869974271341329,0.9308782304827,0.7926346914481002,0.6716715947928253,0.05067691884520018,0.007255850430394513,0.03354893297017533,0.018017822932270475
1105,0.5525499999999947,1.1636679094951315e-08,1550.364794730417,0.5871559633027505,0.9309047637326778,0.7927142911980337,0.6717976277302201,0.05067510859453345,0.007255814938238084,0.033548401833297936,0.01801733781001997
1106,0.5530499999999946,1.163374951888687e-08,1550.3170446914608,0.5873143778059151,0.9309312766202368,0.7927938298607106,0.6719235639461251,0.050673297694774216,0.0072557794311656505,0.033547870484832605,0.01801685250528157
1107,0.5535499999999945,1.1630825175396618e-08,1550.2693306273814,0.5874726707836276,0.9309577691688079,0.7928733075064238,0.6720494035518378,0.0506714861526046,0.007255743909305685,0.033547338926716117,0.01801636701983666
1108,0.5540499999999945,1.1627906054201097e-08,1550.2216524953246,0.587630842375674,0.9309842414017864,0.7929527242053593,0.6721751466584857,0.05066967397318592,0.007255708372756868,0.03354680716043924,0.01801588135505916
1109,0.5545499999999944,1.1624992138333876e-08,1550.1740102718882,0.5877888927216264,0.9310106933425315,0.7930320800275948,0.6723007933770252,0.05066786115867225,0.007255672821558928,0.033546275186610526,0.018015395511517138
1110,0.5550499999999944,1.1622083417547872e-08,1550.1264039144603,0.5879468219608426,0.9310371250143669,0.7931113750431009,0.6724263438182431,0.050666047714173386,0.007255637255809571,0.033545743006705986,0.018014909490570854
1111,0.5555499999999943,1.1619179878260943e-08,1550.0788333902117,0.5881046302324673,0.9310635364405803,0.7931906093217409,0.6725517980927564,0.050664233643283166,0.007255601675576793,0.033545210621756964,0.018014423293174358
1112,0.5560499999999943,1.161628151360347e-08,1550.0312986471388,0.5882623176754317,0.9310899276444237,0.7932697829332711,0.6726771563110127,0.050662418952546105,0.0072555660809864855,0.033544678033660985,0.01801393692107262
1113,0.5565499999999942,1.1613388306675079e-08,1549.9837996623094,0.5884198844284548,0.9311162986491137,0.7933488959473413,0.6728024185832904,0.05066060364401555,0.0072555304720764695,0.03354414524299768,0.018013450374806974
1114,0.5570499999999942,1.1610500247287838e-08,1549.9363363936147,0.5885773306300429,0.9311426494778314,0.7934279484334943,0.6729275850196994,0.05065878772269578,0.0072554948489424636,0.033543612251212905,0.01801296365570973
1115,0.5575499999999941,1.1607617321921927e-08,1549.8889088087105,0.5887346564184908,0.9311689801537223,0.7935069404611669,0.6730526557301809,0.05065697119207822,0.007255459211650531,0.03354307905930867,0.018012476764707786
1116,0.558049999999994,1.16047395237632e-08,1549.84151685611,0.5888918619318815,0.9311952906998964,0.7935858720996894,0.6731776308245083,0.05065515405860029,0.007255423560324549,0.03354254566915194,0.018011989703517757
1117,0.558549999999994,1.1601866835976597e-08,1549.7941605133428,0.5890489473080872,0.9312215811394288,0.7936647434182864,0.673302510412287,0.05065333632421645,0.007255387895000466,0.033542012081293954,0.018011502472654733
1118,0.5590499999999939,1.1598999251775461e-08,1549.746839729178,0.5892059126847695,0.9312478514953588,0.7937435544860767,0.6734272946029548,0.050651517995311285,0.007255352215801167,0.03354147829758657,0.018011015073821343
1119,0.5595499999999939,1.159613675435711e-08,1549.6995544813722,0.5893627581993796,0.931274101790691,0.7938223053720733,0.6735519835057829,0.050649699073790515,0.007255316522761677,0.033540944318567065,0.01801052750751974
1120,0.5600499999999938,1.159327933362104e-08,1549.652304728557,0.5895194839891588,0.9313003320483947,0.7939009961451843,0.6736765772298752,0.05064787956450375,0.007255280815974801,0.033540410145637065,0.01801003977504126
1121,0.5605499999999938,1.1590426979479929e-08,1549.6050904294925,0.5896760901911392,0.931326542291404,0.7939796268742121,0.6738010758841693,0.05064605947227427,0.0072552450955328494,0.03353987578019069,0.018009551877670255
1122,0.5610499999999937,1.1587579678520083e-08,1549.557911552666,0.5898325769421436,0.9313527325426181,0.7940581976278545,0.6739254795774363,0.05064423880041785,0.007255209361498568,0.033539341223179656,0.018009063816287064
1123,0.5615499999999937,1.1584737420682897e-08,1549.5107680570775,0.5899889443787865,0.9313789028249014,0.7941367084747045,0.6740497884182821,0.05064241755370737,0.007255173613963318,0.03353880647598367,0.018008575592162686
1124,0.5620499999999936,1.1581900195922844e-08,1549.4636599018552,0.5901451926374737,0.9314050531610835,0.7942151594832504,0.6741740025151465,0.05064059573688972,0.007255137853017972,0.033538271539975024,0.018008087206561253
1125,0.5625499999999936,1.1579067987533289e-08,1549.4165870654256,0.5903013218544035,0.9314311835739587,0.7942935507218762,0.674298121976304,0.050638773351727194,0.0072551020786948365,0.033537736415649805,0.01800759865994686
1126,0.5630499999999935,1.1576240788835874e-08,1549.3695494975582,0.5904573321655667,0.9314572940862873,0.7943718822588619,0.6744221469098647,0.05063695040439764,0.007255066291112909,0.03353720110480084,0.018007109953967378
1127,0.5635499999999934,1.1573418589826502e-08,1549.3225471577448,0.5906132237067468,0.9314833847207944,0.7944501541623833,0.6745460774237736,0.05063512689957259,0.0072550304903616445,0.03353666560877887,0.01800662108986697
1128,0.5640499999999934,1.1570601373844726e-08,1549.2755800247448,0.590768996613521,0.9315094555001708,0.7945283665005126,0.6746699136258116,0.05063330283894322,0.007254994676472,0.03353612992805957,0.018006132068090857
1129,0.5645499999999933,1.1567789130917112e-08,1549.228648058271,0.5909246510212599,0.9315355064470727,0.7946065193412184,0.6747936556235957,0.05063147822713393,0.007254958849532539,0.033535594063980184,0.0180056428898707
1130,0.5650499999999933,1.1564981854416057e-08,1549.1817512085945,0.5910801870651285,0.9315615375841219,0.7946846127523658,0.6749173035245791,0.05062965307022001,0.007254923009660332,0.03353505801830427,0.018005153556827226
1131,0.5655499999999932,1.1562179527726928e-08,1549.1348894548062,0.5912356048800861,0.9315875489339056,0.7947626468017168,0.6750408574360517,0.050627827369822465,0.007254887156885011,0.03353452179148737,0.018004664069387038
1132,0.5660499999999932,1.155938214424849e-08,1549.0880627474185,0.591390904600887,0.9316135405189768,0.7948406215569306,0.6751643174651402,0.0506260011319669,0.007254851291322713,0.03353398538527886,0.018004174429157714
1133,0.5665499999999931,1.1556589687397252e-08,1549.0412710657351,0.5915460863620806,0.9316395123618544,0.7949185370855635,0.6752876837188089,0.05062417435822876,0.007254815413002203,0.03353344880012118,0.01800368463655375
1134,0.5670499999999931,1.1553802150598177e-08,1548.9945143605069,0.5917011502980123,0.931665464485023,0.7949963934550689,0.6754109563038592,0.05062234705458446,0.007254779522038694,0.03353291203774966,0.018003194693169695
1135,0.567549999999993,1.15510195206277e-08,1548.9477926017075,0.5918560965428236,0.9316913969109327,0.7950741907327984,0.6755341353269309,0.0506205192240372,0.007254743618489026,0.03353237509902648,0.018002704599803
1136,0.568049999999993,1.1548241787606261e-08,1548.9011057498753,0.5920109252304518,0.9317173096620003,0.795151928986001,0.6756572208945015,0.05061869087104042,0.007254707702438539,0.03353183798523996,0.018002214357640024
1137,0.5685499999999929,1.154546893833949e-08,1548.8544537752007,0.592165636494632,0.9317432027606078,0.7952296082818235,0.6757802131128874,0.05061686199855134,0.007254671773943203,0.03353130069723909,0.018001723967466014
1138,0.5690499999999928,1.1542700962975323e-08,1548.8078366384489,0.5923202304688958,0.9317690762291039,0.7953072286873117,0.6759031120882436,0.05061503261097636,0.007254635833087469,0.03353076323629875,0.01800123343045486
1139,0.5695499999999928,1.153993785167418e-08,1548.7612543005023,0.5924747072865727,0.931794930089803,0.7953847902694089,0.6760259179265641,0.05061320271269748,0.007254599879955335,0.033530225603686854,0.018000742747774003
1140,0.5700499999999927,1.1537179594608947e-08,1548.7147067223634,0.5926290670807901,0.9318207643649857,0.7954622930949573,0.6761486307336826,0.05061137230807255,0.007254563914630341,0.03352968780066442,0.018000251920584468
1141,0.5705499999999927,1.1534426178640745e-08,1548.6681938746667,0.5927833099844739,0.9318465790768994,0.7955397372306982,0.6762712506152722,0.05060954139996616,0.007254527937166706,0.03352914982805388,0.01799976094964694
1142,0.5710499999999926,1.1531677590646258e-08,1548.6217157281453,0.5929374361303485,0.931872374247757,0.7956171227432712,0.6763937776768462,0.050607709991221494,0.00725449194761824,0.03352861168667151,0.017999269835716425
1143,0.5715499999999926,1.1528933827485477e-08,1548.575272225116,0.5930914456509379,0.9318981498997385,0.7956944496992157,0.6765162120237581,0.05060587808906379,0.007254455946124887,0.03352807337862143,0.017998778580723095
1144,0.5720499999999925,1.1526194869415344e-08,1548.528863355552,0.5932453386785651,0.9319239060549899,0.7957717181649698,0.6766385537612023,0.05060404569335353,0.007254419932681877,0.03352753490384381,0.017998287184622232
1145,0.5725499999999925,1.1523460709998628e-08,1548.4824890715038,0.5933991153453533,0.931949642735624,0.7958489282068719,0.6767608029942138,0.0506022128098013,0.007254383907399425,0.033526996263998035,0.017997795648937994
1146,0.5730499999999924,1.1520731339486944e-08,1548.4361493346464,0.5935527757832258,0.9319753599637197,0.7959260798911594,0.676882959827669,0.05060037944262566,0.007254347870358447,0.033526457460305255,0.017997303974794484
1147,0.5735499999999923,1.1518006744824669e-08,1548.389844116258,0.5937063201239068,0.9320010577613232,0.79600317328397,0.6770050243662857,0.05059854559455639,0.007254311821610609,0.033525918493549266,0.017996812162916636
1148,0.5740499999999923,1.1515286919608809e-08,1548.3435733687472,0.5938597484989214,0.9320267361504471,0.7960802084513412,0.6771269967146237,0.0505967112712317,0.007254275761264769,0.03352537936536882,0.017996320214809444
1149,0.5745499999999922,1.1512571847491736e-08,1548.2973370730904,0.594013061039596,0.9320523951530704,0.7961571854592113,0.6772488769770847,0.05059487647387204,0.007254239689342958,0.033524840076104415,0.017995828130793177
1150,0.5750499999999922,1.1509861522095466e-08,1548.2511351819192,0.5941662578770588,0.9320780347911395,0.7962341043734187,0.6773706652579129,0.05059304120806979,0.007254203605953168,0.033524300627381695,0.01799533591236068
1151,0.5755499999999921,1.1507155930418323e-08,1548.2049676669367,0.5943193391422404,0.9321036550865673,0.7963109652597022,0.6774923616611953,0.05059120547646628,0.007254167511145394,0.03352376101995911,0.01799484356021343
1152,0.5760499999999921,1.1504455062789308e-08,1548.1588344904735,0.5944723049658737,0.932129256061234,0.7963877681837023,0.6776139662908619,0.05058936928314455,0.007254131404997995,0.033523221255019,0.017994351075439605
1153,0.576549999999992,1.1501758909549415e-08,1548.1127356149752,0.5946251554784944,0.9321548377369865,0.7964645132109595,0.6777354792506859,0.05058753263216467,0.007254095287588891,0.03352268133373717,0.017993858459121326
1154,0.577049999999992,1.1499067457737611e-08,1548.066671012453,0.5947778908104417,0.9321804001356387,0.7965412004069163,0.6778569006442843,0.05058569552610319,0.0072540591589668555,0.03352214125685347,0.017993365711942863
1155,0.5775499999999919,1.14963807010343e-08,1548.0206406361094,0.5949305110918585,0.9322059432789721,0.7966178298369163,0.6779782305751176,0.050583857970436866,0.007254023019237706,0.03352160102596054,0.017992872835366457
1156,0.5780499999999918,1.1493698626503807e-08,1547.9746444581701,0.5950830164526913,0.9322314671887348,0.7966944015662049,0.678099469146491,0.05058201996769827,0.0072539868684493814,0.0335210606417856,0.01799237983006471
1157,0.5785499999999918,1.1491021221225408e-08,1547.9286824509534,0.5952354070226914,0.9322569718866428,0.7967709156599287,0.6782206164615538,0.05058018152040004,0.007253950706649437,0.033520520105050196,0.017991886696704942
1158,0.5790499999999917,1.1488348482225937e-08,1547.8827545585534,0.5953876829314146,0.932282457394379,0.7968473721831371,0.6783416726233004,0.050578342635409716,0.0072539145339711114,0.03351997941775643,0.017991393437122687
1159,0.5795499999999917,1.1485680389987272e-08,1547.8368607723812,0.595539844308222,0.9323079237335936,0.796923771200781,0.6784626377345698,0.05057650331227945,0.007253878350403758,0.033519438579755666,0.017990900051191264
1160,0.5800499999999916,1.1483016941559006e-08,1547.7910010367543,0.5956918912822801,0.9323333709259045,0.7970001127777138,0.6785835118980469,0.050574663557831696,0.007253842156079769,0.033518897593037146,0.01799040654073426
1161,0.5805499999999916,1.1480358124070555e-08,1547.74517532441,0.5958438239825611,0.9323587989928972,0.7970763969786917,0.6787042952162619,0.05057282337449271,0.007253805951045066,0.03351835645829764,0.017989912906396083
1162,0.5810499999999915,1.1477703927973907e-08,1547.6993835987562,0.5959956425378434,0.9323842079561244,0.7971526238683733,0.6788249877915911,0.05057098276612503,0.007253769735373849,0.033517815176656404,0.017989419149206487
1163,0.5815499999999915,1.1475054343732693e-08,1547.653625823307,0.5961473470767125,0.9324095978371066,0.79722879351132,0.6789455897262568,0.050569141736569304,0.007253733509139904,0.03351727374922643,0.01798892527018942
1164,0.5820499999999914,1.1472409358515883e-08,1547.6079019710978,0.5962989377275602,0.9324349686573322,0.7973049059719967,0.6790661011223281,0.05056730028818991,0.007253697272387981,0.03351673217668674,0.017988431269972873
1165,0.5825499999999914,1.1469768962812595e-08,1547.5622120058433,0.5964504146185858,0.932460320438257,0.7973809613147711,0.6791865220817209,0.05056545842478593,0.00725366102519108,0.033516190460138394,0.017987937149569762
1166,0.5830499999999913,1.1467133150428251e-08,1547.516555881963,0.5966017778777963,0.9324856532013048,0.7974569596039145,0.679306852706198,0.050563616151588,0.007253624767650392,0.03351564860110371,0.017987442910377138
1167,0.5835499999999912,1.1464501905264749e-08,1547.4709335821963,0.596753027633007,0.9325109669678672,0.7975329009036018,0.6794270930973696,0.05056177346944503,0.007253588499780891,0.03351510659981641,0.01798694855261661
1168,0.5840499999999912,1.1461875221151262e-08,1547.4253450611689,0.596904164011841,0.9325362617593038,0.7976087852779118,0.6795472433566937,0.050559930383545386,0.0072535522216829705,0.033514564457786694,0.01798645407767402
1169,0.5845499999999911,1.1459253088622905e-08,1547.3797902830195,0.5970551871417304,0.9325615375969423,0.797684612790827,0.6796673035854761,0.05055808689760229,0.007253515933428009,0.033514022176091104,0.017985959486539534
1170,0.5850499999999911,1.1456635494924467e-08,1547.3342692213773,0.5972060971499168,0.932586794502078,0.7977603835062343,0.679787273884871,0.050556243013857076,0.007253479635058431,0.03351347975537332,0.017985464779808488
1171,0.585549999999991,1.1454022433917098e-08,1547.2887818311958,0.5973568941634505,0.9326120324959749,0.797836097487925,0.6799071543558812,0.050554398737432504,0.007253443326673398,0.03351293719712483,0.01798496995884936
1172,0.586049999999991,1.1451413892869841e-08,1547.2433280863036,0.5975075783091923,0.9326372515998648,0.7979117547995944,0.6800269450993579,0.05055255407052902,0.0072534070083145556,0.033512394501977606,0.017984475024246643
1173,0.5865499999999909,1.1448809862365533e-08,1547.1979079512428,0.5976581497138127,0.9326624518349477,0.7979873555048431,0.6801466462160017,0.05055070901677736,0.007253370680051728,0.03351185167098454,0.017983979976968625
1174,0.5870499999999909,1.1446210332998305e-08,1547.1525213906573,0.5978086085037929,0.9326876332223921,0.7980628996671764,0.6802662578063625,0.05054886357978749,0.0072533343419543435,0.03351130870519257,0.0179834848179781
1175,0.5875499999999908,1.1443615295373537e-08,1547.107168369295,0.597958954805425,0.9327127957833347,0.7981383873500042,0.68038577997084,0.050547017763148516,0.007253297994091441,0.033510765605642666,0.017982989548232332
1176,0.5880499999999907,1.1441024736810604e-08,1547.0618488613645,0.5981091887448124,0.9327379395388807,0.7982138186166422,0.6805052128096836,0.05054517156898208,0.007253261636503172,0.033510222372944175,0.01798249416829489
1177,0.5885499999999907,1.1438438654532508e-08,1547.0165628130949,0.5982593104478698,0.9327630645101037,0.7982891935303112,0.6806245564229928,0.050543325003730426,0.007253225269314796,0.03350967900897792,0.01798199867988874
1178,0.5890499999999906,1.1435857029288765e-08,1546.971310217602,0.5984093200403243,0.9327881707180459,0.7983645121541377,0.680743810910718,0.05054147806658227,0.007253188892508735,0.03350913551349051,0.01798150308279058
1179,0.5895499999999906,1.1433279858323903e-08,1546.9260910213216,0.5985592176477147,0.9328132581837179,0.7984397745511538,0.6808629763726602,0.05053963076393835,0.0072531525062094655,0.03350859188835089,0.017981007378712374
1180,0.5900499999999905,1.1430707132299104e-08,1546.8809051895084,0.5987090033953928,0.9328383269280992,0.7985149807842976,0.6809820529084712,0.050537783099285374,0.00725311611048409,0.033508048134570735,0.017980511568584243
1181,0.5905499999999905,1.1428138838593117e-08,1546.835752696853,0.5988586774085235,0.9328633769721377,0.7985901309164134,0.6811010406176546,0.0505359350746461,0.0072530797053708945,0.03350750425273101,0.017980015652943528
1182,0.5910499999999904,1.1425574964598689e-08,1546.7906335181278,0.5990082398120846,0.9328884083367506,0.7986652250102517,0.6812199395995652,0.050534086692025686,0.00725304329090782,0.03350696024340761,0.017979519632322867
1183,0.5915499999999904,1.14230155075986e-08,1546.745547600205,0.5991576907308681,0.932913421042823,0.7987402631284694,0.6813387499534098,0.05053223795773911,0.007253006867217737,0.03350641610844505,0.017979023508411535
1184,0.5920499999999903,1.1420460455006824e-08,1546.7004949180591,0.5993070302894796,0.9329384151112099,0.7988152453336299,0.6814574717782473,0.05053038887375091,0.0072529704343378245,0.03350587184840757,0.017978527281731424
1185,0.5925499999999903,1.1417909797541792e-08,1546.6554754374279,0.5994562586123393,0.9329633905627346,0.7988901716882038,0.6815761051729894,0.05052853944344947,0.007252933992333327,0.03350532746427868,0.01797803095318656
1186,0.5930499999999902,1.1415363525932835e-08,1546.6104891241469,0.599605375823682,0.9329883474181894,0.7989650422545683,0.6816946502363999,0.05052668967020335,0.007252897541269117,0.03350478295703616,0.017977534523675735
1187,0.5935499999999901,1.1412821630920172e-08,1546.565535944149,0.5997543820475576,0.933013285698336,0.799039857095008,0.681813107067096,0.050524839557361485,0.007252861081209692,0.03350423832765221,0.01797703799409253
1188,0.5940499999999901,1.1410284099966513e-08,1546.5206158727703,0.5999032774078316,0.9330382054239048,0.7991146162717145,0.6819314757635481,0.05052298910681382,0.007252824612190817,0.03350369357666964,0.017976541364939008
1189,0.59454999999999,1.1407750930411186e-08,1546.4757288575229,0.6000520620281848,0.9330631066155958,0.7991893198467873,0.6820497564240801,0.05052113832474943,0.0072527881343329974,0.03350314870589704,0.017976044637871124
1190,0.59504999999999,1.1405222103164002e-08,1546.4308748925337,0.6002007360321148,0.9330879892940778,0.7992639678822333,0.6821679491468695,0.050519287210142524,0.007252751647614556,0.03350260371501913,0.017975547812608524
1191,0.5955499999999899,1.1402697618871258e-08,1546.3860539162195,0.6003492995429348,0.9331128534799891,0.7993385604399672,0.6822860540299482,0.05051743577058023,0.007252715152183592,0.033502058606256456,0.017975050891182516
1192,0.5960499999999899,1.1400177461754063e-08,1546.3412659135843,0.6004977526837755,0.9331376991939373,0.7994130975818119,0.6824040711712023,0.05051558400643871,0.007252678648046088,0.03350151337970673,0.017974553873689122
1193,0.5965499999999898,1.1397661625904177e-08,1546.2965108418439,0.6006460955775841,0.9331625264564993,0.7994875793694983,0.6825220006683723,0.050513731922388644,0.007252642135292694,0.033500968036732186,0.017974056761377033
1194,0.5970499999999898,1.1395150098853152e-08,1546.251788676882,0.6007943283471259,0.9331873352882218,0.7995620058646656,0.6826398426190541,0.05051187952020788,0.007252605613957044,0.03350042257784349,0.017973559554718577
1195,0.5975499999999897,1.139264287799587e-08,1546.2070993668376,0.6009424511149833,0.9332121257096206,0.7996363771288619,0.6827575971206981,0.05051002680596265,0.007252569084157341,0.03349987700481416,0.01797306225533718
1196,0.5980499999999896,1.1390139944319331e-08,1546.1624429063284,0.6010904640035576,0.9332368977411811,0.7997106932235435,0.6828752642706106,0.050508173778523624,0.007252532545869928,0.03349933131729904,0.01797256486292494
1197,0.5985499999999896,1.138764129523888e-08,1546.1178192436857,0.601238367135068,0.9332616514033586,0.7997849542100759,0.6829928441659535,0.050506320443918624,0.007252495999212283,0.033498785517060675,0.017972067379095107
1198,0.5990499999999895,1.1385146921612444e-08,1546.0732283458915,0.6013861606315525,0.9332863867165777,0.7998591601497335,0.6831103369037446,0.05050446680528558,0.007252459444244917,0.033498239605010804,0.017971569804685304
1199,0.5995499999999895,1.1382656811028104e-08,1546.0286701892776,0.6015338446148685,0.9333111037012332,0.7999333111036996,0.6832277425808578,0.050502612864311285,0.007252422880999741,0.033497693581633896,0.017971072140143672
1200,0.6000499999999894,1.1380170957646622e-08,1545.9841447317451,0.6016814192066929,0.9333358023776891,0.8000074071330675,0.6833450612940236,0.050500758625530065,0.007252386309564835,0.033497147448253224,0.017970574386682796
1201,0.6005499999999894,1.1377689352357414e-08,1545.9396519405557,0.6018288845285222,0.9333604827662798,0.8000814482988396,0.6834622931398294,0.05049890409202409,0.007252349729999659,0.03349660120576452,0.017970076545125495
1202,0.6010499999999893,1.1375211982782104e-08,1545.8951917923039,0.6019762407016733,0.9333851448873093,0.800155434661928,0.6835794382147193,0.05049704926542645,0.007252313142335104,0.03349605485463684,0.017969578615905663
1203,0.6015499999999893,1.137273884311062e-08,1545.8507642451812,0.6021234878472833,0.9334097887610515,0.8002293662831548,0.6836964966149951,0.05049519415021435,0.007252276546658172,0.03349550839617711,0.01796908060022074
1204,0.6020499999999892,1.1370269924263606e-08,1545.8063692667215,0.6022706260863102,0.9334344144077507,0.800303243223252,0.6838134684368157,0.05049333874941486,0.007252239943027281,0.03349496183126529,0.017968582498878935
1205,0.6025499999999891,1.1367805213895966e-08,1545.7620068337817,0.6024176555395332,0.9334590218476205,0.8003770655428618,0.6839303537761979,0.05049148306460817,0.007252203331472318,0.03349441516035521,0.017968084312300087
1206,0.6030499999999891,1.1365344706226536e-08,1545.717676904838,0.602564576327553,0.9334836111008457,0.8004508333025371,0.6840471527290171,0.05048962710021504,0.00725216671207922,0.03349386838473764,0.017967586041666674
1207,0.603549999999989,1.1362888392206934e-08,1545.6733794476963,0.6027113885707921,0.9335081821875802,0.8005245465627407,0.6841638653910063,0.050487770859208206,0.00725213008490538,0.03349332150527696,0.017967087687772502
1208,0.604049999999989,1.136043626279904e-08,1545.629114430253,0.602858092389495,0.9335327351279489,0.8005982053838467,0.6842804918577575,0.05048591434454249,0.007252093450007846,0.03349277452283239,0.017966589251406616
1209,0.6045499999999889,1.1357988308974984e-08,1545.5848818204925,0.6030046879037286,0.9335572699420466,0.8006718098261398,0.6843970322247215,0.050484057559154846,0.00725205680744333,0.03349222743825805,0.01796609073335333
1210,0.6050499999999889,1.1355544521717084e-08,1545.540681586489,0.6031511752333829,0.9335817866499385,0.8007453599498157,0.6845134865872082,0.0504822005059644,0.007252020157268207,0.03349168025240291,0.01796559213439222
1211,0.6055499999999888,1.135310489201787e-08,1545.496513696406,0.6032975544981709,0.9336062852716603,0.8008188558149811,0.6846298550403869,0.0504803431878726,0.007251983499538517,0.0334911329661109,0.01796509345529818
1212,0.6060499999999888,1.1350669410880013e-08,1545.4523781184928,0.6034438258176288,0.9336307658272182,0.8008922974816546,0.6847461376792865,0.05047848560776328,0.007251946834309964,0.033490585580220875,0.017964594696841404
1213,0.6065499999999887,1.1348238069316304e-08,1545.4082748210903,0.6035899893111168,0.9336552283365885,0.8009656850097657,0.6848623345987958,0.050476627768502653,0.007251910161637925,0.03349003809556665,0.017964095859787452
1214,0.6070499999999887,1.1345810858349643e-08,1545.3642037726238,0.6037360450978192,0.9336796728197186,0.801039018459156,0.6849784458936637,0.05047476967293948,0.0072518734815774375,0.03348949051297703,0.017963596944897225
1215,0.6075499999999886,1.1343387772282045e-08,1545.320164932421,0.6038819932967445,0.9337040992965262,0.8011122978895788,0.6850944716584998,0.05047291132532765,0.0072518367942113,0.03348894283369507,0.017963097953308978
1216,0.6080499999999885,1.1340968802154424e-08,1545.2761582690953,0.6040278340267261,0.9337285077868998,0.8011855233606993,0.6852104119877739,0.05047105272847936,0.007251800099593866,0.03348839505853911,0.017962598885773933
1217,0.6085499999999885,1.1338553935750066e-08,1545.232183760525,0.6041735674064226,0.9337528983106983,0.801258694932095,0.6853262669758171,0.05046919388376825,0.007251763397751099,0.03348784718790362,0.01796209974265707
1218,0.6090499999999884,1.1336143167398952e-08,1545.1882413663097,0.6043191935543176,0.9337772708877519,0.8013318126632557,0.6854420367168216,0.0504673347953946,0.007251726688764781,0.0334872992230163,0.01796160052508244
1219,0.6095499999999884,1.133373648490571e-08,1545.1443310644913,0.6044647125887208,0.9338016255378612,0.8014048766135836,0.6855577213048408,0.05046547546469904,0.007251689972660251,0.03348675116426214,0.017961101233406253
1220,0.6100499999999883,1.1331333885884399e-08,1545.1004528056844,0.6046101246277676,0.9338259622807978,0.8014778868423937,0.6856733208337902,0.050463615897265904,0.0072516532495466544,0.03348620301327713,0.017960601869124352
1221,0.6105499999999883,1.1328935354893933e-08,1545.056606577266,0.60475542978942,0.9338502811363045,0.8015508434089138,0.6857888353974468,0.050461756092982445,0.007251616519420651,0.03348565477001806,0.017960102432202765
1222,0.6110499999999882,1.1326540889565382e-08,1545.0127923300386,0.6049006281914664,0.9338745821240947,0.8016237463722844,0.6859042650894502,0.0504598960573967,0.007251579782390708,0.03348510643611057,0.017959602924127717
1223,0.6115499999999882,1.1324150477743676e-08,1544.9690100423788,0.6050457199515223,0.933898865263853,0.8016965957915593,0.6860196100033024,0.05045803579178231,0.007251543038480889,0.033484558011920386,0.01795910334523763
1224,0.6120499999999881,1.1321764110549123e-08,1544.925259683583,0.6051907051870308,0.9339231305752352,0.8017693917257058,0.6861348702323675,0.050456175298815555,0.007251506287742969,0.03348400949822682,0.017958603696247653
1225,0.612549999999988,1.1319381782373969e-08,1544.8815412138883,0.605335584015262,0.9339473780778681,0.8018421342336043,0.6862500458698736,0.05045431458257244,0.007251469530256393,0.033483460896222034,0.017958103978248888
1226,0.613049999999988,1.131700348109462e-08,1544.83785461191,0.6054803565533144,0.9339716077913497,0.8019148233740491,0.6863651370089111,0.05045245364427852,0.007251432766044305,0.03348291220625788,0.017957604191566983
1227,0.6135499999999879,1.1314629201121477e-08,1544.79419983806,0.6056250229181146,0.9339958197352493,0.8019874592057479,0.6864801437424343,0.05045059248797545,0.0072513959951855,0.033482363429516694,0.017957104337283935
1228,0.6140499999999879,1.1312258936871912e-08,1544.7505768528515,0.6057695832264178,0.9340200139291075,0.8020600417873227,0.686595066163261,0.05044873111768603,0.007251359217758419,0.033481814567175396,0.017956604416476764
1229,0.6145499999999878,1.1309892672992147e-08,1544.7069856442724,0.605914037594808,0.9340441903924365,0.8021325711773094,0.6867099043640733,0.05044686953317264,0.007251322433757333,0.03348126561915477,0.017956104429078273
1230,0.6150499999999878,1.1307530407178313e-08,1544.6634261638749,0.6060583861396983,0.9340683491447194,0.8022050474341581,0.686824658437417,0.050445007739839315,0.007251285643288004,0.033480716587039314,0.01795560437653656
1231,0.6155499999999877,1.1305172127356697e-08,1544.6198983906777,0.6062026289773316,0.9340924902054111,0.8022774706162334,0.6869393284757029,0.05044314573883103,0.007251248846372048,0.03348016747115772,0.017955104259155856
1232,0.6160499999999877,1.1302817824723264e-08,1544.5764022946505,0.6063467662237804,0.934116613593938,0.8023498407818144,0.6870539145712061,0.0504412835326911,0.0072512120430587215,0.03347961827225117,0.01795460407761602
1233,0.6165499999999876,1.1300467496996896e-08,1544.5329378276292,0.6064907979949472,0.9341407193296982,0.8024221579890948,0.6871684168160668,0.050439421126769635,0.007251175233452771,0.03347906899188876,0.01795410383335087
1234,0.6170499999999876,1.1298121128876697e-08,1544.4895049779784,0.6066347244065653,0.9341648074320611,0.8024944222961834,0.6872828353022904,0.050437558520752594,0.007251138417547014,0.03347851962996923,0.017953603526272878
1235,0.6175499999999875,1.129577871809795e-08,1544.4461036977132,0.6067785455741984,0.9341888779203679,0.8025666337611038,0.6873971701217477,0.05043569571995568,0.007251101595445547,0.03347797018805185,0.01795310315780676
1236,0.6180499999999874,1.1293440252636168e-08,1544.4027339662462,0.6069222616132415,0.9342129308139315,0.8026387924417949,0.6875114213661753,0.05043383272544514,0.00725106476716849,0.033477420666442666,0.01795260272823582
1237,0.6185499999999874,1.1291105723733023e-08,1544.3593957539626,0.6070658726389208,0.9342369661320369,0.8027108983961109,0.6876255891271755,0.05043196953968282,0.007251027932763556,0.03347687106585947,0.017952102238218304
1238,0.6190499999999873,1.128877512589293e-08,1544.316089022243,0.6072093787662941,0.9342609838939404,0.8027829516818213,0.6877396734962171,0.05043010616652321,0.007250991092306008,0.03347632138743097,0.01795160168878659
1239,0.6195499999999873,1.1286448450374452e-08,1544.2728137416432,0.6073527801102515,0.9342849841188705,0.8028549523566116,0.6878536745646351,0.05042824260839496,0.007250954245842936,0.03347577163186547,0.017951101080590105
1240,0.6200499999999872,1.1284125688445575e-08,1544.2295698827995,0.6074960767855151,0.9343089668260276,0.8029269004780829,0.6879675924236313,0.050426378867711175,0.007250917393421129,0.03347522179986675,0.01795060041427415
1241,0.6205499999999872,1.1281806834634958e-08,1544.1863574073543,0.6076392689066397,0.934332932034584,0.8029987961037521,0.6880814271642742,0.05042451494827594,0.007250880535114901,0.03347467189254913,0.017950099690857754
1242,0.6210499999999871,1.1279491876976747e-08,1544.1431762951818,0.6077823565880128,0.9343568797636841,0.8030706392910524,0.6881951788774997,0.05042265085106365,0.007250843670942621,0.0334741219101922,0.017949598910599822
1243,0.6215499999999871,1.127718081001698e-08,1544.100026508088,0.6079253399438554,0.9343808100324443,0.8031424300973332,0.688308847654111,0.050420786579846395,0.007250806800977994,0.033473571853901096,0.017949098074510884
1244,0.622049999999987,1.1274873621809817e-08,1544.056908026095,0.608068219088222,0.9344047228599535,0.8032141685798604,0.688422433584779,0.05041892213556911,0.007250769925238828,0.03347302172394692,0.017948597182842013
1245,0.622549999999987,1.1272570310167186e-08,1544.0138208021165,0.6082109941350005,0.934428618265272,0.803285854795816,0.6885359367600422,0.05041705752337619,0.007250733043825999,0.033472471521840005,0.017948096236972546
1246,0.6230499999999869,1.1270270863161147e-08,1543.9707648163333,0.6083536651979133,0.9344524962674331,0.8033574888022995,0.6886493572703076,0.05041519274418158,0.007250696156756728,0.03347192124784254,0.017947595237145317
1247,0.6235499999999868,1.1267975275370232e-08,1543.92774003089,0.6084962323905172,0.9344763568854422,0.8034290706563265,0.6887626952058504,0.050413327801692304,0.0072506592641034895,0.033471370903041024,0.017947094184353602
1248,0.6240499999999868,1.1265683538132922e-08,1543.8847464170692,0.6086386958262034,0.9345002001382767,0.8035006004148302,0.6888759506568144,0.0504114626981956,0.007250622365910695,0.03347082048810313,0.017946593079209306
1249,0.6245499999999867,1.126339564279691e-08,1543.8417839462284,0.6087810556181985,0.9345240260448867,0.8035720781346604,0.6889891237132122,0.050409597435963856,0.007250585462222465,0.03347027000369225,0.017946091922320363
1250,0.6250499999999867,1.1261111583964358e-08,1543.798852580767,0.6089233118795642,0.9345478346241948,0.8036435038725845,0.6891022144649255,0.050407732018655484,0.007250548553110362,0.03346971945088097,0.017945590714667177
1251,0.6255499999999866,1.1258831349754678e-08,1543.755952301237,0.6090654647231978,0.9345716258950958,0.8037148776852876,0.6892152230017053,0.05040586644711084,0.007250511638590204,0.033469168829910294,0.017945089456473023
1252,0.6260499999999866,1.125655493154302e-08,1543.713083079222,0.6092075142618326,0.9345953998764572,0.803786199629372,0.6893281494131723,0.05040400072355775,0.0072504747187052635,0.03346861814143077,0.017944588148334006
1253,0.6265499999999865,1.1254282327200291e-08,1543.6702448683398,0.609349460608038,0.9346191565871192,0.803857469761358,0.6894409937888168,0.050402134853007804,0.007250437793553922,0.03346806738691479,0.01794408679159427
1254,0.6270499999999865,1.1252013528115892e-08,1543.6274376403499,0.60949130387422,0.9346428960458946,0.8039286881376837,0.6895537562179992,0.05040026883765582,0.007250400863178836,0.03346751656700349,0.01794358538684117
1255,0.6275499999999864,1.1249748522446265e-08,1543.5846613760982,0.6096330441726214,0.9346666182715684,0.8039998548147053,0.6896664367899501,0.050398402678284084,0.007250363927594715,0.033466965681921146,0.017943083934282567
1256,0.6280499999999863,1.1247487304842245e-08,1543.5419160384713,0.6097746816153221,0.934690323282899,0.8040709698486973,0.6897790355937707,0.050396536378457604,0.007250326986871351,0.03346641473271355,0.01794258243487406
1257,0.6285499999999863,1.1245229869961061e-08,1543.4992015904472,0.6099162163142393,0.9347140110986174,0.8041420332958523,0.6898915527184329,0.0503946699417245,0.007250290041078223,0.033465863720421686,0.0179420808895668
1258,0.6290499999999862,1.1242976202746135e-08,1543.4565180220925,0.6100576483811281,0.9347376817374272,0.8042130452122819,0.6900039882527796,0.05039280336742759,0.007250253090201575,0.03346531264484514,0.017941579298181933
1259,0.6295499999999862,1.1240726304352133e-08,1543.4138652785366,0.6101989779275812,0.9347613352180052,0.8042840056540156,0.6901163422855248,0.05039093666187804,0.007250216134365609,0.03346476150784089,0.017941077662413204
1260,0.6300499999999861,1.1238480162979807e-08,1543.3712433409971,0.61034020506503,0.9347849715590008,0.8043549146770025,0.6902286149052539,0.050389069825785684,0.007250179173583653,0.03346421030961234,0.017940575982449188
1261,0.6305499999999861,1.1236237770079546e-08,1543.3286521817597,0.6104813299047441,0.9348085907790367,0.80442577233711,0.6903408062004243,0.05038720286124294,0.007250142207896417,0.03346365905077116,0.017940074258850046
1262,0.631049999999986,1.1233999120348105e-08,1543.2860917642015,0.6106223525578325,0.9348321928967083,0.804496578690125,0.6904529162593648,0.050385335771721836,0.0072501052373719396,0.03346310773233653,0.017939572492546744
1263,0.631549999999986,1.1231764205251702e-08,1543.2435620607641,0.6107632731352427,0.9348557779305845,0.8045673337917536,0.6905649451702766,0.05038346855928482,0.00725006826205036,0.033462556354911535,0.01793907068409148
1264,0.6320499999999859,1.122953301626541e-08,1543.201063043964,0.6109040917477621,0.934879345899207,0.8046380376976211,0.6906768930212334,0.05038160122598033,0.007250031281971556,0.033462004919095206,0.017938568834032727
1265,0.6325499999999858,1.1227305544873127e-08,1543.1585946863859,0.6110448085060175,0.9349028968210907,0.8047086904632723,0.6907887599001813,0.050379733773842854,0.007249994297175135,0.03346145342548258,0.01793806694291526
1266,0.6330499999999858,1.1225081789037356e-08,1543.1161569427577,0.6111854235204761,0.934926430714724,0.8047792921441721,0.6909005458949391,0.050377866207675696,0.007249957307755556,0.03346090187548651,0.017937565012028044
1267,0.6335499999999857,1.1222861737021482e-08,1543.0737497947937,0.6113259369014451,0.9349499475985682,0.8048498427957046,0.6910122510931991,0.05037599852809135,0.007249920313724293,0.03346035026928233,0.017937063041533776
1268,0.6340499999999857,1.1220645380333827e-08,1543.031373215305,0.6114663487590726,0.9349734474910582,0.8049203424731745,0.6911238755825263,0.05037413073708107,0.0072498833151201335,0.03345979860745265,0.017936561031965746
1269,0.6345499999999856,1.1218432716957412e-08,1542.98902715927,0.6116066592033472,0.934996930410602,0.8049907912318061,0.6912354194503597,0.050372262839401494,0.0072498463120366586,0.033459246891396975,0.01793605898460056
1270,0.6350499999999856,1.1216223731949507e-08,1542.9467116175604,0.6117468683440991,0.9350203963755814,0.8050611891267443,0.6913468827840118,0.05037039483423514,0.00724980930445704,0.03345869512086854,0.017935556899216675
1271,0.6355499999999855,1.1214018423307986e-08,1542.9044265453106,0.6118869762909995,0.9350438454043514,0.8051315362130541,0.691458265670669,0.050368526726309065,0.007249772292474299,0.03345814329725837,0.01793505477708284
1272,0.6360499999999855,1.1211816782572179e-08,1542.8621719156372,0.6120269831535619,0.9350672775152404,0.8052018325457214,0.6915695681973922,0.05036665851755655,0.007249735276126127,0.033457591421132436,0.017934552618716966
1273,0.6365499999999854,1.1209618801290054e-08,1542.8199477017254,0.6121668890411411,0.9350906927265508,0.8052720781796524,0.6916807904511164,0.05036479020989743,0.007249698255449955,0.033457039493052815,0.01793405042463337
1274,0.6370499999999854,1.1207424474248012e-08,1542.7777538678986,0.6123066940629353,0.9351140910565582,0.8053422731696745,0.6917919325186515,0.05036292180662472,0.007249661230510436,0.03345648751398734,0.01793354819571552
1275,0.6375499999999853,1.1205233793009366e-08,1542.735590387493,0.6124463983279841,0.935137472523512,0.8054124175705359,0.6919029944866819,0.050361053309629776,0.007249624201344466,0.03345593548448992,0.017933045932470183
1276,0.6380499999999852,1.120304674914601e-08,1542.6934572339114,0.6125860019451708,0.9351608371456352,0.8054825114369057,0.6920139764417675,0.050359184720790665,0.0072495871679886794,0.033455383405110624,0.017932543635400585
1277,0.6385499999999852,1.1200863337466314e-08,1542.651354371709,0.6127255050232215,0.9351841849411249,0.8055525548233748,0.6921248784703434,0.050357316043357005,0.007249550130506911,0.033454831276804854,0.017932041305378687
1278,0.6390499999999851,1.1198683546330103e-08,1542.6092817833503,0.612864907670706,0.9352075159281515,0.8056225477844549,0.6922357006587203,0.05035544727779466,0.007249513088907832,0.03345427909970563,0.01793153894252817
1279,0.6395499999999851,1.1196507373788196e-08,1542.5672394246255,0.6130042099960377,0.9352308301248599,0.8056924903745796,0.6923464430930844,0.05035357842870928,0.007249476043282175,0.03345372687516925,0.017931036548085623
1280,0.640049999999985,1.1194334811442838e-08,1542.5252272692337,0.6131434121074739,0.935254127549368,0.8057623826481041,0.6924571058594982,0.050351709497922954,0.007249438993665519,0.03345317460372973,0.017930534122539407
1281,0.640549999999985,1.1192165850904751e-08,1542.4832452909418,0.6132825141131165,0.9352774082197685,0.8058322246593054,0.6925676890439002,0.05034984048724473,0.0072494019400931925,0.033452622285917256,0.01793003166637442
1282,0.6410499999999849,1.1190000483793115e-08,1542.4412934635827,0.6134215161209117,0.9353006721541274,0.8059020164623824,0.6926781927321055,0.05034797139847082,0.007249364882600275,0.033452069922258354,0.01792952918007213
1283,0.6415499999999849,1.1187838708183841e-08,1542.3993717432734,0.6135604182386505,0.9353239193704854,0.8059717581114563,0.6927886170098059,0.05034610223614675,0.007249327821276372,0.033451517514092165,0.017929026664853204
1284,0.6420499999999848,1.1185680509262164e-08,1542.3574801217794,0.6136992205739694,0.9353471498868567,0.8060414496605703,0.6928989619625698,0.05034423299927848,0.007249290756101265,0.033450965061120795,0.017928524120449058
1285,0.6425499999999847,1.1183525885118303e-08,1542.3156185553669,0.61383792323435,0.9353703637212301,0.8061110911636904,0.693009227675843,0.05034236369238363,0.007249253687164031,0.033450412564675375,0.017928021548072944
1286,0.6430499999999847,1.1181374830623596e-08,1542.2737870092797,0.6139765263271196,0.9353935608915681,0.8061806826747044,0.6931194142349487,0.05034049431858307,0.007249216614526067,0.0334498600256744,0.017927518948562662
1287,0.6435499999999846,1.1179227330990249e-08,1542.2319854754671,0.6141150299594518,0.9354167414158078,0.8062502242474234,0.6932295217250872,0.050338624876846476,0.007249179538166457,0.033449307443809466,0.017927016321639972
1288,0.6440499999999846,1.1177083387548994e-08,1542.1902139015597,0.614253434238366,0.9354399053118604,0.8063197159355812,0.693339550231337,0.050336755373026405,0.007249142458200799,0.033448754820806725,0.017926513668877212
1289,0.6445499999999845,1.1174942988749734e-08,1542.148472270767,0.6143917392707282,0.9354630525976113,0.8063891577928343,0.6934494998386542,0.05033488580744559,0.007249105374635027,0.0334482021567579,0.017926010990359995
1290,0.6450499999999845,1.1172806126272935e-08,1542.1067605574833,0.6145299451632515,0.9354861832909207,0.8064585498727622,0.6935593706318736,0.05033301618179367,0.0072490682875021965,0.03344764945215883,0.017925508286541478
1291,0.6455499999999844,1.1170672798245723e-08,1542.0650787184547,0.6146680520224957,0.9355092974096226,0.8065278922288681,0.6936691626957079,0.05033114650050052,0.007249031196889733,0.03344709670831556,0.017925005558611665
1292,0.6460499999999844,1.1168542993142809e-08,1542.0234267370831,0.6148060599548684,0.9355323949715261,0.8065971849145782,0.6937788761147489,0.05032927676385176,0.0072489941028028625,0.03344654392530908,0.017924502806646283
1293,0.6465499999999843,1.1166416705885515e-08,1541.98180457912,0.6149439690666242,0.935555475994414,0.8066664279832422,0.6938885109734669,0.050327406974873305,0.007248957005301184,0.03344599110403064,0.017924000031457936
1294,0.6470499999999842,1.1164293928183566e-08,1541.9402122192412,0.615081779463866,0.9355785404960445,0.8067356214881335,0.6939980673562114,0.05032553713520202,0.007248919904416748,0.03344543824496088,0.017923497233485765
1295,0.6475499999999842,1.1162174654971613e-08,1541.8986496233472,0.6152194912525447,0.9356015884941496,0.8068047654824492,0.6941075453472113,0.05032366724783649,0.007248882800208634,0.03344488534898318,0.0179229944135351
1296,0.6480499999999841,1.1160058877973892e-08,1541.8571167662528,0.6153571045384599,0.9356246200064368,0.8068738600193104,0.6942169450305749,0.050321797314387434,0.007248845692708399,0.0334443324165707,0.017922491572038138
1297,0.6485499999999841,1.1157946592138304e-08,1541.8156136140046,0.6154946194272596,0.9356476350505873,0.8069429051517621,0.6943262664902901,0.05031992733782634,0.00724880858197461,0.03344377944859904,0.017921988709793033
1298,0.649049999999984,1.1155837789203533e-08,1541.7741401415567,0.6156320360244407,0.9356706336442578,0.8070119009327735,0.6944355098102248,0.05031805731973807,0.007248771468038329,0.0334432264455339,0.01792148582722511
1299,0.649549999999984,1.1153732460916359e-08,1541.7326963239243,0.6157693544353499,0.9356936158050794,0.8070808474152383,0.6945446750741274,0.0503161872616956,0.007248734350930391,0.03344267340783754,0.017920982924756516
1300,0.6500499999999839,1.1151630605459047e-08,1541.6912821185476,0.6159065747651825,0.9357165815506581,0.8071497446519744,0.6946537623656263,0.05031431716800194,0.00724869723073583,0.0334421203367797,0.017920480003543626
1301,0.6505499999999839,1.1149532211377792e-08,1541.6498975094064,0.6160436971189845,0.9357395308985748,0.8072185926957244,0.6947627717682304,0.05031244703883236,0.00724866010745776,0.0334415672324095,0.0179199770636328
1302,0.6510499999999838,1.1147437270441746e-08,1541.608542471714,0.6161807216016515,0.9357624638663852,0.8072873915991555,0.6948717033653297,0.050310576875722476,0.007248622981126303,0.03344101409517844,0.017919474105436272
1303,0.6515499999999838,1.1145345784063748e-08,1541.567216954328,0.6163176483179292,0.9357853804716199,0.8073561414148599,0.6949805572401948,0.050308706684303824,0.007248585851852909,0.033440460926749585,0.01791897113046785
1304,0.6520499999999837,1.1143257734389689e-08,1541.525920959027,0.6164544773724144,0.9358082807317848,0.8074248421953545,0.695089333475978,0.050306836461977464,0.007248548719585636,0.03343990772635174,0.01791846813802789
1305,0.6525499999999836,1.1141173122844777e-08,1541.4846544348156,0.6165912088695545,0.9358311646643606,0.8074934939930818,0.6951980321557129,0.05030496621434803,0.007248511584435429,0.03343935449564027,0.017917965129623088
1306,0.6530499999999836,1.1139091941224717e-08,1541.44341735719,0.6167278429136479,0.935854032286803,0.8075620968604089,0.6953066533623142,0.05030309594289923,0.007248474446431421,0.033438801235051746,0.01791746210565187
1307,0.6535499999999835,1.1137014181333164e-08,1541.4022097017055,0.6168643796088444,0.935876883616543,0.807630650849629,0.6954151971785792,0.05030122564910321,0.00724843730560253,0.03343824794501941,0.017916959066509603
1308,0.6540499999999835,1.1134939838190577e-08,1541.3610314351931,0.6170008190591458,0.9358997186709866,0.8076991560129602,0.695523663687187,0.050299355335786916,0.007248400162004585,0.033437694626377364,0.017916456012956064
1309,0.6545499999999834,1.1132868903614656e-08,1541.3198825333413,0.6171371613684052,0.9359225374675155,0.8077676124025466,0.6956320529706987,0.05029748500439786,0.0072483630156660326,0.03343714127955175,0.017915952945380065
1310,0.6550499999999834,1.1130801369430976e-08,1541.2787629718978,0.6172734066403286,0.935945340023486,0.8078360200704578,0.6957403651115582,0.050295614656372195,0.007248325866615099,0.03343658790496541,0.017915449864167383
1311,0.6555499999999833,1.112873723388717e-08,1541.2376727091262,0.6174095549784736,0.9359681263562298,0.8079043790686896,0.695848600192092,0.05029374429586365,0.007248288714934003,0.03343603450384536,0.017914946770434814
1312,0.6560499999999833,1.1126676485614461e-08,1541.1966117296854,0.6175456064862512,0.9359908964830546,0.8079726894491638,0.6959567582945093,0.050291873922918395,0.007248251560623383,0.033435481076203366,0.017914443664194344
1313,0.6565499999999832,1.1124619119666091e-08,1541.1555800007502,0.6176815612669252,0.9360136504212426,0.8080409512637281,0.6960648395009028,0.05029000354030027,0.0072482144037378715,0.03343492762285543,0.017913940546188997
1314,0.6570499999999831,1.1122565131100735e-08,1541.1145774895706,0.6178174194236122,0.9360363881880522,0.8081091645641567,0.6961728438932482,0.05028813315075965,0.007248177244331846,0.033434374144613664,0.01791343741715823
1315,0.6575499999999831,1.1120514511777778e-08,1541.0736041722269,0.6179531810592828,0.9360591098007167,0.8081773294021504,0.6962807715534047,0.050286262755671295,0.0072481400824323675,0.03343382064188325,0.017912934277471506
1316,0.658049999999983,1.1118467256768493e-08,1541.0326600161068,0.6180888462767611,0.9360818152764453,0.8082454458293361,0.6963886225631155,0.050284392357760443,0.007248102918093334,0.03343326711546908,0.017912431127861606
1317,0.658549999999983,1.1116423354742478e-08,1540.9917450061648,0.6182244151787253,0.9361045046324226,0.8083135138972679,0.6964963970040076,0.0502825219570171,0.00724806575131431,0.033432713565366694,0.017911927968325556
1318,0.6590499999999829,1.1114382807191223e-08,1540.9508590924297,0.6183598878677077,0.9361271778858088,0.8083815336574264,0.6966040949575919,0.050280651558864055,0.007248028582202819,0.03343215999317955,0.017911424800321887
1319,0.6595499999999829,1.1112345599595055e-08,1540.9100022687253,0.6184952644460951,0.9361498350537397,0.8084495051612193,0.696711716505264,0.0502787811619073,0.007247991410730939,0.033431606398493734,0.017910921623475375
1320,0.6600499999999828,1.1110311730253807e-08,1540.869174493967,0.6186305450161296,0.9361724761533271,0.8085174284599813,0.6968192617283038,0.05027691077018345,0.0072479542369786746,0.033431052782502683,0.017910418438871752
1321,0.6605499999999828,1.110828119106791e-08,1540.8283757446166,0.6187657296799074,0.936195101201658,0.8085853036049744,0.6969267307078761,0.05027504038499635,0.007247917060971733,0.033430499145591125,0.017909915246861613
1322,0.6610499999999827,1.1106253977146072e-08,1540.787605988471,0.6189008185393808,0.9362177102157959,0.8086531306473879,0.6970341235250308,0.05027317000899712,0.007247879882762607,0.03342994548854268,0.017909412048158067
1323,0.6615499999999827,1.1104230083602291e-08,1540.7468651933975,0.6190358116963575,0.9362403032127794,0.8087209096383384,0.6971414402607026,0.05027129964482382,0.007247842702403546,0.03342939181213721,0.017908908843470746
1324,0.6620499999999826,1.110220949915699e-08,1540.706153344772,0.6191707092525005,0.9362628802096234,0.8087886406288706,0.6972486809957117,0.05026942929238786,0.007247805519892605,0.0334288381163475,0.017908405632775744
1325,0.6625499999999825,1.110019221893823e-08,1540.6654704105836,0.6193055113093294,0.9362854412233187,0.8088563236699562,0.697355845810764,0.05026755895430488,0.007247768335281602,0.033428284401946964,0.017907902416776724
1326,0.6630499999999825,1.109817823807934e-08,1540.6248163588943,0.61944021796822,0.9363079862708318,0.8089239588124953,0.697462934786451,0.05026568863317756,0.007247731148622114,0.033427730669705266,0.017907399196173922
1327,0.6635499999999824,1.1096167551718885e-08,1540.5841911578393,0.6195748293304045,0.9363305153691053,0.808991546107316,0.6975699480032505,0.05026381833159577,0.007247693959965471,0.03342717692038842,0.017906895971664175
1328,0.6640499999999824,1.1094160148606434e-08,1540.5435947930243,0.619709345496972,0.936353028535058,0.8090590856051743,0.6976768855415258,0.05026194804942761,0.007247656769308899,0.03342662315395669,0.01790639274321203
1329,0.6645499999999823,1.1092156027091013e-08,1540.5030272240078,0.6198437665688687,0.9363755257855847,0.8091265773567542,0.6977837474815275,0.05026007779059474,0.00724761957673023,0.03342606937157058,0.017905889511872733
1330,0.6650499999999823,1.109015517913262e-08,1540.462488427819,0.6199780926468982,0.9363980071375562,0.8091940214126685,0.6978905339033918,0.05025820755629723,0.007247582382253192,0.033425515573584905,0.01790538627796929
1331,0.6655499999999822,1.1088157596698752e-08,1540.4219783815424,0.6201123238317214,0.9364204726078195,0.8092614178234584,0.6979972448871425,0.05025633734772477,0.007247545185901311,0.033424961760351445,0.01790488304182193
1332,0.6660499999999822,1.1086163278153985e-08,1540.3814970449507,0.6202464602238573,0.9364429222131978,0.8093287666395936,0.6981038805126899,0.05025446716876105,0.007247507987751706,0.033424407933019845,0.017904379804475845
1333,0.6665499999999821,1.1084172212283068e-08,1540.3410444039407,0.620380501923683,0.9364653559704909,0.8093960679114727,0.6982104408598316,0.05025259701922025,0.007247470787800564,0.03342385409153476,0.017903876565881213
1334,0.667049999999982,1.1082184397461466e-08,1540.3006204184233,0.6205144490314337,0.9364877738964742,0.8094633216894228,0.6983169260082528,0.05025072690296157,0.0072474335861245414,0.0334233002370388,0.01790337332707671
1335,0.667549999999982,1.1080199822488218e-08,1540.2602250744076,0.6206483016472034,0.9365101760079001,0.8095305280237004,0.6984233360375257,0.05024885681977827,0.00724739638271942,0.03342274636947056,0.01790287008800695
1336,0.6680499999999819,1.10782184857496e-08,1540.2198583319407,0.6207820598709447,0.936532562321497,0.8095976869644911,0.6985296710271108,0.05024698677350525,0.0072473591776614,0.03342219248996568,0.017902366849704164
1337,0.6685499999999819,1.1076240379250828e-08,1540.179520168482,0.6209157238024695,0.9365549328539697,0.8096647985619093,0.6986359310563565,0.050245116765264324,0.0072473219709727095,0.033421638598856385,0.017901863612470537
1338,0.6690499999999818,1.1074265495004475e-08,1540.1392105615423,0.6210492935414489,0.9365772876219998,0.8097318628659994,0.6987421162044991,0.05024324679616723,0.007247284762675388,0.03342108469647199,0.017901360376605568
1339,0.6695499999999818,1.1072293831412089e-08,1540.09892947138,0.6211827691874137,0.9365996266422449,0.8097988799267348,0.6988482265506636,0.050241376870011935,0.007247247552844935,0.033420530783937544,0.017900857143131693
1340,0.6700499999999817,1.1070325377307293e-08,1540.0586768842863,0.6213161508397542,0.9366219499313396,0.8098658497940189,0.6989542621738632,0.0502395069865394,0.00724721034147613,0.033419976861176495,0.017900353911979586
1341,0.6705499999999817,1.1068360131102305e-08,1540.0184527606548,0.6214494385977213,0.9366442575058948,0.8099327725176844,0.6990602231530002,0.05023763714952374,0.007247173128644018,0.03341942292930707,0.017899850684165355
1342,0.6710499999999816,1.1066398081644798e-08,1539.978257086885,0.6215826325604258,0.9366665493824979,0.809999648147494,0.6991661095668656,0.05023576735868571,0.007247135914342993,0.03341886898824683,0.017899347459614273
1343,0.6715499999999816,1.1064439227357614e-08,1539.9380898235042,0.621715732826839,0.9366888255777136,0.8100664767331409,0.6992719214941399,0.05023389761777575,0.007247098698647649,0.03341831503910722,0.017898844239336173
1344,0.6720499999999815,1.106248356029039e-08,1539.8979509483895,0.6218487394957933,0.9367110861080825,0.8101332583242477,0.6993776590133922,0.0502320279278397,0.00724706148157877,0.03341776108219853,0.017898341023613026
1345,0.6725499999999814,1.1060531075687416e-08,1539.8578404308405,0.6219816526659822,0.9367333309901225,0.8101999929703676,0.6994833222030821,0.050230158291258244,0.007247024263183714,0.03341720711822661,0.01789783781308609
1346,0.6730499999999814,1.1058581765611133e-08,1539.8177582488504,0.6221144724359601,0.936755560240328,0.8102666807209841,0.6995889111415582,0.0502282887090562,0.007246987043482856,0.03341665314749567,0.017897334608031737
1347,0.6735499999999813,1.1056635625317463e-08,1539.7777043718424,0.6222471989041432,0.9367777738751704,0.8103333216255112,0.6996944259070593,0.05022641918359215,0.007246949822523136,0.0334160991707052,0.017896831409085354
1348,0.6740499999999813,1.105469265006729e-08,1539.7376787693092,0.6223798321688093,0.9367999719110978,0.8103999157332934,0.6997998665777145,0.05022454971721283,0.007246912600351268,0.03341554518855129,0.017896328216879188
1349,0.6745499999999812,1.105275282875611e-08,1539.6976814280326,0.6225123723280986,0.9368221543645353,0.8104664630936059,0.6999052332315429,0.05022268030956872,0.007246875376960288,0.03341499120093111,0.01789582503131977
1350,0.6750499999999812,1.1050816163027242e-08,1539.6577123004013,0.6226448194800133,0.936844321251885,0.8105329637556552,0.7000105259464541,0.050220810965669736,0.007246838152449958,0.033414437209330156,0.017895321853756273
1351,0.6755499999999811,1.1048882641788257e-08,1539.6177713733139,0.6227771737224179,0.9368664725895259,0.810599417768578,0.7001157448002485,0.05021894168514521,0.0072468009268129106,0.033413883213639486,0.0178948186840896
1352,0.676049999999981,1.1046952260323077e-08,1539.5778586165081,0.6229094351530401,0.9368886083938142,0.8106658251814427,0.7002208898706177,0.05021707247029837,0.0072467637000950295,0.03341332921454266,0.01789431552294043
1353,0.676549999999981,1.1045025010737567e-08,1539.5379740083804,0.6230416038694703,0.9369107286810828,0.8107321860432486,0.7003259612351437,0.050215203322080904,0.007246726472315293,0.033412775212322755,0.01789381237056567
1354,0.677049999999981,1.1043100891509445e-08,1539.4981175101977,0.6231736799691621,0.9369328334676421,0.8107985004029266,0.7004309589713005,0.050213334244113936,0.007246689243545856,0.033412221208054135,0.017893309227940826
1355,0.6775499999999809,1.1041179891573608e-08,1539.4582891090688,0.6233056635494328,0.9369549227697795,0.8108647683093386,0.7005358831564529,0.050211465235988406,0.007246652013778607,0.033411667201616715,0.017892806094956575
1356,0.6780499999999808,1.10392620125993e-08,1539.4184887578067,0.6234375547074632,0.9369769966037594,0.8109309898112785,0.7006407338678577,0.050209596302641164,0.007246614783111937,0.0334111131944751,0.017892302972942708
1357,0.6785499999999808,1.1037347240352605e-08,1539.3787164522128,0.6235693535402981,0.9369990549858239,0.8109971649574718,0.7007455111826637,0.050207727442304916,0.007246577551510689,0.03341055918610671,0.01789179986142431
1358,0.6790499999999807,1.1035435573331704e-08,1539.338972153809,0.6237010601448464,0.9370210979321918,0.8110632937965756,0.7008502151779114,0.050205858658556035,0.007246540319046172,0.03341000517757305,0.01789129676136501
1359,0.6795499999999807,1.1033527006857775e-08,1539.2992558327715,0.6238326746178816,0.9370431254590597,0.8111293763771791,0.7009548459305335,0.05020398995362074,0.007246503085762806,0.033409451169535545,0.017890793673365036
1360,0.6800499999999806,1.1031621533077724e-08,1539.2595674679042,0.6239641970560419,0.9370651375826011,0.8111954127478034,0.7010594035173555,0.05020212132837806,0.007246465851678182,0.033408897162256285,0.017890290597661947
1361,0.6805499999999806,1.1029719144145438e-08,1539.2199070380607,0.62409562755583,0.9370871343189673,0.8112614029569021,0.701163888015095,0.05020025278369808,0.007246428616809711,0.033408343155994745,0.017889787534490918
1362,0.6810499999999805,1.1027819838577714e-08,1539.1802745050293,0.6242269662136143,0.9371091156842869,0.8113273470528607,0.7012682995003627,0.05019838432311138,0.007246391381227836,0.03340778915179933,0.017889284484803435
1363,0.6815499999999804,1.1025923608539056e-08,1539.140669847785,0.6243582131256279,0.9371310816946657,0.8113932450839972,0.7013726380496623,0.050196515947466734,0.0072463541449495645,0.033407235149923394,0.017888781448829015
1364,0.6820499999999804,1.1024030449377792e-08,1539.1010930368018,0.6244893683879701,0.9371530323661874,0.8114590970985623,0.7014769037393904,0.05019464765893769,0.007246316908018316,0.03340668115101316,0.01788827842715386
1365,0.6825499999999803,1.1022140353270644e-08,1539.0615440511624,0.6246204320966058,0.937174967714913,0.8115249031447392,0.7015810966458372,0.05019277945835365,0.0072462796704507275,0.033406127155316365,0.01788777542000233
1366,0.6830499999999803,1.1020253315577032e-08,1539.0220228614573,0.6247514043473659,0.9371968877568813,0.8115906632706439,0.7016852168451863,0.05019091134786768,0.0072462424322898246,0.03340557316347335,0.01788727242795519
1367,0.6835499999999802,1.1018369331661073e-08,1538.9825294383413,0.6248822852359475,0.9372187925081084,0.8116563775243251,0.7017892644135147,0.05018904332962186,0.007246205193578428,0.033405019176121264,0.01788676945159028
1368,0.6840499999999802,1.101648839371688e-08,1538.9430637610635,0.6250130748579147,0.9372406819845882,0.8117220459537646,0.701893239426794,0.05018717540441598,0.0072461679543326055,0.03340446519349929,0.017886266491124063
1369,0.6845499999999801,1.1014610500293741e-08,1538.9036257918658,0.6251437733086979,0.9372625562022925,0.8117876686068776,0.7019971419608895,0.05018530757570265,0.007246130714621324,0.03340391121663345,0.01788576354748734
1370,0.6850499999999801,1.1012735640422592e-08,1538.8642155186396,0.6252743806835946,0.9372844151771706,0.811853245531512,0.7021009720915606,0.050183439842930826,0.007246093474433735,0.03340335724536245,0.0178852606205329
1371,0.68554999999998,1.101086380948951e-08,1538.8248329122687,0.6254048970777698,0.9373062589251497,0.8119187767754492,0.7022047298944614,0.050181572208202366,0.007246056233811892,0.033402803280311824,0.017884757710827884
1372,0.68604999999998,1.1008995006057753e-08,1538.7854779351835,0.6255353225862557,0.9373280874621348,0.8119842623864045,0.7023084154451406,0.05017970467493732,0.0072460189928241405,0.03340224932249826,0.01788425481929445
1373,0.6865499999999799,1.1007129222349056e-08,1538.7461505669162,0.6256656573039522,0.9373499008040087,0.8120497024120261,0.7024120288190414,0.05017783724388582,0.0072459817514856,0.03340169537214659,0.01788375194613584
1374,0.6870499999999798,1.100526645059194e-08,1538.7068507870463,0.6257959013256271,0.9373716989666321,0.8121150968998965,0.7025155700915027,0.050175969915789535,0.007245944509811228,0.033401141429479184,0.017883249091553033
1375,0.6875499999999798,1.10034066861926e-08,1538.6675785666941,0.6259260547459166,0.9373934819658437,0.8121804458975314,0.7026190393377579,0.050174102692709104,0.0072459072678422885,0.03340058749510972,0.017882746256102217
1376,0.6880499999999797,1.100154992456183e-08,1538.6283338770443,0.626056117659325,0.9374152498174602,0.8122457494523807,0.7027224366329362,0.0501722355766944,0.007245870025619844,0.0334000335696488,0.01788224344033673
1377,0.6885499999999797,1.0999696161115005e-08,1538.5891166893416,0.6261860901602255,0.9374370025372761,0.8123110076118286,0.7028257620520622,0.05017036856978481,0.007245832783184757,0.033399479653704024,0.017881740644807114
1378,0.6890499999999796,1.0997845388102764e-08,1538.5499269833845,0.6263159723428597,0.9374587401410643,0.8123762204231931,0.702929015670056,0.050168501672683524,0.007245795540551247,0.03339892574748661,0.017881237869704105
1379,0.6895499999999796,1.0995997600951219e-08,1538.5107647305292,0.6264457643013388,0.9374804626445755,0.8124413879337266,0.7030321975617339,0.05016663488741051,0.007245758297759804,0.03339837185159854,0.017880735115573077
1380,0.6900499999999795,1.099415279509104e-08,1538.4716299021943,0.626575466129643,0.9375021700635385,0.8125065101906157,0.7031353078018082,0.05016476821597525,0.007245721054850723,0.03339781796663878,0.017880232382956624
1381,0.6905499999999795,1.0992310962789705e-08,1538.4325224783363,0.6267050779216218,0.9375238624136605,0.8125715872409817,0.7032383464648876,0.05016290165905295,0.0072456838118376814,0.03339726409281045,0.017879729672038023
1382,0.6910499999999794,1.0990472099488539e-08,1538.3934424304834,0.626834599770995,0.9375455397106267,0.8126366191318802,0.7033413136254771,0.050161035218633944,0.007245646568760607,0.033396710230707005,0.017879226983354767
1383,0.6915499999999793,1.0988636200633374e-08,1538.3543897302256,0.6269640317713518,0.9375672019701007,0.8127016059103022,0.7034442093579785,0.050159168896698254,0.00724560932565923,0.03339615638091888,0.017878724317441617
1384,0.6920499999999793,1.098680326167455e-08,1538.315364349212,0.6270933740161522,0.9375888492077241,0.8127665476231726,0.70354703373669,0.050157302695215546,0.007245572082573085,0.0333956025440336,0.017878221674830573
1385,0.6925499999999792,1.0984973274901289e-08,1538.276366267613,0.6272226265987261,0.9376104814391173,0.812831444317352,0.7036497868358073,0.05015543661482365,0.007245534839515134,0.033395048720243445,0.017877719055694952
1386,0.6930499999999792,1.0983146235774488e-08,1538.237395457187,0.6273517896122741,0.9376320986798785,0.8128962960396355,0.703752468729423,0.05015357065747344,0.007245497596524552,0.033394494910130496,0.017877216460561764
1387,0.6935499999999791,1.0981322139759507e-08,1538.1984518897527,0.6274808631498682,0.9376537009455845,0.8129611028367538,0.703855079491527,0.05015170482510554,0.007245460353640321,0.03339394111427386,0.017876713889955282
1388,0.6940499999999791,1.0979500979162132e-08,1538.1595355456368,0.6276098473044508,0.9376752882517909,0.8130258647553728,0.703957619196007,0.0501498391183306,0.007245423110874877,0.03339338733285796,0.017876211344041586
1389,0.694549999999979,1.0977682752621697e-08,1538.12064638832,0.6277387421688361,0.9376968606140311,0.8130905818420934,0.704060087916648,0.05014797354039003,0.007245385868293186,0.03339283356684819,0.017875708823695394
1390,0.695049999999979,1.0975867449290949e-08,1538.081784406681,0.6278675478357096,0.9377184180478174,0.8131552541434525,0.7041624857271331,0.05014610809055661,0.007245348625880993,0.03339227981603199,0.017875206328722457
1391,0.6955499999999789,1.0974055070981054e-08,1538.042949555879,0.6279962643976287,0.9377399605686407,0.8132198817059223,0.7042648127010437,0.05014424277337039,0.007245311383729209,0.033391726081760414,0.017874703860347393
1392,0.6960499999999789,1.0972245603693738e-08,1538.004141833327,0.6281248919470227,0.9377614881919702,0.813284464575911,0.7043670689118591,0.05014237758676874,0.007245274141796926,0.03339117236342459,0.017874201418016267
1393,0.6965499999999788,1.0970439049248457e-08,1537.9653611943065,0.6282534305761931,0.9377830009332541,0.8133490027997622,0.7044692544329568,0.05014051253527117,0.007245236900174667,0.033390618662369684,0.01787369900294824
1394,0.6970499999999787,1.0968635399982204e-08,1537.926607619463,0.6283818803773139,0.9378044988079186,0.8134134964237559,0.7045713693376136,0.05013864761943325,0.007245199658873815,0.0333900649787642,0.01787319661529472
1395,0.6975499999999787,1.0966834648238437e-08,1537.8878810894844,0.6285102414424317,0.9378259818313692,0.8134779454941079,0.7046734136990043,0.05013678283980291,0.0072451624179056045,0.03338951131277439,0.017872694255205053
1396,0.6980499999999786,1.0965036792686747e-08,1537.849181568269,0.628638513863466,0.9378474500189901,0.8135423500569704,0.7047753875902032,0.050134918199551216,0.007245125177333665,0.03338895766534542,0.017872191923535286
1397,0.6985499999999786,1.0963241825680348e-08,1537.8105090366132,0.6287666977322095,0.9378689033861438,0.8136067101584316,0.7048772910841833,0.050133053699207585,0.0072450879371688745,0.033388404036638196,0.017871689620429836
1398,0.6990499999999785,1.0961449742737675e-08,1537.7718634669477,0.6288947931403278,0.937890341948172,0.813671025844516,0.704979124253817,0.05013118934060812,0.007245050697448219,0.033387850427201674,0.017871187346385188
1399,0.6995499999999785,1.0959660539381496e-08,1537.7332448317607,0.6290228001793605,0.937911765720395,0.8137352971611852,0.7050808871718766,0.050129325125579195,0.007245013458208498,0.033387296837582014,0.01787068510189522
1400,0.7000499999999784,1.095787420798112e-08,1537.6946531119972,0.6291507189407206,0.9379331747181122,0.8137995241543367,0.7051825799110332,0.050127461054624414,0.007244976219460093,0.03338674326793264,0.017870182887097474
1401,0.7005499999999784,1.0956090744069493e-08,1537.6560882802498,0.6292785495156954,0.9379545689566017,0.8138637068698051,0.7052842025438583,0.05012559712955247,0.007244938981239465,0.03338618971879456,0.01786968070248112
1402,0.7010499999999783,1.0954310146340603e-08,1537.617550300776,0.6294062919954461,0.9379759484511206,0.8139278453533619,0.7053857551428232,0.05012373335347437,0.007244901743609104,0.03338563619109573,0.01786917854888627
1403,0.7015499999999782,1.0952532404021953e-08,1537.5790391630683,0.6295339464710081,0.937997313216905,0.8139919396507154,0.7054872377802994,0.05012186972555515,0.007244864506552667,0.03338508268459218,0.01786867642608987
1404,0.7020499999999782,1.0950757515816615e-08,1537.5405548314939,0.6296615130332922,0.9380186632691702,0.8140559898075107,0.7055886505285587,0.05012000624888724,0.007244827270132292,0.03338452920020648,0.01786817433492709
1405,0.7025499999999781,1.0948985474119436e-08,1537.502097287253,0.6297889917730831,0.93803999862311,0.8141199958693304,0.7056899934597732,0.050118142923930784,0.007244790034357525,0.033383975738079455,0.017867672275523876
1406,0.7030499999999781,1.0947216274486267e-08,1537.4636665032099,0.6299163827810411,0.938061319293898,0.8141839578816943,0.705791266646016,0.05011627975244844,0.007244752799263947,0.03338342229873885,0.017867170248357156
1407,0.703549999999978,1.0945449912477215e-08,1537.4252624522856,0.6300436861477017,0.9380826252966864,0.8142478758900594,0.7058924701592608,0.05011441673619333,0.007244715564886956,0.033382868882709665,0.017866668253901326
1408,0.704049999999978,1.0943686383656596e-08,1537.3868851074578,0.6301709019634757,0.9381039166466068,0.8143117499398204,0.7059936040713823,0.050112553876909265,0.0072446783312617785,0.03338231549051425,0.0178661662926283
1409,0.7045499999999779,1.0941925683592973e-08,1537.3485344417604,0.6302980303186496,0.9381251933587698,0.8143755800763094,0.7060946684541566,0.05011069117633065,0.007244641098423454,0.033381762122672215,0.01786566436500749
1410,0.7050499999999779,1.0940167801553754e-08,1537.3102104449997,0.630425071303386,0.9381464554482654,0.8144393663447963,0.7061956633792609,0.0501088286335676,0.0072446038663545745,0.03338120877892359,0.01786516247080119
1411,0.7055499999999778,1.093841273942328e-08,1537.2719130735888,0.6305520250077233,0.9381677029301628,0.8145031087904887,0.7062965889182738,0.05010696625295308,0.00724456663514214,0.03338065546056011,0.017864660611179087
1412,0.7060499999999778,1.0936660486479384e-08,1537.2336423174286,0.6306788915215767,0.9381889358195107,0.8145668074585322,0.706397445142676,0.0501051040335809,0.00724452940476843,0.033380102167317106,0.01786415878589911
1413,0.7065499999999777,1.0934911044612745e-08,1537.195398133061,0.6308056709347374,0.9382101541313368,0.8146304623940104,0.7064982321238498,0.0501032419797633,0.007244492175320053,0.033379548900480366,0.017863656996125462
1414,0.7070499999999776,1.0933164399960911e-08,1537.1571805188225,0.6309323633368736,0.9382313578806483,0.8146940736419449,0.7065989499330795,0.05010138008927266,0.007244454946752873,0.03337899565939266,0.017863155241260004
1415,0.7075499999999776,1.0931420554422382e-08,1537.1189894313688,0.6310589688175305,0.9382525470824319,0.8147576412472957,0.7066995986415515,0.05009951836640235,0.007244417719153144,0.033378442445334354,0.017862653522461913
1416,0.7080499999999775,1.0929679500446833e-08,1537.0808248524447,0.6311854874661306,0.9382737217516536,0.814821165254961,0.7068001783203549,0.05009765681151968,0.0072443804925286254,0.03337788925841937,0.017862151839832408
1417,0.7085499999999775,1.0927941233639238e-08,1537.0426867555027,0.6313119193719733,0.938294881903259,0.8148846457097774,0.7069006890404809,0.05009579542628883,0.007244343266913016,0.033377336099147024,0.017861650193822187
1418,0.7090499999999774,1.0926205749608697e-08,1537.00457511405,0.6314382646242361,0.9383160275521734,0.8149480826565202,0.7070011308728237,0.05009393421236478,0.0072443060423398415,0.03337678296801399,0.017861148584879544
1419,0.7095499999999774,1.0924473040820272e-08,1536.9664899099707,0.631564523311974,0.938337158713301,0.8150114761399032,0.7071015038881802,0.05009207317009115,0.0072442688188164035,0.03337622986512727,0.01786064701309934
1420,0.7100499999999773,1.0922743102892783e-08,1536.9284311168692,0.6316906955241202,0.9383582754015264,0.8150748262045792,0.7072018081572503,0.05009021230110666,0.007244231596375911,0.03337567679097882,0.017860145478925515
1421,0.7105499999999773,1.0921015934596292e-08,1536.8903987000908,0.6318167813494859,0.9383793776317131,0.8151381328951394,0.7073020437506373,0.050088351608342414,0.007244194375077438,0.03337512374644481,0.017859643983150365
1422,0.7110499999999772,1.0919291525262998e-08,1536.8523926499784,0.6319427808767609,0.9384004654187047,0.8152013962561142,0.7074022107388476,0.050086491090816074,0.00724415715490178,0.033374570731238305,0.017859142525511455
1423,0.7115499999999771,1.0917569876817768e-08,1536.814412923677,0.6320686941945137,0.9384215387773245,0.8152646163319734,0.7075023091922913,0.050084630752741714,0.007244119935933693,0.03337401774661698,0.017858641107146946
1424,0.7120499999999771,1.0915850978602932e-08,1536.7764595116205,0.6321945213911915,0.9384425977223751,0.8153277931671254,0.7076023391812819,0.0500827705931215,0.007244082718153672,0.03337346479228941,0.01785813972779026
1425,0.712549999999977,1.0914134826259165e-08,1536.7385323876697,0.6323202625551205,0.9384636422686393,0.8153909268059182,0.7077023007760372,0.05008091061355148,0.007244045501594112,0.033372911868735214,0.01785763838787397
1426,0.713049999999977,1.0912421418575848e-08,1536.700631517448,0.6324459177745063,0.9384846724308796,0.8154540172926391,0.7078021940466787,0.05007905081691738,0.007244008286313221,0.03337235897681748,0.01785713708817832
1427,0.7135499999999769,1.0910710748056081e-08,1536.6627568832241,0.6325714871374339,0.9385056882238383,0.815517064671515,0.707902019063232,0.05007719120349806,0.007243971072317054,0.03337180611662442,0.017856635828780904
1428,0.7140499999999769,1.0909002807208953e-08,1536.6249084673043,0.6326969707318681,0.9385266896622373,0.815580068986712,0.7080017758956274,0.050075331773565886,0.0072439338596115375,0.03337125328824236,0.017856134609757577
1429,0.7145499999999768,1.0907297597979097e-08,1536.5870862271895,0.6328223686456532,0.9385476767607788,0.8156430302823363,0.7081014646136993,0.05007347253127738,0.007243896648280341,0.03337070049291246,0.01785563343223123
1430,0.7150499999999768,1.0905595109740444e-08,1536.5492901535713,0.6329476809665141,0.9385686495341445,0.8157059486024338,0.708201085287187,0.05007161347559072,0.007243859438303103,0.033370147730330424,0.01785513229592352
1431,0.7155499999999767,1.0903895341301447e-08,1536.5115202123457,0.6330729077820555,0.9385896079969966,0.8157688239909902,0.7083006379857345,0.050069754609347185,0.007243822229737187,0.033369595001346564,0.017854631201602873
1432,0.7160499999999766,1.0902198285189158e-08,1536.4737763860123,0.6331980491797629,0.938610552163977,0.8158316564919311,0.708400122778891,0.05006789593278687,0.007243785022587898,0.03336904230603783,0.017854130149336532
1433,0.7165499999999766,1.0900503937077787e-08,1536.4360586488435,0.6333231052470024,0.9386314820497075,0.8158944461491225,0.7084995397361107,0.05006603744743821,0.007243747816886336,0.033368489644864295,0.017853629139539074
1434,0.7170499999999765,1.0898812295786241e-08,1536.3983669669042,0.633448076071021,0.93865239766879,0.8159571930063704,0.7085988889267532,0.05006417915611519,0.0072437106126893485,0.03336793701866842,0.017853128172971664
1435,0.7175499999999765,1.0897123350714684e-08,1536.3607013310939,0.6335729617389468,0.938673299035807,0.816019897107421,0.7086981704200832,0.05006232105774053,0.0072436734099758805,0.03336738442713554,0.017852627249346473
1436,0.7180499999999764,1.0895437100690411e-08,1536.323061707577,0.6336977623377892,0.9386941861653203,0.816082558495961,0.7087973842852717,0.05006046315511183,0.007243636208802464,0.033366831871103377,0.017852126369420313
1437,0.7185499999999764,1.0893753541403424e-08,1536.285448070834,0.6338224779544389,0.9387150590718726,0.8161451772156179,0.708896530591395,0.05005860544972372,0.007243599009199555,0.03336627935102225,0.017851625533598748
1438,0.7190499999999763,1.089207266540886e-08,1536.247860403639,0.6339471086756688,0.9387359177699863,0.8162077533099592,0.7089956094074354,0.050056747941770535,0.007243561811171572,0.0333657268669558,0.01785112474193682
1439,0.7195499999999763,1.0890394468406012e-08,1536.2102986805633,0.6340716545881333,0.9387567622741645,0.8162702868224937,0.7090946208022817,0.05005489063273176,0.007243524614748678,0.03336517441934993,0.01785062399483606
1440,0.7200499999999762,1.0888718949235911e-08,1536.172762867992,0.634196115778369,0.9387775925988902,0.8163327777966706,0.7091935648447285,0.050053033525369425,0.007243487419986728,0.033364622009032154,0.017850123293043824
1441,0.7205499999999762,1.0887046100466859e-08,1536.135252948843,0.6343204923327947,0.9387984087586266,0.8163952262758801,0.7092924416034769,0.05005117661985455,0.007243450226889696,0.03336406963605933,0.01784962263660893
1442,0.7210499999999761,1.0885375917809839e-08,1536.0977688978387,0.634444784337712,0.9388192107678178,0.8164576323034537,0.7093912511471351,0.050049319917641846,0.007243413035487268,0.033363517300870234,0.017849122025926308
1443,0.721549999999976,1.0883708393843324e-08,1536.0603106979777,0.6345689918793049,0.9388399986408879,0.8165199959226636,0.7094899935442174,0.05004746341888866,0.007243375845783151,0.033362965003517715,0.017848621461041124
1444,0.722049999999976,1.0882043527423382e-08,1536.0228783158534,0.6346931150436407,0.9388607723922411,0.8165823171767234,0.7095886688631453,0.0500456071263235,0.007243338657832559,0.03336241274481961,0.01784812094269181
1445,0.7225499999999759,1.088038131427259e-08,1535.9854717263408,0.6348171539166692,0.9388815320362626,0.8166445961087878,0.7096872771722474,0.050043751041376504,0.007243301471664712,0.03336186052520758,0.01784762047126676
1446,0.7230499999999759,1.0878721750117381e-08,1535.9480909043664,0.634941108584224,0.9389022775873178,0.8167068327619534,0.7097858185397596,0.05004189516546967,0.00724326428730867,0.03336130834511093,0.017847120047152203
1447,0.7235499999999758,1.0877064824419093e-08,1535.9107358413198,0.6350649791320221,0.9389230090597526,0.8167690271792579,0.709884293033825,0.05004003949744312,0.00724322710474177,0.03336075620419082,0.0178466196700382
1448,0.7240499999999758,1.087541053918266e-08,1535.8734064957964,0.6351887656456641,0.9389437264678935,0.8168311794036807,0.7099827007224945,0.050038184041278765,0.007243189924044373,0.03336020410363832,0.017846119341001276
1449,0.7245499999999757,1.0873758890145999e-08,1535.8361028428726,0.6353124682106345,0.9389644298260476,0.8168932894781428,0.7100810416737262,0.05003632879837441,0.007243152745245078,0.033359652043875754,0.017845619060421227
1450,0.7250499999999757,1.0872109866784773e-08,1535.7988248740633,0.635436086912302,0.9389851191485024,0.8169553574455073,0.7101793159553865,0.05003447376754939,0.007243115568320817,0.0333591000245582,0.017845118827982544
1451,0.7255499999999756,1.0870463467979926e-08,1535.761572556328,0.6355596218359195,0.9390057944495263,0.8170173833485789,0.7102775236352499,0.05003261895147363,0.007243078393325688,0.03335854804648658,0.01784461864440808
1452,0.7260499999999755,1.0868819689482203e-08,1535.7243458648798,0.6356830730666245,0.9390264557433681,0.8170793672301043,0.7103756647809986,0.0500307643515227,0.007243041220287862,0.03335799611007678,0.017844118510071692
1453,0.7265499999999755,1.0867178523914522e-08,1535.6871447831627,0.6358064406894389,0.9390471030442575,0.8171413091327726,0.7104737394602234,0.050028909967780665,0.007243004049209626,0.03335744421536033,0.017843618424998965
1454,0.7270499999999754,1.0865539973298885e-08,1535.6499692701166,0.6359297247892699,0.939067736366405,0.817203209099215,0.7105717477404238,0.05002705580417519,0.00724296688017032,0.03335689236351276,0.017843118390252044
1455,0.7275499999999754,1.0863904024003939e-08,1535.6128193256393,0.6360529254509093,0.9390883557240015,0.8172650671720046,0.7106696896890073,0.05002520185820899,0.007242929713120497,0.033356340553797444,0.017842618405160413
1456,0.7280499999999753,1.086227067805872e-08,1535.5756949087718,0.6361760427590345,0.9391089611312191,0.8173268833936574,0.7107675653732911,0.050023348133793506,0.007242892548139188,0.03335578878738524,0.017842118470781907
1457,0.7285499999999753,1.0860639931232801e-08,1535.5385959949715,0.6362990767982084,0.9391295526022105,0.8173886578066318,0.7108653748605004,0.05002149463226512,0.00724285538525381,0.033355237064680666,0.01784161858747994
1458,0.7290499999999752,1.085901177617023e-08,1535.5015225679072,0.6364220276528791,0.9391501301511095,0.8174503904533285,0.71096311821777,0.050019641353671616,0.007242818224465953,0.03335468538570473,0.017841118755270412
1459,0.7295499999999752,1.0857386208649449e-08,1535.4644746031208,0.6365448954073812,0.9391706937920303,0.817512081376091,0.7110607955121441,0.05001778829933553,0.007242781065802764,0.033354133750857905,0.01784061897451304
1460,0.7300499999999751,1.0855763224452607e-08,1535.4274520762017,0.6366676801459349,0.9391912435390686,0.8175737306172057,0.7111584068105758,0.050015935470571746,0.0072427439092912485,0.03335358216053848,0.017840119245565497
1461,0.730549999999975,1.0854142819365572e-08,1535.3904549627885,0.6367903819526466,0.9392117794063006,0.817635338218902,0.7112559521799282,0.050014082868687464,0.007242706754958262,0.03335303061514249,0.017839619568783414
1462,0.731049999999975,1.0852524989177909e-08,1535.3534832385667,0.6369130009115094,0.9392323014077839,0.817696904223352,0.711353431686974,0.050012230494982296,0.007242669602830516,0.033352479115063796,0.017839119944520396
1463,0.7315499999999749,1.0850909729682872e-08,1535.3165368792713,0.6370355371064027,0.9392528095575569,0.8177584286726708,0.7114508453983954,0.050010378350748175,0.0072426324529345715,0.03335192766069404,0.01783862037312801
1464,0.7320499999999749,1.0849297033550946e-08,1535.2796158688213,0.637157990621093,0.9392733038696389,0.817819911608917,0.7115481933807852,0.050008526435991955,0.007242595305271223,0.033351376252042264,0.01783812085461121
1465,0.7325499999999748,1.0847686899710113e-08,1535.2427201749,0.6372803615392336,0.9392937843580307,0.8178813530740922,0.711645475700646,0.05000667475326914,0.007242558159892389,0.03335082488987644,0.017837621389662422
1466,0.7330499999999748,1.0846079323964645e-08,1535.2058497733833,0.6374026499443652,0.9393142510367138,0.8179427531101415,0.7117426924243908,0.05000482330384913,0.007242521016824201,0.03335027357458167,0.017837121978627198
1467,0.7335499999999747,1.0844474302122476e-08,1535.1690046401957,0.6375248559199156,0.9393347039196511,0.8180041117589534,0.711839843618343,0.050002972088993757,0.0072424838760926456,0.033349722306540874,0.017836622621849093
1468,0.7340499999999747,1.0842871826870579e-08,1535.1321847594295,0.6376469795492004,0.9393551430207866,0.81806542906236,0.7119369293487366,0.050001121108682024,0.007242446737697974,0.033349171085755,0.017836123319325613
1469,0.7345499999999746,1.0841271894025552e-08,1535.095390107091,0.6377690209154228,0.9393755683540456,0.8181267050621369,0.7120339496817168,0.04999927036416254,0.007242409601665916,0.0333486199126031,0.017835624071396765
1470,0.7350499999999746,1.08396745025313e-08,1535.058620651118,0.6378909801016739,0.9393959799333345,0.8181879398000036,0.7121309046833391,0.049997419857950885,0.00724237246804763,0.03334806878784164,0.01783512487874436
1471,0.7355499999999745,1.0838079645087064e-08,1535.0218763757323,0.6380128571909331,0.9394163777725411,0.8182491333176233,0.7122277944195703,0.049995569590005486,0.007242335336842971,0.03334751771146557,0.017834625741360414
1472,0.7360499999999744,1.0836487317520298e-08,1534.9851572570801,0.6381346522660682,0.9394367618855344,0.8183102856566032,0.7123246189562886,0.04999371956155282,0.007242298208077242,0.03334696668384754,0.01783412665957904
1473,0.7365499999999744,1.0834897515662052e-08,1534.948463271353,0.6382563654098353,0.9394571322861649,0.8183713968584947,0.7124213783592833,0.04999186977381212,0.007242261081775608,0.03334641570535808,0.017833627633732405
1474,0.7370499999999743,1.0833310238468813e-08,1534.911794386691,0.6383779967048793,0.9394774889882642,0.8184324669647929,0.7125180726942555,0.04999002022926746,0.007242223957988628,0.03334586477674459,0.01783312866449394
1475,0.7375499999999743,1.0831725478656063e-08,1534.8751505874861,0.6384995462337337,0.9394978320056457,0.8184934960169374,0.7126147020268176,0.04998817092785026,0.007242186836715633,0.03334531389799414,0.01783262975184845
1476,0.7380499999999742,1.083014322894468e-08,1534.8385318581581,0.6386210140788218,0.939518161352104,0.8185544840563121,0.7127112664224943,0.049986321869486865,0.00724214971795585,0.0333447630690923,0.01783213089577937
1477,0.7385499999999742,1.082856349142234e-08,1534.8019381588992,0.6387424003224552,0.939538477041415,0.8186154311242453,0.7128077659467217,0.04998447305791023,0.00724211260178493,0.03334421229115869,0.01783163209729714
1478,0.7390499999999741,1.08269862588166e-08,1534.7653694742262,0.6388637050468357,0.9395587790873364,0.8186763372620095,0.7129042006648484,0.0499826244930318,0.007242075488201817,0.033343661564174565,0.01783113335638123
1479,0.7395499999999741,1.0825411523860387e-08,1534.7288257886844,0.6389849283340543,0.9395790675036074,0.8187372025108223,0.7130005706421353,0.049980776174758046,0.007242038377205354,0.0333431108881197,0.017830634673009754
1480,0.740049999999974,1.0823839285530184e-08,1534.6923070707014,0.6391060702660921,0.9395993423039485,0.8187980269118454,0.7130968759437553,0.04997892810552831,0.007242001268845243,0.03334256026372854,0.017830136047844232
1481,0.740549999999974,1.0822269542804207e-08,1534.655813288765,0.6392271309248201,0.9396196035020619,0.8188588105061858,0.7131931166347942,0.049977080287772695,0.007241964163171013,0.033342009691732906,0.01782963748154374
1482,0.7410499999999739,1.0820702285307778e-08,1534.6193444356238,0.6393481103919993,0.9396398511116316,0.818919553334895,0.7132892927802506,0.04997523272010857,0.00724192706015564,0.033341459171728614,0.01782913897373864
1483,0.7415499999999738,1.0819137508908854e-08,1534.582900487915,0.6394690087492814,0.9396600851463232,0.8189802554389697,0.7133854044450354,0.049973385403685226,0.007241889959822934,0.033340908704065884,0.017828640524742437
1484,0.7420499999999738,1.081757521571349e-08,1534.5464814062027,0.6395898260782082,0.9396803056197838,0.8190409168593513,0.713481451693973,0.0499715383421784,0.007241852862247466,0.03334035828984793,0.01782814213555038
1485,0.7425499999999737,1.0816015395360245e-08,1534.5100871833467,0.6397105624602127,0.9397005125456422,0.8191015376369268,0.7135774345918009,0.0499696915341877,0.007241815767401859,0.03333980792866534,0.017827643805788076
1486,0.7430499999999737,1.0814458046843965e-08,1534.4737177880677,0.6398312179766187,0.9397207059375093,0.8191621178125281,0.7136733532031696,0.049967844982107115,0.00724177867533495,0.03333925762123947,0.017827145536104972
1487,0.7435499999999736,1.0812903166045236e-08,1534.4373731971928,0.6399517927086408,0.9397408858089775,0.8192226574269326,0.7137692075926433,0.04996599868705646,0.00724174158606999,0.033338707367912036,0.01782664732680672
1488,0.7440499999999736,1.0811350745732618e-08,1534.4010533956375,0.6400722867373853,0.9397610521736209,0.8192831565208629,0.7138649978246996,0.049964152648884,0.007241704499604692,0.03333815716864585,0.017826149177855896
1489,0.7445499999999735,1.0809800781794977e-08,1534.3647583603054,0.6401927001438497,0.9397812050449957,0.8193436151349872,0.7139607239637298,0.049962306868697376,0.00724166741596207,0.03333760702377905,0.017825651089554893
1490,0.7450499999999735,1.0808253276353846e-08,1534.3284880520766,0.6403130330089231,0.9398013444366398,0.8194040333099195,0.7140563860740392,0.04996046135012444,0.007241630335215784,0.033337056934401074,0.017825153062886245
1491,0.7455499999999734,1.0806708219074e-08,1534.292242464028,0.6404332854133866,0.9398214703620731,0.8194644110862193,0.7141519842198472,0.049958616091729975,0.007241593257337771,0.033336506900092266,0.017824655097466207
1492,0.7460499999999733,1.0805165605854662e-08,1534.256021573196,0.6405534574379135,0.9398415828347971,0.8195247485043916,0.7142475184652868,0.04995677109460116,0.007241556182350653,0.033335956921184864,0.017824157193591723
1493,0.7465499999999733,1.0803625435711738e-08,1534.2198253486386,0.6406735491630686,0.939861681868296,0.819585045604888,0.7143429888744061,0.04995492636108034,0.007241519110302279,0.033335406998385296,0.017823659351898495
1494,0.7470499999999732,1.0802087704549966e-08,1534.1836537674908,0.6407935606693099,0.9398817674760351,0.8196453024281054,0.7144383955111668,0.0499530818922396,0.007241482041214982,0.033334857132021445,0.01782316157267946
1495,0.7475499999999732,1.080055240516512e-08,1534.147506814947,0.6409134920369873,0.9399018396714622,0.8197055190143869,0.714533738439446,0.04995123768788346,0.007241444975085624,0.03333430732204332,0.01782266385588547
1496,0.7480499999999731,1.0799019533470096e-08,1534.1113844682177,0.6410333433463438,0.9399218984680073,0.819765695404022,0.7146290177230348,0.04994939374907224,0.007241407911936307,0.033333757568775345,0.017822166201806305
1497,0.7485499999999731,1.0797489088492676e-08,1534.07528669655,0.6411531146775151,0.939941943879082,0.8198258316372461,0.7147242334256396,0.04994755007811934,0.007241370851814327,0.03333320787291559,0.017821668611069957
1498,0.749049999999973,1.0795961066151232e-08,1534.0392134772524,0.6412728061105302,0.9399619759180803,0.8198859277542411,0.7148193856108818,0.04994570667607018,0.007241333794741505,0.0333326582347842,0.01782117108396225
1499,0.749549999999973,1.0794435459256887e-08,1534.0031647956757,0.6413924177253111,0.9399819945983784,0.8199459837951353,0.7149144743422975,0.04994386354270485,0.007241296740714225,0.03333210865432404,0.017820673620427503
1500,0.7500499999999729,1.0792912266846263e-08,1533.9671406212083,0.6415119496016733,0.9400019999333344,0.8200059998000032,0.7150094996833386,0.049942020680315356,0.007241259689779374,0.03333155913222702,0.017820176221088013
1501,0.7505499999999728,1.079139148173812e-08,1533.9311409392774,0.6416314018193263,0.9400219919362889,0.8200659758088666,0.7151044616973724,0.049940178088669726,0.007241222641933103,0.033331009668432464,0.017819678885884874
1502,0.7510499999999728,1.0789873102974929e-08,1533.8951657193654,0.6417507744578729,0.9400419706205645,0.8201259118616934,0.7151993604476813,0.0499383357700458,0.00724118559722203,0.033330460263628216,0.017819181615436615
1503,0.7515499999999727,1.0788357123383036e-08,1533.8592149469769,0.64187006759681,0.9400619359994661,0.8201858079983982,0.715294195997464,0.04993649372419968,0.007241148555642071,0.03332991091775011,0.017818684409681127
1504,0.7520499999999727,1.0786843542010737e-08,1533.8232885916864,0.6419892813155288,0.9400818880862809,0.8202456642588428,0.7153889684098346,0.049934651953395144,0.007241111517239575,0.0333293616314819,0.0178181872692332
1505,0.7525499999999726,1.0785332354799928e-08,1533.7873866311006,0.6421084156933147,0.9401018268942786,0.8203054806828357,0.7154836777478234,0.049932810458631904,0.007241074482035477,0.033328812405130435,0.017817690194366458
1506,0.7530499999999726,1.0783823554588282e-08,1533.7515090508398,0.6422274708093476,0.9401217524367109,0.8203652573101327,0.7155783240743768,0.04993096923964832,0.007241037450025349,0.033328263238626366,0.01781719318501403
1507,0.7535499999999725,1.0782317137325642e-08,1533.7156558285835,0.6423464467427022,0.940141664726812,0.8204249941804362,0.7156729074523575,0.04992912829743285,0.007241000421229907,0.03332771413227324,0.017816696241446533
1508,0.7540499999999725,1.0780813102071871e-08,1533.6798269340895,0.642465343572348,0.9401615637777988,0.8204846913333964,0.7157674279445444,0.04992728763422152,0.007240963395694967,0.033327165086746775,0.017816199364271347
1509,0.7545499999999724,1.0779311444782132e-08,1533.6440223451318,0.6425841613771492,0.9401814496028701,0.8205443488086104,0.7158618856136333,0.04992544725098853,0.007240926373440972,0.03332661610234639,0.01781570255375528
1510,0.7550499999999724,1.0777812161414898e-08,1533.608242039528,0.6427029002358658,0.9402013222152077,0.820603966645623,0.7159562805222365,0.04992360714870169,0.007240889354488242,0.033326067179369645,0.01781520581016343
1511,0.7555499999999723,1.0776315244826533e-08,1533.5724860030869,0.6428215602271529,0.9402211816279753,0.820663544883926,0.716050612732883,0.049921767327070224,0.00724085233883178,0.03332551831773868,0.017814709133421144
1512,0.7560499999999722,1.0774820694088338e-08,1533.5367542057481,0.6429401414295607,0.9402410278543197,0.8207230835629593,0.716144882308019,0.04991992778830282,0.007240815326516879,0.033324969518121306,0.017814212524128525
1513,0.7565499999999722,1.0773328505168629e-08,1533.501046625452,0.6430586439215359,0.94026086090737,0.82078258272211,0.7162390893100076,0.04991808853334844,0.007240778317563493,0.033324420780809605,0.017813715982545646
1514,0.7570499999999721,1.0771838670934902e-08,1533.46536324812,0.6431770677814206,0.9402806808002377,0.8208420424007131,0.7163332338011293,0.04991624956189919,0.007240741311966291,0.033323872105720694,0.01781321950859326
1515,0.7575499999999721,1.0770351190466953e-08,1533.429704043827,0.6432954130874531,0.9403004875460172,0.8209014626380516,0.7164273158435819,0.04991441087614345,0.007240704309770175,0.033323323493516514,0.017812723102866076
1516,0.758049999999972,1.076886605974289e-08,1533.3940689906372,0.6434136799177679,0.9403202811577854,0.8209608434733562,0.7165213354994807,0.0499125724770116,0.007240667310994744,0.03332277494448374,0.01781222676561919
1517,0.758549999999972,1.0767383274744053e-08,1533.3584580666534,0.643531868350396,0.9403400616486018,0.8210201849458054,0.7166152928308587,0.049910734365427915,0.007240630315659473,0.033322226458907256,0.01781173049710607
1518,0.7590499999999719,1.0765902831455024e-08,1533.3228712500222,0.6436499784632649,0.9403598290315087,0.8210794870945262,0.7167091878996665,0.049908896542310545,0.007240593323783723,0.03332167803707018,0.017811234297578547
1519,0.7595499999999719,1.0764424725863616e-08,1533.2873085189276,0.6437680103341988,0.9403795833195312,0.8211387499585935,0.716803020767773,0.04990705900857149,0.007240556335386733,0.033321129679253825,0.017810738167286816
1520,0.7600499999999718,1.076294895396087e-08,1533.2517698515965,0.643885964040919,0.9403993245256768,0.8211979735770304,0.716896791496965,0.0499052217651167,0.007240519350487627,0.03332058138573775,0.01781024210647945
1521,0.7605499999999717,1.0761475511741032e-08,1533.2162552262946,0.6440038396610438,0.9404190526629361,0.8212571579888085,0.7169905001489469,0.04990338481284607,0.00724048236910541,0.033320033156799746,0.017809746115403407
1522,0.7610499999999717,1.076000439520156e-08,1533.180764621328,0.6441216372720888,0.9404387677442826,0.8213163032328479,0.7170841467853425,0.04990154815265346,0.0072404453912589695,0.03331948499271584,0.017809250194304026
1523,0.7615499999999716,1.075853560034311e-08,1533.1452980150436,0.6442393569514668,0.9404584697826722,0.8213754093480168,0.7171777314676933,0.049899711785426716,0.00724040841696708,0.03331893689376034,0.01780875434342505
1524,0.7620499999999716,1.0757069126269356e-08,1533.1098553779268,0.6443569987764887,0.9404781587910441,0.8214344763731323,0.7172712542574596,0.04989787571329312,0.007240371446273477,0.0333183888605775,0.017808258563344895
1525,0.7625499999999715,1.0755604965886663e-08,1533.0744366963122,0.6444745628243627,0.9404978347823201,0.8214935043469602,0.7173647152160205,0.0498960399358821,0.007240334479171603,0.033317840893066115,0.017807762853967558
1526,0.7630499999999715,1.0754143112106246e-08,1533.0390419565579,0.644592049172195,0.940517497769405,0.821552493308215,0.7174581144046739,0.04989420445281925,0.007240297515654823,0.033317292991123786,0.017807267215195963
1527,0.7635499999999714,1.0752683570238459e-08,1533.003671113493,0.6447094578969903,0.9405371477651866,0.8216114432955599,0.7175514518846366,0.04989236926870171,0.0072402605558166315,0.03331674515613225,0.017806771648275557
1528,0.7640499999999714,1.075122633010102e-08,1532.9683241614543,0.6448267890756512,0.9405567847825357,0.8216703543476072,0.7176447277170448,0.049890534381897854,0.0072402235996250845,0.03331619738761391,0.017806276152769817
1529,0.7645499999999713,1.0749771387713624e-08,1532.933001079026,0.6449440427849787,0.940576408834306,0.8217292265029181,0.7177379419629538,0.04988869979325997,0.007240186647098265,0.03331564968583271,0.017805780728912982
1530,0.7650499999999713,1.0748318742196427e-08,1532.8977018369558,0.6450612191016729,0.9405960199333343,0.821788059800003,0.7178310946833383,0.049886865504876775,0.007240149698279168,0.033315102051421755,0.017805285377273203
1531,0.7655499999999712,1.0746868386477264e-08,1532.86242642179,0.6451783181023322,0.9406156180924405,0.8218468542773215,0.7179241859390926,0.04988503151634555,0.007240112753160607,0.03331455448427038,0.017804790097745833
1532,0.7660499999999711,1.0745420319681727e-08,1532.8271748043617,0.6452953398634541,0.9406352033244274,0.8219056099732823,0.7180172157910304,0.04988319782974234,0.007240075811785334,0.033314006985008006,0.017804294890895658
1533,0.7665499999999711,1.07439745378408e-08,1532.791946963424,0.6454122844614352,0.9406547756420812,0.8219643269262435,0.7181101842998857,0.0498813644458946,0.007240038874170949,0.03331345955389137,0.017803799756950265
1534,0.767049999999971,1.0742531036988597e-08,1532.7567428777672,0.6455291519725714,0.9406743350581709,0.8220230051745128,0.718203091526312,0.049879531365624084,0.007240001940334952,0.0333129121911755,0.017803304696135752
1535,0.767549999999971,1.0741089810067114e-08,1532.7215625340787,0.6456459424730583,0.9406938815854491,0.8220816447563472,0.718295937530883,0.049877698588507095,0.00723996501026974,0.03331236489674358,0.017802809708341846
1536,0.7680499999999709,1.0739650859307543e-08,1532.686405895509,0.6457626560389905,0.9407134152366511,0.8221402457099533,0.7183887223740928,0.049875866117833734,0.0072399280840425555,0.033311817671587814,0.017802314794461302
1537,0.7685499999999709,1.0738214174563273e-08,1532.651272956675,0.645879292746363,0.9407329360244958,0.8221988080734876,0.7184814461163554,0.049874033951929846,0.007239891161620608,0.033311270515218025,0.01780181995404615
1538,0.7690499999999708,1.073677975807003e-08,1532.6161636808197,0.6459958526710704,0.9407524439616854,0.8222573318850562,0.7185741088180058,0.04987220209407204,0.00723985424307088,0.033310723428622534,0.017801325187985557
1539,0.7695499999999708,1.0735347602782596e-08,1532.58107805478,0.6461123358889076,0.940771939060905,0.822315817182715,0.7186667105392989,0.049870370543814525,0.007239817328385342,0.03331017641167805,0.01780083049616334
1540,0.7700499999999707,1.0733917704753652e-08,1532.5460160575763,0.6462287424755695,0.9407914213348233,0.82237426400447,0.7187592513404109,0.049868539301944965,0.007239780417580825,0.033309629464629675,0.017800335878796467
1541,0.7705499999999706,1.0732490060038943e-08,1532.5109776682698,0.6463450725066519,0.9408108907960924,0.822432672388277,0.7188517312814386,0.04986670836924543,0.007239743510674055,0.033309082587720876,0.017799841336100405
1542,0.7710499999999706,1.0731064667789603e-08,1532.4759628581278,0.6464613260576506,0.9408303474573474,0.8224910423720421,0.7189441504224,0.049864877747728395,0.007239706607706561,0.03330853578156268,0.01779934686862299
1543,0.7715499999999705,1.0729641524066256e-08,1532.440971606297,0.6465775032039627,0.9408497913312072,0.8225493739936214,0.7190365088232339,0.049863047438163284,0.007239669708694822,0.0333079890463949,0.017798852476576317
1544,0.7720499999999705,1.0728220621841083e-08,1532.4060038997843,0.6466936040208859,0.9408692224302737,0.8226076672908212,0.7191288065438005,0.04986121744007897,0.007239632813630315,0.03330744238208679,0.01779835815983741
1545,0.7725499999999704,1.0726801960273125e-08,1532.3710597099823,0.6468096285836191,0.9408886407671329,0.8226659223013987,0.7192210436438813,0.04985938775546983,0.0072395959225542185,0.033306895789244124,0.017797863918949268
1546,0.7730499999999704,1.0725385532341446e-08,1532.3361390239647,0.6469255769672626,0.9409080463543535,0.8227241390630606,0.7193132201831794,0.04985755838385481,0.007239559035457813,0.03330634926773325,0.017797369753786246
1547,0.7735499999999703,1.0723971340300625e-08,1532.3012418053966,0.6470414492468178,0.9409274392044883,0.822782317613465,0.7194053362213196,0.04985572932844962,0.007239522152406919,0.03330580281852493,0.01779687566522131
1548,0.7740499999999703,1.0722559377135364e-08,1532.2663680414305,0.647157245497188,0.9409468193300733,0.8228404579902198,0.7194973918178481,0.04985390058876181,0.007239485273392592,0.03330525644148218,0.017796381653125772
1549,0.7745499999999702,1.0721149635835011e-08,1532.2315177192404,0.6472729657931778,0.9409661867436281,0.8228985602308841,0.7195893870322334,0.04985207216429563,0.007239448398405822,0.033304710136467006,0.017795887717370028
1550,0.7750499999999702,1.0719742118660745e-08,1532.1966908026257,0.6473886102094943,0.9409855414576559,0.8229566243729678,0.7196813219238657,0.049850244058247346,0.00723941152751206,0.033304163904444566,0.01779539385882188
1551,0.7755499999999701,1.0718336818607512e-08,1532.1618872788388,0.6475041788207462,0.9410048834846437,0.8230146504539311,0.7197731965520576,0.04984841627010993,0.007239374660702074,0.03330361774527357,0.017794900077348717
1552,0.77604999999997,1.071693373485138e-08,1532.1271071195706,0.6476196717014444,0.9410242128370618,0.8230726385111854,0.7198650109760436,0.049846588801834533,0.007239337798016217,0.0333030716595473,0.017794406373482025
1553,0.77654999999997,1.0715532860394096e-08,1532.0923503121392,0.6477350889260026,0.9410435295273645,0.8231305885820933,0.7199567652549811,0.049844761652904426,0.007239300939445067,0.0333025256471216,0.017793912747086586
1554,0.7770499999999699,1.0714134191329442e-08,1532.0576168360994,0.6478504305687366,0.9410628335679894,0.8231885007039681,0.7200484594479496,0.049842934824029406,0.007239264085003943,0.033301979708218854,0.017793419198358543
1555,0.7775499999999699,1.0712737729928257e-08,1532.022906655486,0.6479656967038652,0.9410821249713581,0.8232463749140745,0.7201400936139514,0.04984110831837234,0.007239227234757662,0.033301433843794595,0.01779292572815681
1556,0.7780499999999698,1.071134346611457e-08,1531.9882197655008,0.6480808874055097,0.941101403749876,0.8233042112496283,0.7202316678119115,0.04983928213417194,0.0072391903886717,0.03330088805333284,0.017792432336009967
1557,0.7785499999999698,1.070995139907729e-08,1531.9535561380376,0.648196002747695,0.9411206699159322,0.8233620097477966,0.720323182100678,0.04983745627335033,0.00723915354678585,0.03330034233741839,0.01779193902244174
1558,0.7790499999999697,1.070856152492085e-08,1531.9189157528087,0.6483110428043486,0.9411399234818993,0.8234197704456979,0.7204146365390218,0.04983563073659471,0.007239116709114995,0.03329979669626706,0.017791445787642236
1559,0.7795499999999697,1.0707173839752615e-08,1531.884298589563,0.6484260076493015,0.9411591644601341,0.8234774933804023,0.7205060311856372,0.049833805524587015,0.007239079875673916,0.03329925113009312,0.017790952631800167
1560,0.7800499999999696,1.0705788342767936e-08,1531.8497046203256,0.6485408973562884,0.9411783928629771,0.8235351785889313,0.7205973660991414,0.049831980639230646,0.007239043046502047,0.03329870563947598,0.01779045955543427
1561,0.7805499999999695,1.0704405026994218e-08,1531.815133832684,0.6486557119989476,0.9411976087027527,0.8235928261082581,0.7206886413380754,0.04983015607996956,0.0072390062215891915,0.03329816022425993,0.017789966558398786
1562,0.7810499999999695,1.0703023891631871e-08,1531.780586198743,0.6487704516508207,0.9412168119917691,0.8236504359753074,0.7207798569609035,0.04982833184869581,0.007238969400974568,0.03329761488502111,0.01778947364120944
1563,0.7815499999999694,1.0701644929714948e-08,1531.7460617061547,0.6488851163853541,0.9412360027423187,0.823708008226956,0.7208710130260138,0.049826507944844146,0.007238932584647797,0.03329706962160107,0.01778898080371798
1564,0.7820499999999694,1.0700268140448893e-08,1531.7115603271018,0.6489997062758976,0.9412551809666774,0.8237655429000322,0.7209621095917178,0.049824684370295316,0.0072388957726478775,0.033296524434572664,0.017788488046437127
1565,0.7825499999999693,1.0698893519957414e-08,1531.677082041559,0.6491142213957058,0.9412743466771055,0.8238230400313167,0.7210531467162515,0.04982286112569895,0.007238858964988962,0.03329597932414072,0.017787995369546925
1566,0.7830499999999693,1.0697521064367131e-08,1531.642626829537,0.6492286618179375,0.9412934998858472,0.8238804996575417,0.7211441244577745,0.049821038211699566,0.007238822161685102,0.03329543429050859,0.01778750277322607
1567,0.7835499999999692,1.0696150769807556e-08,1531.6081946710801,0.6493430276156559,0.9413126406051306,0.8239379218153919,0.7212350428743707,0.04981921562893671,0.0072387853627502545,0.03329488933387814,0.017787010257651927
1568,0.7840499999999692,1.0694782635492938e-08,1531.5737855385403,0.6494573188618291,0.9413317688471681,0.8239953065415041,0.7213259020240482,0.0498173933792673,0.007238748568222961,0.033294344454815314,0.017786517823330843
1569,0.7845499999999691,1.0693416654475902e-08,1531.5393994197698,0.6495715356293305,0.9413508846241557,0.8240526538724671,0.7214167019647396,0.04981557146209731,0.007238711778092275,0.03329379965315323,0.017786025470106857
1570,0.785049999999969,1.0692052822894603e-08,1531.5050362949185,0.6496856779909377,0.9413699879482741,0.8241099638448222,0.7215074427543019,0.049813749878051254,0.0072386749923718605,0.03329325492908935,0.0177855331981533
1571,0.785549999999969,1.0690691139970729e-08,1531.4706961364548,0.6497997460193344,0.9413890788316878,0.8241672364950632,0.7215981244505169,0.049811928628969576,0.00723863821109994,0.033292710283184826,0.01778504100797212
1572,0.7860499999999689,1.0689331601846979e-08,1531.4363789246104,0.6499137397871091,0.9414081572865455,0.8242244718596363,0.7216887471110909,0.04981010771546534,0.007238601434289953,0.03329216571563381,0.0177845488997336
1573,0.7865499999999689,1.0687974204668906e-08,1531.4020846396518,0.650027659366756,0.9414272233249801,0.8242816699749401,0.7217793107936554,0.049808287138146654,0.007238564661955246,0.033291621226629,0.01778405687360669
1574,0.7870499999999688,1.0686618944584907e-08,1531.367813261879,0.6501415048306749,0.9414462769591088,0.8243388308773263,0.7218698155557667,0.04980646689761675,0.007238527894109066,0.03329107681636168,0.01778356492975903
1575,0.7875499999999688,1.0685265820825335e-08,1531.3335647639258,0.6502552762511716,0.9414653182010329,0.8243959546030987,0.7219602614549062,0.04980464699569283,0.007238491130789191,0.03329053248538626,0.017783073068686376
1576,0.7880499999999687,1.068391482646438e-08,1531.2993391338719,0.6503689737004577,0.9414843470628381,0.8244530411885143,0.722050648548481,0.04980282743174849,0.0072384543719840365,0.03328998823352629,0.01778258129022407
1577,0.7885499999999687,1.0682565957658947e-08,1531.2651363521197,0.6504825972506508,0.9415033635565943,0.8245100906697828,0.7221409768938228,0.04980100820637236,0.007238417617706568,0.03328944406096877,0.017782089594535845
1578,0.7890499999999686,1.068121921364671e-08,1531.2309563914184,0.6505961469737753,0.9415223676943557,0.824567103083067,0.7222312465481895,0.04979918932136555,0.007238380867994248,0.03328889996826344,0.01778159798211315
1579,0.7895499999999686,1.067987459058905e-08,1531.196799232251,0.6507096229417615,0.9415413594881609,0.8246240784644826,0.7223214575687643,0.0497973707773056,0.007238344122859827,0.03328835595559404,0.017781106453116757
1580,0.7900499999999685,1.0678532084650156e-08,1531.162664855135,0.6508230252264464,0.9415603389500329,0.8246810168500985,0.7224116100126561,0.049795552574765124,0.007238307382315957,0.033287812023142904,0.017780615007706117
1581,0.7905499999999684,1.0677191691997021e-08,1531.1285532406218,0.650936353899574,0.9415793060919789,0.8247379182759367,0.7225017039368998,0.04979373471431208,0.0072382706463752,0.033287268171091,0.017780123646039425
1582,0.7910499999999684,1.0675853408799432e-08,1531.094464369297,0.6510496090327951,0.9415982609259907,0.8247947827779724,0.7225917393984563,0.049791917196509605,0.007238233915050025,0.033286724399617856,0.0177796323682736
1583,0.7915499999999683,1.0674517234305987e-08,1531.0603982141076,0.6511627906976671,0.9416172034640446,0.8248516103921341,0.7226817164542123,0.049790100023130966,0.007238197188377358,0.033286180709265124,0.017779141174892658
1584,0.7920499999999683,1.0673183164690898e-08,1531.026354755718,0.6512758989656553,0.9416361337181013,0.8249084011543039,0.7227716351609812,0.04978828319472833,0.007238160466369455,0.03328563710020916,0.017778650066050585
1585,0.7925499999999682,1.0671851193055916e-08,1530.9923339824886,0.6513889339081318,0.9416550517001057,0.8249651551003171,0.7228614955755023,0.049786466710635476,0.007238123749013947,0.03328509357226177,0.017778159041572022
1586,0.7930499999999682,1.067052132173167e-08,1530.9583358598206,0.6515018955963765,0.9416739574219877,0.825021872265963,0.7229512977544416,0.049784650573823246,0.007238087036371983,0.03328455012632307,0.01777766810226477
1587,0.7935499999999681,1.0669193540750593e-08,1530.9243603838001,0.6516147841015767,0.9416928508956613,0.825078552686984,0.7230410417543915,0.049782834782402856,0.007238050328406488,0.0332840067618391,0.017777177247623
1588,0.7940499999999681,1.0667867852447315e-08,1530.8904075199084,0.6517275994948277,0.9417117321330255,0.8251351963990766,0.7231307276318714,0.04978101933933385,0.0072380136251783906,0.03328346347970669,0.017776686478451507
1589,0.794549999999968,1.0666544249935022e-08,1530.8564772566372,0.6518403418471326,0.9417306011459636,0.8251918034378908,0.7232203554433272,0.049779204243931896,0.007237976926674967,0.03328292027973233,0.01777619579457007
1590,0.795049999999968,1.066522273247784e-08,1530.8225695672036,0.6519530112294027,0.9417494579463436,0.8252483738390306,0.7233099252451318,0.04977738949793261,0.007237940232932419,0.033282377162446704,0.01777570519645266
1591,0.7955499999999679,1.0663903293195213e-08,1530.7886844401573,0.6520656077124575,0.941768302546018,0.8253049076380539,0.7233994370935855,0.0497755751006435,0.007237903543937856,0.033281834127653884,0.017775214683916855
1592,0.7960499999999678,1.0662585934428549e-08,1530.754821841153,0.6521781313670247,0.9417871349568242,0.8253614048704726,0.7234888910449151,0.04977376105500019,0.007237866859751757,0.033281291176243795,0.01777472425776108
1593,0.7965499999999678,1.0661270649302377e-08,1530.7209817588086,0.6522905822637409,0.9418059551905842,0.8254178655717527,0.7235782871552753,0.04977194736030061,0.007237830180361044,0.0332807483080177,0.01777423391780035
1594,0.7970499999999677,1.0659957434017287e-08,1530.6871641741302,0.6524029604731513,0.9418247632591048,0.8254742897773143,0.7236676254807478,0.0497701340170494,0.007237793505777042,0.033280205523138026,0.01777374366417591
1595,0.7975499999999677,1.065864628477658e-08,1530.6533690681558,0.6525152660657094,0.9418435591741773,0.8255306775225318,0.7237569060773422,0.0497683210257467,0.007237756836010991,0.03327966282176585,0.017773253497027797
1596,0.7980499999999676,1.0657337203928379e-08,1530.619596406713,0.6526274991117784,0.941862342947578,0.8255870288427338,0.7238461290009953,0.049766508389304465,0.007237720171122915,0.03327912020478431,0.017772763417148136
1597,0.7985499999999676,1.0656030181537776e-08,1530.585846186164,0.6527396596816303,0.9418811145910678,0.8256433437732034,0.7239352943075722,0.049764696105795536,0.0072376835110749636,0.033278577671627965,0.017772273424020733
1598,0.7990499999999675,1.06547252168865e-08,1530.5521183800295,0.6528517478454463,0.9418998741163926,0.8256996223491779,0.7240244020528652,0.04976288417691377,0.007237646855902532,0.033278035222815375,0.017771783518108417
1599,0.7995499999999675,1.065342230618753e-08,1530.5184129694887,0.6529637636733171,0.9419186215352832,0.8257558646058495,0.7241134522925952,0.04976107260314001,0.007237610205616482,0.03327749285850198,0.01777129369954605
1600,0.8000499999999674,1.0652121448726082e-08,1530.4847299281466,0.6530757072352431,0.9419373568594549,0.8258120705783646,0.7242024450824108,0.04975926138615669,0.007237573560251989,0.033276950579203025,0.01777080396879342
1601,0.8005499999999673,1.0650822637650213e-08,1530.4510692448598,0.6531875786011341,0.9419560801006082,0.8258682403018246,0.724291380477889,0.049757450525228696,0.007237536919795318,0.03327640838470997,0.01777031432565663
1602,0.8010499999999673,1.0649525872249745e-08,1530.4174308933048,0.65329937784081,0.9419747912704285,0.8259243738112854,0.7243802585345351,0.04975564002202873,0.007237500284281459,0.03327586627553523,0.01776982477059286
1603,0.8015499999999672,1.0648231151815687e-08,1530.3838148472043,0.6534111050240008,0.9419934903805859,0.8259804711417577,0.724469079307783,0.049753829878223146,0.007237463653745275,0.03327532425218937,0.017769335304057606
1604,0.8020499999999672,1.0646938466436048e-08,1530.3502211031025,0.6535227602203463,0.9420121774427358,0.8260365323282073,0.724557842852995,0.04975202009185958,0.007237427028148408,0.033274782314099416,0.01776884592552785
1605,0.8025499999999671,1.0645647815407526e-08,1530.3166496347815,0.6536343434993968,0.9420308524685183,0.8260925574055548,0.7246465492254618,0.04975021066459626,0.007237390407525562,0.03327424046177353,0.017768356635456894
1606,0.8030499999999671,1.064435920109529e-08,1530.2831004084871,0.6537458549306129,0.9420495154695586,0.8261485464086759,0.7247351984804036,0.04974840159928812,0.007237353791935671,0.03327369869607836,0.01776786743462168
1607,0.803549999999967,1.0643072613596439e-08,1530.2495734208462,0.653857294583366,0.942068166457467,0.8262044993724013,0.7248237906729689,0.049746592893971424,0.007237317181340149,0.033273157016437536,0.017767378322496127
1608,0.804049999999967,1.0641788049146813e-08,1530.2160686533339,0.6539686625269382,0.942086805443839,0.826260416331517,0.7249123258582354,0.0497447845490864,0.007237280575749059,0.03327261542299458,0.017766889299204214
1609,0.8045499999999669,1.0640505510117271e-08,1530.1825860723136,0.6540799588305223,0.9421054324402548,0.8263162973207643,0.7250008040912101,0.04974297656747217,0.007237243975221032,0.03327207391661155,0.017766400365518666
1610,0.8050499999999668,1.0639224992746696e-08,1530.1491256593456,0.654191183563222,0.9421240474582798,0.8263721423748394,0.7250892254268292,0.049741168949557435,0.007237207379765915,0.03327153249742864,0.017765911521560394
1611,0.8055499999999668,1.0637946490211143e-08,1530.1156874035864,0.6543023367940525,0.9421426505094648,0.8264279515283944,0.7251775899199581,0.0497393616945661,0.00723717078936916,0.033270991165225194,0.01776542276712449
1612,0.8060499999999667,1.0636669998755848e-08,1530.082271286648,0.65441341859194,0.9421612416053455,0.8264837248160367,0.7252658976253916,0.04973755480291997,0.007237134204040472,0.03327044992013933,0.017764934102329998
1613,0.8065499999999667,1.0635395520758095e-08,1530.048877275058,0.6545244290257225,0.9421798207574431,0.8265394622723292,0.7253541485978546,0.04973574827743579,0.007237097623838055,0.03326990876302665,0.017764445527943682
1614,0.8070499999999666,1.0634123049401776e-08,1530.0155053580659,0.654635368164149,0.9421983879772634,0.8265951639317902,0.7254423428920013,0.04973394211732495,0.007237061048747114,0.033269367693662795,0.017763957043757272
1615,0.8075499999999666,1.0632852580938843e-08,1529.982155517387,0.6547462360758809,0.942216943276298,0.826650829828894,0.7255304805624158,0.04973213632299524,0.007237024478777084,0.03326882671218179,0.01776346864988606
1616,0.8080499999999665,1.0631584114687459e-08,1529.948827727221,0.6548570328294909,0.9422354866660235,0.8267064599980707,0.7256185616636119,0.04973033089604837,0.007236987913961578,0.033268285819075386,0.017762980346768254
1617,0.8085499999999665,1.0630317643840407e-08,1529.9155219768984,0.654967758493464,0.9422540181579019,0.8267620544737057,0.725706586250034,0.04972852583568484,0.007236951354285582,0.03326774501411598,0.017762492134192648
1618,0.8090499999999664,1.0629053170783189e-08,1529.8822382331493,0.6550784131361972,0.9422725377633803,0.8268176132901408,0.7257945543760563,0.04972672114469424,0.007236914799806782,0.0332672042981513,0.017762004012918765
1619,0.8095499999999664,1.0627790685650854e-08,1529.8489764929025,0.655188996826,0.9422910454938912,0.8268731364816735,0.7258824660959832,0.04972491682107179,0.007236878250485754,0.033266663670592646,0.017761515982409413
1620,0.8100499999999663,1.0626530193894759e-08,1529.8157367154333,0.655299509631094,0.9423095413608525,0.8269286240825576,0.7259703214640496,0.049723112868792996,0.0072368417064042154,0.0332661231326432,0.01776102804374493
1621,0.8105499999999662,1.0625271682593663e-08,1529.7825189052546,0.6554099516196137,0.9423280253756675,0.8269840761270026,0.7260581205344209,0.04972130928464994,0.007236805167498372,0.033265582683353744,0.017760540196062685
1622,0.8110499999999662,1.0624015157201873e-08,1529.7493230217242,0.6555203228596062,0.9423464975497249,0.8270394926491745,0.7261458633611931,0.04971950607260703,0.007236768633849729,0.03326504232392426,0.017760052440440068
1623,0.8115499999999661,1.0622760610927595e-08,1529.7161490543533,0.6556306234190312,0.9423649578943984,0.8270948736831955,0.726233549998393,0.04971770323184044,0.0072367321054427934,0.03326450205411995,0.017759564776659322
1624,0.8120499999999661,1.0621508040043747e-08,1529.6829969851528,0.6557408533657617,0.942383406421048,0.8271502192631439,0.726321180499978,0.04971590076271839,0.0072366955822862206,0.03326396187406323,0.017759077204825124
1625,0.812549999999966,1.0620257443886151e-08,1529.649866788651,0.6558510127675838,0.9424018431410182,0.8272055294230546,0.7264087549198365,0.049714098666798684,0.007236659064412776,0.03326342178423308,0.017758589725363965
1626,0.813049999999966,1.0619008815671736e-08,1529.616758454437,0.6559611016921967,0.9424202680656396,0.8272608041969188,0.7264962733117881,0.04971229694324704,0.0072366225518067555,0.03326288178439157,0.01775810233805526
1627,0.8135499999999659,1.0617762157800302e-08,1529.5836719496024,0.6560711202072131,0.9424386812062281,0.8273160436186844,0.7265837357295837,0.04971049559480493,0.007236586044524919,0.03326234187537249,0.017757615043645716
1628,0.8140499999999659,1.0616517460434218e-08,1529.5506072712992,0.6561810683801592,0.9424570825740852,0.8273712477222556,0.7266711422269049,0.049708694619437645,0.007236549542527237,0.03326180205657818,0.017757127841590028
1629,0.8145499999999658,1.0615274725976895e-08,1529.5175643866933,0.656290946278475,0.9424754721804979,0.8274264165414936,0.726758492857365,0.04970689401987678,0.007236513045870279,0.033261262328839546,0.01775664073263227
1630,0.8150499999999657,1.061403395071429e-08,1529.4845432779953,0.6564007539695141,0.9424938500367387,0.8274815501102162,0.7268457876745091,0.04970509379646398,0.007236476554562185,0.03326072269227123,0.017756153716870005
1631,0.8155499999999657,1.061279513093487e-08,1529.4515439274453,0.6565104915205442,0.942512216154066,0.8275366484621979,0.7269330267318134,0.049703293949536945,0.00723644006861101,0.033260183146986706,0.01775566679439973
1632,0.8160499999999656,1.0611558262929606e-08,1529.4185663173125,0.6566201589987471,0.9425305705437234,0.8275917116311701,0.727020210082686,0.04970149447942955,0.007236403588024742,0.033259643693098306,0.017755179965316913
1633,0.8165499999999656,1.0610323342991969e-08,1529.385610429896,0.6567297564712189,0.9425489132169403,0.8276467396508211,0.7271073377804669,0.04969969538647178,0.007236367112811286,0.033259104330717215,0.017754693229715998
1634,0.8170499999999655,1.0609090370475068e-08,1529.3526762400443,0.6568392840049698,0.9425672441849322,0.8277017325547965,0.7271944098784279,0.04969789667217893,0.007236330643002582,0.03325856506031,0.017754206588012085
1635,0.8175499999999655,1.0607859338619519e-08,1529.3197637376,0.6569487416669249,0.9425855634588995,0.8277566903766985,0.7272814264297728,0.04969609833568329,0.007236294178582258,0.03325802588162881,0.017753720039975593
1636,0.8180499999999654,1.0606630249839101e-08,1529.2868728900085,0.6570581295239233,0.942603871050029,0.8278116131500869,0.7273683874876378,0.049694300379679555,0.00723625771960618,0.03325748679549392,0.017753233586340757
1637,0.8185499999999654,1.0605403097379056e-08,1529.2540036871721,0.6571674476427196,0.9426221669694929,0.8278665009084785,0.7274552931050909,0.04969250280329193,0.007236221266057814,0.03325694780165508,0.017752747226875823
1638,0.8190499999999653,1.060417788059992e-08,1529.2211561040826,0.6572766960899831,0.942640451228449,0.827921353685347,0.727542143335133,0.049690705608017076,0.007236184817968742,0.03325640890057346,0.017752260961990916
1639,0.8195499999999653,1.0602954595807947e-08,1529.1883301232344,0.6573858749322977,0.9426587238380414,0.8279761715141243,0.727628938230697,0.04968890879415923,0.0072361483753463655,0.03325587009235265,0.01775177479177357
1640,0.8200499999999652,1.0601733236256834e-08,1529.1555257346058,0.6574949842361631,0.9426769848093997,0.828030954428199,0.7277156778446485,0.04968711236083286,0.007236111938173955,0.03325533137673954,0.017751288715989383
1641,0.8205499999999651,1.0600513804368113e-08,1529.1227429058333,0.6576040240679939,0.9426952341536391,0.8280857024609174,0.727802362229786,0.04968531631070745,0.007236075506506891,0.03325479275454706,0.01775080273536587
1642,0.8210499999999651,1.0599296296454356e-08,1529.0899816195085,0.6577129944941204,0.9427134718818612,0.8281404156455834,0.7278889914388404,0.04968352064407464,0.007236039080352329,0.033254254225875156,0.01775031684998718
1643,0.821549999999965,1.0598080705776618e-08,1529.0572418656936,0.6578218955807883,0.9427316980051528,0.8281950940154584,0.7279755655244761,0.049681725360037766,0.007236002659693319,0.033253715790467375,0.01774983105961592
1644,0.822049999999965,1.059686703170701e-08,1529.0245236195856,0.6579307273941591,0.9427499125345873,0.8282497376037619,0.7280620845392897,0.04967993046006669,0.00723596624456092,0.03325317744877702,0.01774934536465505
1645,0.8225499999999649,1.0595655273618684e-08,1528.9918268564234,0.6580394900003103,0.9427681154812234,0.8283043464436703,0.7281485485358115,0.04967813594562562,0.0072359298349860815,0.03325263920125576,0.01774885976550603
1646,0.8230499999999649,1.0594445427832925e-08,1528.9591515589218,0.658148183465235,0.9427863068561062,0.8283589205683187,0.7282349575665047,0.04967634181699005,0.007235893430975643,0.03325210104799881,0.017748374262248682
1647,0.8235499999999648,1.0593237487620882e-08,1528.9264977172534,0.6582568078548428,0.9428044866702665,0.8284134600107996,0.7283213116837661,0.04967454807324921,0.007235857032512371,0.03325156298874551,0.017747888854641795
1648,0.8240499999999648,1.0592031452361939e-08,1528.893865306752,0.6583653632349593,0.9428226549347212,0.8284679648041636,0.7284076109399258,0.04967275471585494,0.007235820639626975,0.03325102502394389,0.017747403543083518
1649,0.8245499999999647,1.0590827321436503e-08,1528.8612543027955,0.6584738496713269,0.9428408116604731,0.8285224349814193,0.7284938553872473,0.04967096174625352,0.007235784252350058,0.03325048715404043,0.017746918327970516
1650,0.8250499999999646,1.0589625088122982e-08,1528.828664695639,0.658582267229604,0.9428589568585111,0.8285768705755333,0.7285800450779278,0.04966916916352339,0.007235747870664172,0.03324994937877126,0.017746433209058686
1651,0.8255499999999646,1.058842475180591e-08,1528.7960964607225,0.6586906159753659,0.9428770905398102,0.8286312716194305,0.7286661800640983,0.04966737696910272,0.00723571149459976,0.03324941169858044,0.01774594818674251
1652,0.8260499999999645,1.0587226308820009e-08,1528.7635495809402,0.6587988959741047,0.9428952127153313,0.8286856381459939,0.7287522603978238,0.04966558516324391,0.007235675124163206,0.03324887411355636,0.017745463261095603
1653,0.8265499999999645,1.0586029758552884e-08,1528.731024031805,0.6589071072912294,0.9429133233960216,0.8287399701880649,0.7288382861311028,0.04966379374737561,0.007235638759384768,0.033248336624140305,0.017744978432509908
1654,0.8270499999999644,1.0584835094292878e-08,1528.6985198036793,0.659015249992066,0.9429314225928144,0.8287942677784431,0.7289242573158683,0.04966200272056253,0.007235602400246724,0.033247799230064344,0.017744493700737614
1655,0.8275499999999644,1.0583642315431682e-08,1528.6660368721398,0.6591233241418577,0.9429495103166289,0.8288485309498866,0.7290101740039873,0.049660212084225254,0.007235566046779177,0.0332472619317674,0.017744009066168513
1656,0.8280499999999643,1.0582451421361987e-08,1528.6335752128048,0.6592313298057652,0.9429675865783707,0.8289027597351121,0.7290960362472609,0.049658421839778914,0.007235529699012124,0.03324672472968684,0.017743524529190927
1657,0.8285499999999643,1.0581262405379283e-08,1528.6011348161182,0.6593392670488661,0.9429856513889315,0.8289569541667946,0.7291818440974249,0.049656631986277774,0.007235493356927634,0.0332461876235516,0.017743040089554237
1658,0.8290499999999642,1.0580075263831568e-08,1528.568715665149,0.6594471359361563,0.9430037047591893,0.8290111142775679,0.7292675976061493,0.04965484252395181,0.007235457020531645,0.03324565061344345,0.01774255574732601
1659,0.8295499999999641,1.0578889999166036e-08,1528.536317728223,0.6595549365325489,0.9430217467000082,0.8290652401000245,0.7293532968250388,0.049653053455381,0.0072354206898778166,0.03324511370014939,0.017742071503209906
1660,0.8300499999999641,1.0577706604685276e-08,1528.5039409958663,0.659662668902875,0.9430397772222384,0.8291193316667154,0.7294389418056328,0.04965126477960927,0.007235384364948013,0.033244576883395306,0.017741587356952502
1661,0.830549999999964,1.0576525076743344e-08,1528.4715854512392,0.6597703331118836,0.9430577963367169,0.8291733890101507,0.7295245325994053,0.049649476496854826,0.007235348045747938,0.03324404016325947,0.017741103308618212
1662,0.831049999999964,1.0575345417791416e-08,1528.4392510627824,0.6598779292242418,0.9430758040542664,0.8292274121627992,0.7296100692577655,0.049647688609682994,0.007235311732330974,0.03324350354052467,0.017740619358906785
1663,0.8315499999999639,1.0574167618092094e-08,1528.4069378284714,0.6599854573045352,0.9430938003856962,0.8292814011570887,0.7296955518320573,0.0496459011159527,0.007235275424654914,0.0332429670145611,0.01774013550724404
1664,0.8320499999999639,1.0572991680099888e-08,1528.3746457168156,0.6600929174172672,0.943111785341802,0.829335356025406,0.7297809803735597,0.04964411401822054,0.007235239122772969,0.03324243058614901,0.017739651754327398
1665,0.8325499999999638,1.0571817600176186e-08,1528.3423747111046,0.6602003096268602,0.9431297589333657,0.8293892768000971,0.7298663549334872,0.049642327316688245,0.007235202826690524,0.03324189425536184,0.017739168100216852
1666,0.8330499999999638,1.0570645371638662e-08,1528.310124802013,0.6603076339976548,0.9431477211711556,0.8294431635134668,0.7299516755629892,0.049640541010380915,0.007235166536389058,0.033241358021919826,0.017738684544653896
1667,0.8335499999999637,1.0569474996945769e-08,1528.2778959581624,0.6604148905939108,0.9431656720659265,0.8294970161977794,0.7300369423131509,0.04963875510184072,0.007235130251921507,0.03324082188659902,0.017738201088332087
1668,0.8340499999999637,1.0568306469419496e-08,1528.2456881702844,0.6605220794798065,0.9431836116284195,0.8295508348852584,0.7301221552349926,0.04963696959008558,0.007235093973269207,0.03324028584911753,0.01773771773099098
1669,0.8345499999999636,1.0567139788475539e-08,1528.2135014144274,0.6606292007194392,0.9432015398693622,0.8296046196080866,0.7302073143794705,0.04963518447647577,0.00723505770046109,0.03323974990989668,0.017737234473004234
1670,0.8350499999999635,1.056597495353057e-08,1528.1813356666803,0.6607362543768256,0.9432194567994687,0.8296583703984061,0.7302924197974764,0.049633399762366345,0.0072350214335259845,0.033239214069356274,0.0177367513147441
1671,0.8355499999999635,1.0564811954869165e-08,1528.1491909251927,0.6608432405159014,0.9432373624294396,0.8297120872883186,0.7303774715398379,0.049631615445594496,0.007234985172421237,0.03323867832685993,0.017736268255630492
1672,0.8360499999999634,1.0563650798000967e-08,1528.1170671514296,0.6609501592005217,0.9432552567699618,0.8297657703098853,0.7304624696573184,0.04962983152984998,0.007234948917223127,0.033238142683528496,0.017735785296667746
1673,0.8365499999999634,1.0562491473215483e-08,1528.0849643435897,0.6610570104944612,0.9432731398317089,0.8298194194951268,0.7305474142006176,0.04962804801296399,0.00723491266788888,0.033237607138723785,0.01773530243727414
1674,0.8370499999999633,1.0561333979937236e-08,1528.0528824778805,0.6611637944614142,0.9432910116253412,0.8298730348760238,0.730632305220371,0.04962626489627659,0.007234876424447028,0.03323707169286119,0.017734819677817915
1675,0.8375499999999633,1.0560178320634712e-08,1528.0208215232258,0.6612705111649947,0.9433088721615054,0.829926616484516,0.7307171427671506,0.04962448218229162,0.007234840186949772,0.03323653634670566,0.01773433701898241
1676,0.8380499999999632,1.0559024482562606e-08,1527.988781485212,0.6613771606687368,0.9433267214508346,0.8299801643525038,0.7308019268914643,0.04962269986766359,0.007234803955330411,0.0332360010992656,0.017733854459867318
1677,0.8385499999999632,1.0557872474278326e-08,1527.956762318182,0.6614837430360941,0.9433445595039488,0.8300336785118464,0.7308866576437568,0.04962091795722538,0.007234767729688497,0.03323546595200545,0.017733372001786592
1678,0.8390499999999631,1.0556722283042116e-08,1527.924764027762,0.661590258330441,0.9433623863314545,0.8300871589943636,0.7309713350744091,0.049619136447626624,0.007234731509957228,0.03323493090393215,0.01773288964383858
1679,0.839549999999963,1.0555573914370587e-08,1527.892786575698,0.6616967066150717,0.943380201943945,0.8301406058318351,0.731055959233739,0.04961735534252149,0.007234695296212205,0.03323439595615626,0.01773240738701815
1680,0.840049999999963,1.0554427358571859e-08,1527.8608299603384,0.661803087953201,0.9433980063520001,0.8301940190560004,0.7311405301720008,0.049615574639722694,0.007234659088410273,0.033233861108033974,0.017731925230738552
1681,0.8405499999999629,1.0553282618123062e-08,1527.8288941508156,0.6619094024079641,0.9434157995661865,0.8302473986985593,0.7312250479393857,0.04961379434170778,0.007234622886603117,0.033233326360322606,0.017731443175676112
1682,0.8410499999999629,1.0552139686378846e-08,1527.796979138215,0.6620156500424168,0.9434335815970571,0.8303007447911716,0.7313095125860217,0.049612014447450656,0.007234586690771191,0.03323279171272708,0.017730961221558476
1683,0.8415499999999628,1.0550998565818526e-08,1527.7650848917451,0.6621218309195358,0.9434513524551524,0.8303540573654572,0.731393924161974,0.049610234959419255,0.0072345505009660015,0.03323225716600193,0.017730479369059415
1684,0.8420499999999628,1.0549859246760879e-08,1527.733211409838,0.6622279451022187,0.9434691121509989,0.8304073364529967,0.7314782827172449,0.0496084558754162,0.007234514317144177,0.033231722719500256,0.017729997617589418
1685,0.8425499999999627,1.0548721731688392e-08,1527.7013586617675,0.6623339926532839,0.9434868606951102,0.8304605820853307,0.7315625883017738,0.04960667719790131,0.0072344781393570675,0.033231188373974194,0.01772951596782007
1686,0.8430499999999627,1.0547586020043777e-08,1527.6695266241463,0.6624399736354711,0.9435045980979868,0.8305137942939603,0.7316468409654372,0.049604898928163825,0.00723444196763222,0.033230654129824316,0.017729034420106024
1687,0.8435499999999626,1.0546452102153504e-08,1527.6377152954703,0.6625458881114412,0.9435223243701156,0.830566973110347,0.7317310407580495,0.04960312106399867,0.007234405801926109,0.033230119986401394,0.017728552973855668
1688,0.8440499999999626,1.054531998050379e-08,1527.6059246451218,0.6626517361437767,0.943540039521971,0.8306201185659129,0.7318151877293622,0.04960134360785207,0.0072343696422898195,0.03322958594445362,0.017728071629736976
1689,0.8445499999999625,1.0544189648465262e-08,1527.574154664357,0.6627575177949812,0.9435577435640136,0.8306732306920407,0.7318992819290645,0.049599566558677,0.007234333488703377,0.03322905200367967,0.01772759038747192
1690,0.8450499999999624,1.0543061108526293e-08,1527.542405322634,0.6628632331274801,0.9435754365066912,0.8307263095200736,0.7319833234067833,0.04959778991891026,0.00723429734121769,0.03322851816482501,0.01772710924772597
1691,0.8455499999999624,1.0541934354061608e-08,1527.5106766112624,0.6629688822036208,0.9435931183604386,0.8307793550813158,0.7320673122120834,0.04959601368749828,0.007234261199812654,0.03322798442758639,0.01772662821021934
1692,0.8460499999999623,1.0540809387561717e-08,1527.4789684997754,0.6630744650856722,0.9436107891356773,0.830832367407032,0.7321512483944674,0.04959423786686853,0.007234225064538997,0.03322745079270656,0.017726147275614997
1693,0.8465499999999623,1.0539686199368336e-08,1527.4472809867943,0.6631799818358255,0.9436284488428159,0.8308853465284478,0.7322351320033759,0.04959246245480078,0.007234188935352874,0.033226917259531676,0.017725666443317207
1694,0.8470499999999622,1.05385647889383e-08,1527.415614049171,0.6632854325161937,0.9436460974922499,0.8309382924767499,0.7323189630881874,0.04959068745255486,0.0072341528122812585,0.033226383828453665,0.017725185713672723
1695,0.8475499999999622,1.053744515572934e-08,1527.3839676637951,0.6633908171888123,0.9436637350943619,0.8309912052830856,0.732402741698219,0.049588912861385795,0.007234116695351027,0.033225850499863034,0.017724705087027004
1696,0.8480499999999621,1.0536327299200083e-08,1527.352341807597,0.663496135915639,0.9436813616595212,0.8310440849785635,0.7324864678827256,0.049587138682543656,0.007234080584588965,0.03322531727414888,0.017724224563724206
1697,0.8485499999999621,1.0535211209702631e-08,1527.320736479277,0.6636013887585543,0.9436989771980844,0.8310969315942531,0.732570141690901,0.04958536491379888,0.007234044479951034,0.03322478415065452,0.017723744143166048
1698,0.849049999999962,1.0534096892771272e-08,1527.2891516413283,0.6637065757793609,0.9437165817203951,0.8311497451611853,0.7326537631718768,0.04958359155871182,0.007234008381511048,0.033224251130463435,0.01772326382632242
1699,0.849549999999962,1.0532984338762776e-08,1527.2575872924976,0.6638116970397844,0.9437341752367839,0.8312025257103519,0.7327373323747239,0.04958181861504757,0.007233972289224856,0.033223718212917315,0.017722783612593586
1700,0.8500499999999619,1.053187355017804e-08,1527.2260434025918,0.6639167526014731,0.9437517577575687,0.8312552732727061,0.7328208493484514,0.04958004608519954,0.007233936203142529,0.03322318539874901,0.01772230350263341
1701,0.8505499999999618,1.0530764520413983e-08,1527.1945199631602,0.6640217425259985,0.9437693292930541,0.8313079878791624,0.7329043141420072,0.049578273968085305,0.007233900123243377,0.0332226526876466,0.017721823496154306
1702,0.8510499999999618,1.0529657251973588e-08,1527.1630169440843,0.6641266668748552,0.9437868898535322,0.8313606695605967,0.7329877268042782,0.04957650226608925,0.007233864049577298,0.03322212008034032,0.017721343593807733
1703,0.8515499999999617,1.0528551735223882e-08,1527.131534344188,0.6642315257094608,0.9438044394492822,0.8314133183478464,0.7330710873840902,0.04957473097696734,0.00723382798209995,0.033221587576169026,0.017720863794991444
1704,0.8520499999999617,1.0527447975704444e-08,1527.1000721261946,0.6643363190911563,0.9438219780905701,0.8314659342717102,0.7331543959302079,0.04957296010425124,0.0072337919208845984,0.03322105517620797,0.01772038410066772
1705,0.8525499999999616,1.0526345963786927e-08,1527.0686302889726,0.6644410470812061,0.9438395057876495,0.8315185173629486,0.7332376524913354,0.04957118964569176,0.0072337558658867995,0.03322052287979445,0.017719904510232903
1706,0.8530499999999616,1.0525245701979404e-08,1527.0372088025379,0.6645457097407984,0.9438570225507612,0.8315710676522836,0.7333208571161158,0.04956941960365667,0.007233719817156125,0.033219990687653855,0.017719425024334018
1707,0.8535499999999615,1.0524147183691692e-08,1527.0058076585824,0.6646503071310448,0.943874528390133,0.831623585170399,0.7334040098531318,0.049567649977046595,0.007233683774671543,0.03321945859946918,0.01771894564267889
1708,0.8540499999999615,1.0523050411433921e-08,1526.9744268271952,0.6647548393129808,0.94389202331598,0.8316760699479401,0.7334871107509052,0.04956588076822033,0.007233647738482457,0.033218926615963235,0.01771846636591214
1709,0.8545499999999614,1.0521955375587872e-08,1526.9430663073201,0.664859306347566,0.9439095073385048,0.8317285220155142,0.7335701598578975,0.04956411197491993,0.007233611708544233,0.03321839473647062,0.017717987193427726
1710,0.8550499999999613,1.0520862081698329e-08,1526.91172606191,0.6649637082956835,0.9439269804678968,0.8317809414036904,0.7336531572225099,0.04956234360064881,0.0072335756849296,0.0332178629620584,0.017717508126180396
1711,0.8555499999999613,1.0519770520151636e-08,1526.8804060899517,0.6650680452181413,0.9439444427143333,0.8318333281429998,0.7337361028930831,0.049560575643144006,0.007233539667593822,0.03321733129205966,0.017717029163562742
1712,0.8560499999999612,1.0518680693462948e-08,1526.8491063616673,0.6651723171756713,0.9439618940879785,0.8318856822639353,0.7338189969178976,0.049558808104748074,0.007233503656585987,0.03321679972719247,0.01771655030621504
1713,0.8565499999999612,1.0517592595054818e-08,1526.817826868889,0.6652765242289296,0.943979334598984,0.831938003796952,0.7339018393451742,0.049557040984345074,0.007233467651884726,0.03321626826713485,0.017716071553840636
1714,0.8570499999999611,1.0516506227444412e-08,1526.7865675819114,0.6653806664384971,0.943996764257489,0.831990292772467,0.733984630223073,0.04955527428426879,0.007233431653538957,0.03321573691260231,0.017715592907077467
1715,0.8575499999999611,1.0515421584058194e-08,1526.7553284926166,0.6654847438648793,0.94401418307362,0.8320425492208599,0.7340673695996949,0.049553508003397466,0.007233395661527196,0.03321520566327112,0.017715114365627293
1716,0.858049999999961,1.0514338664385551e-08,1526.7241095785453,0.6655887565685065,0.9440315910574906,0.8320947731724718,0.7341500575230804,0.04955174214290691,0.007233359675874771,0.0332146745195086,0.017714635929814364
1717,0.858549999999961,1.0513257461857763e-08,1526.6929108316185,0.6656927046097335,0.9440489882192022,0.8321469646576066,0.7342326940412107,0.049549976701670904,0.0072333236965601054,0.03321414348098965,0.017714157599339204
1718,0.8590499999999609,1.0512177982026109e-08,1526.6617322150942,0.6657965880488405,0.9440663745688436,0.8321991237065307,0.734315279202007,0.049548211683155576,0.007233287723655211,0.03321361254877057,0.017713679375146636
1719,0.8595499999999608,1.0511100215295937e-08,1526.6305737281173,0.6659004069460326,0.9440837501164908,0.8322512503494723,0.7343978130533313,0.049546447085079666,0.007233251757114971,0.03321308172217883,0.017713201256624247
1720,0.8600499999999608,1.0510024161162819e-08,1526.5994353483457,0.6660041613614401,0.9441011148722075,0.8323033446166226,0.7344802956429859,0.04954468290860507,0.0072332157969644435,0.033212551001577655,0.017712723244092555
1721,0.8605499999999607,1.0508949816094909e-08,1526.5683170606303,0.6661078513551189,0.944118468846045,0.8323554065381349,0.7345627270187137,0.04954291915374234,0.00723317984320522,0.03321202038698393,0.017712245337560103
1722,0.8610499999999607,1.050787718261828e-08,1526.5372188355393,0.6662114769870499,0.9441358120480418,0.8324074361441254,0.7346451072281986,0.04954115582279211,0.007233143895885579,0.03321148987910354,0.017711767537655985
1723,0.8615499999999606,1.0506806251148158e-08,1526.5061406722903,0.6663150383171398,0.9441531444882242,0.8324594334646727,0.7347274363190651,0.04953939291346503,0.007233107954960234,0.03321095947726146,0.01771128984376558
1724,0.8620499999999606,1.0505737027240813e-08,1526.4750825343633,0.6664185354052211,0.944170466176606,0.832511398529818,0.7348097143388787,0.04953763042920007,0.007233072020500676,0.033210429182506135,0.01771081225682646
1725,0.8625499999999605,1.0504669501315908e-08,1526.4440444210186,0.6665219683110518,0.9441877771231886,0.8325633313695657,0.7348919413351458,0.049535868367703205,0.007233036092461521,0.033209898994161116,0.01771033477622272
1726,0.8630499999999605,1.0503603672877683e-08,1526.4130263100908,0.6666253370943162,0.9442050773379609,0.8326152320138825,0.734974117355314,0.049534106730115046,0.007233000170867408,0.03320936891258337,0.01770985740226916
1727,0.8635499999999604,1.0502539541431194e-08,1526.3820281794528,0.666728641814624,0.9442223668308994,0.8326671004926982,0.7350562424467723,0.04953234551757177,0.007232964255742891,0.033208838938128586,0.017709380135279396
1728,0.8640499999999603,1.0501477103456257e-08,1526.3510500141465,0.6668318825315118,0.9442396456119685,0.8327189368359055,0.7351383166568504,0.049530584730061555,0.007232928347089121,0.03320830907080701,0.017708902975255958
1729,0.8645499999999603,1.050041635543472e-08,1526.3200917992333,0.6669350593044419,0.94425691369112,0.8327707410733598,0.7352203400328199,0.04952882436757006,0.007232892444907191,0.03320777931062814,0.017708425922200698
1730,0.8650499999999602,1.049935729687594e-08,1526.2891535126757,0.667038172192803,0.9442741710782934,0.8328225132348801,0.7353023126218936,0.04952706443122302,0.007232856549221454,0.0332072496579446,0.01770794897642442
1731,0.8655499999999602,1.0498299927290082e-08,1526.2582351324695,0.6671412212559107,0.944291417783416,0.832874253350248,0.735384234471226,0.049525304922141765,0.007232820660056175,0.03320672011310771,0.01770747213823677
1732,0.8660499999999601,1.0497244237113564e-08,1526.2273366580007,0.6672442065530068,0.9443086538164027,0.8329259614492083,0.7354661056279133,0.04952354583801828,0.007232784777365668,0.03320619067543671,0.017706995407018002
1733,0.8665499999999601,1.049619022888547e-08,1526.1964580601925,0.6673471281432597,0.9443258791871564,0.8329776375614693,0.7355479261389931,0.04952178718111058,0.007232748901197389,0.03320566134562503,0.01770651878338581
1734,0.86704999999996,1.0495137902120218e-08,1526.1655993171303,0.6674499860857651,0.9443430939055674,0.8330292817167021,0.735629696051445,0.04952002895252969,0.007232713031575397,0.03320513212402099,0.017706042267647062
1735,0.86754999999996,1.0494087250285154e-08,1526.1347604211471,0.6675527804395452,0.9443602979815139,0.8330808939445415,0.7357114154121908,0.049518271151101814,0.007232677168477147,0.033204603010285175,0.01770556585948941
1736,0.8680499999999599,1.0493038272898128e-08,1526.1039413503777,0.6676555112635496,0.9443774914248618,0.8331324742745855,0.7357930842680939,0.04951651377793216,0.007232641311926586,0.033204074004764154,0.017705089559218148
1737,0.8685499999999599,1.049199096645445e-08,1526.0731420900931,0.6677581786166547,0.9443946742454652,0.8331840227363956,0.7358747026659598,0.04951475683298225,0.007232605461924327,0.033203545107460264,0.01770461336682862
1738,0.8690499999999598,1.0490945330474472e-08,1526.0423626184897,0.6678607825576643,0.9444118464531656,0.8332355393594967,0.7359562706525364,0.04951300031735007,0.007232569618494178,0.033203016318717964,0.0177041372826242
1739,0.8695499999999597,1.0489901361456611e-08,1526.011602920892,0.6679633231453098,0.9444290080577924,0.8332870241733772,0.736037788274514,0.049511244230990896,0.00723253378163663,0.03320248763853773,0.01770366130659854
1740,0.8700499999999597,1.0488859058923712e-08,1525.980862975557,0.6680658004382497,0.9444461590691631,0.8333384772074893,0.7361192555785249,0.0495094885749955,0.007232497951375347,0.03320195906726191,0.017703185439053082
1741,0.8705499999999596,1.0487818416355147e-08,1525.9501427749483,0.6681682144950705,0.9444632994970829,0.8333898984912487,0.7362006726111439,0.04950773334817554,0.007232462127687482,0.0332014306045467,0.01770270967967151
1742,0.8710499999999596,1.0486779433277141e-08,1525.9194422973726,0.6682705653742861,0.9444804293513449,0.8334412880540347,0.7362820394188885,0.04950597855161609,0.007232426310596588,0.03320090225073274,0.017702234028753726
1743,0.8715499999999595,1.0485742109216712e-08,1525.888761521173,0.6683728531343384,0.9444975486417303,0.8334926459251908,0.7363633560482188,0.049504224186397924,0.007232390500126132,0.03320037400615943,0.017701758486598478
1744,0.8720499999999595,1.0484706440680427e-08,1525.8581004318025,0.6684750778335973,0.9445146573780079,0.8335439721340236,0.7364446225455376,0.049502470252461586,0.0072323546962763125,0.0331998458708229,0.017701283053195457
1745,0.8725499999999594,1.0483672424176825e-08,1525.8274590147346,0.6685772395303604,0.9445317555699347,0.8335952667098043,0.7365258389571903,0.04950071674974529,0.007232318899047278,0.03319931784471851,0.01770080772853371
1746,0.8730499999999594,1.0482640056216427e-08,1525.7968372554642,0.6686793382828541,0.9445488432272559,0.8336465296817677,0.7366070053294655,0.04949896367818486,0.007232283108439127,0.03319878992784096,0.017700332512601658
1747,0.8735499999999593,1.0481609339352392e-08,1525.7662351253805,0.6687813741492324,0.9445659203597041,0.8336977610791124,0.7366881217085948,0.04949721103998306,0.007232247324498247,0.03319826212086762,0.017699857406002217
1748,0.8740499999999592,1.0480580267077346e-08,1525.7356526171025,0.6688833471875781,0.9445829869770005,0.8337489609310015,0.7367691881407525,0.04949545883393411,0.007232211547201432,0.03319773442344941,0.017699382408414344
1749,0.8745499999999592,1.0479552838926554e-08,1525.7050897091417,0.6689852574559024,0.9446000430888539,0.8338001292665618,0.7368502046720563,0.04949370706109918,0.007232175776571769,0.033197206835919965,0.017698907520131535
1750,0.8750499999999591,1.0478527054436058e-08,1525.674546380046,0.6690871050121451,0.9446170887049615,0.8338512661148845,0.7369311713485671,0.04949195572253527,0.007232140012632257,0.0331966793586117,0.017698432741446158
1751,0.8755499999999591,1.0477502907104353e-08,1525.6440226224956,0.6691888899141745,0.9446341238350082,0.8339023715050248,0.7370120882162893,0.04949020481702972,0.007232104255359553,0.03319615199117346,0.017697958072035294
1752,0.876049999999959,1.0476480393451927e-08,1525.6135184221337,0.669290612219788,0.9446511484886674,0.8339534454660023,0.7370929553211704,0.049488454344501734,0.007232068504753423,0.03319562473359497,0.017697483511882862
1753,0.876549999999959,1.0475459519056918e-08,1525.5830337434957,0.6693922719867119,0.9446681626756003,0.8340044880268008,0.7371737727091014,0.0494867043082637,0.007232032760882937,0.033195097586888045,0.017697009061892702
1754,0.8770499999999589,1.0474440274404499e-08,1525.5525685863743,0.6694938692726015,0.9446851664054563,0.8340554992163689,0.7372545404259174,0.049484954705963397,0.007231997023701476,0.033194570550358266,0.017696534721432955
1755,0.8775499999999589,1.047342265903808e-08,1525.5221229294486,0.6695954041350412,0.944702159687873,0.8341064790636189,0.7373352585173967,0.049483205538642765,0.0072319612932317465,0.033194043624333605,0.01769606049079194
1756,0.8780499999999588,1.0472406669484141e-08,1525.4916967584645,0.6696968766315446,0.944719142532476,0.8341574275974282,0.7374159270292614,0.04948145680620922,0.007231925569473278,0.03319351680880027,0.0176955863699504
1757,0.8785499999999588,1.0471392308305875e-08,1525.4612900451323,0.6697982868195549,0.9447361149488794,0.8342083448466384,0.7374965460071775,0.04947970851082785,0.007231889852471725,0.033192990104424655,0.017695112359501188
1758,0.8790499999999587,1.0470379569014758e-08,1525.4309027822844,0.6698996347564447,0.9447530769466853,0.8342592308400558,0.7375771154967552,0.04947796065126931,0.007231854142203401,0.03319246351085056,0.01769463845911685
1759,0.8795499999999586,1.0469368448142174e-08,1525.4005349557376,0.6700009204995159,0.9447700285354839,0.8343100856064515,0.7376576355435482,0.04947621322743301,0.007231818438667679,0.033191937028061815,0.017694164668775974
1760,0.8800499999999586,1.0468358948254451e-08,1525.3701865372964,0.6701021441060006,0.9447869697248537,0.8343609091745608,0.7377381061930548,0.049474466241473204,0.00723178274191,0.03319141065672164,0.017693690989068516
1761,0.8805499999999585,1.0467351065885046e-08,1525.33985751284,0.6702033056330601,0.9448039005243615,0.8344117015730845,0.7378185274907172,0.04947271969328214,0.007231747051929598,0.03319088439681177,0.017693217419971128
1762,0.8810499999999585,1.0466344794553404e-08,1525.309547875277,0.6703044051377861,0.9448208209435626,0.8344624628306876,0.737898899481922,0.04947097358162217,0.007231711368702611,0.03319035824797346,0.017692743961154098
1763,0.8815499999999584,1.0465340133813314e-08,1525.2792576035106,0.6704054426772003,0.944837730992,0.834513192976,0.7379792222120002,0.04946922790750975,0.007231675692251242,0.03318983221052716,0.0176922706128989
1764,0.8820499999999584,1.0464337086234671e-08,1525.2489866694746,0.6705064183082541,0.9448546306792057,0.834563892037617,0.7380594957262271,0.04946748267308402,0.007231640022620642,0.0331893062851317,0.017691797375791452
1765,0.8825499999999583,1.0463335642326688e-08,1525.218735073149,0.6706073320878295,0.9448715200146994,0.8346145600440984,0.7381397200698226,0.04946573787597324,0.0072316043597637734,0.033188780471086574,0.017691324249194514
1766,0.8830499999999583,1.0462335804661903e-08,1525.1885027865205,0.6707081840727388,0.9448883990079897,0.8346651970239691,0.7382198952879513,0.049463993518310434,0.007231568703725667,0.033188254769048804,0.017690851233692368
1767,0.8835499999999582,1.0461337569783438e-08,1525.1582897956112,0.6708089743197245,0.9449052676685731,0.8347158030057193,0.7383000214257225,0.04946224959997219,0.007231533054505239,0.033187729178995436,0.01769037832925743
1768,0.8840499999999581,1.0460340934236322e-08,1525.1280960864608,0.67090970288546,0.9449221260059347,0.8347663780178042,0.73838009852819,0.04946050612083287,0.007231497412101357,0.03318720370090284,0.017689905535861524
1769,0.8845499999999581,1.0459345897581366e-08,1525.0979216381452,0.6710103698265493,0.944938974029548,0.8348169220886439,0.7384601266403529,0.04945876308188922,0.007231461776535838,0.03318667833508569,0.017689432853780832
1770,0.885049999999958,1.0458352456366504e-08,1525.067766436754,0.6711109751995267,0.9449558117488748,0.8348674352466242,0.738540105807155,0.049457020483010115,0.007231426147807441,0.03318615308151872,0.01768896028298569
1771,0.885549999999958,1.0457360610154868e-08,1525.0376304614203,0.6712115190608579,0.9449726391733653,0.8349179175200959,0.7386200360734853,0.04945527832518577,0.007231390525937852,0.033185627940514675,0.01768848782375054
1772,0.8860499999999579,1.0456370352484215e-08,1525.007513705259,0.6713120014669393,0.9449894563124585,0.8349683689373752,0.7386999174841776,0.04945353660715648,0.007231354910902757,0.03318510291170811,0.01768801547573965
1773,0.8865499999999579,1.0455381685933627e-08,1524.977416140477,0.6714124224740985,0.9450062631755813,0.8350187895267439,0.7387797500840114,0.049451795331029995,0.007231319302746696,0.03318457799574868,0.017687543239530545
1774,0.8870499999999578,1.0454394607056794e-08,1524.9473377532645,0.6715127821385944,0.9450230597721496,0.835069179316449,0.738859533917711,0.04945005449666414,0.007231283701468209,0.03318405319260782,0.017687071115090578
1775,0.8875499999999578,1.0453409112409258e-08,1524.9172785298315,0.6716130805166168,0.9450398461115677,0.835119538334703,0.7389392690299464,0.049448314103914676,0.007231248107065789,0.03318352850225637,0.017686599102386538
1776,0.8880499999999577,1.0452425198548437e-08,1524.8872384564063,0.6717133176642873,0.945056622203228,0.835169866609684,0.739018955465333,0.04944657415263535,0.0072312125195378935,0.033183003924664535,0.017686127201384672
1777,0.8885499999999577,1.0451442868056852e-08,1524.8572175053237,0.6718134936376589,0.9450733880565119,0.8352201641695357,0.7390985932684317,0.04944483464491932,0.007231176938928779,0.03318247946047771,0.017685655412658596
1778,0.8890499999999576,1.0450462114482559e-08,1524.8272156698263,0.6719136084927159,0.9450901436807893,0.8352704310423678,0.739178182483749,0.04944309557949324,0.0072311413652138504,0.033181955109326325,0.01768518373586888
1779,0.8895499999999575,1.0449482937398736e-08,1524.79723292926,0.6720136622853746,0.9451068890854183,0.835320667256255,0.7392577231557371,0.04944135695732327,0.007231105798414321,0.03318143087151601,0.01768471217128349
1780,0.8900499999999575,1.044850533336848e-08,1524.7672692699527,0.6721136550714831,0.945123624279746,0.8353708728392383,0.739337215328794,0.04943961877825236,0.007231070238528425,0.03318090674701379,0.01768424071886576
1781,0.8905499999999574,1.044752930196723e-08,1524.7373246713075,0.6722135869068214,0.9451403492731082,0.8354210478193245,0.7394166590472638,0.04943788104324035,0.007231034685577252,0.033180382736123414,0.01768376937888195
1782,0.8910499999999574,1.0446554839760909e-08,1524.7073991197003,0.6723134578471015,0.9451570640748287,0.835471192224486,0.7394960543554363,0.04943614375212486,0.007230999139558934,0.033179858838810306,0.017683298151293957
1783,0.8915499999999573,1.0445581946327223e-08,1524.6774925945897,0.6724132679479674,0.9451737686942204,0.8355213060826614,0.7395754012975473,0.04943440690585951,0.0072309636004944345,0.03317933505537642,0.017682827036366384
1784,0.8920499999999573,1.0444610615225245e-08,1524.647605089332,0.6725130172649955,0.945190463140585,0.835571389421755,0.7396546999177788,0.04943267050315912,0.007230928068358912,0.03317881138544856,0.017682356033756563
1785,0.8925499999999572,1.044364084904515e-08,1524.6177365765034,0.6726127058536945,0.9452071474232124,0.8356214422696373,0.7397339502602591,0.04943093454608954,0.0072308925431960915,0.03317828782966413,0.0176818851440308
1786,0.8930499999999572,1.0442672644358481e-08,1524.5878870425743,0.6727123337695053,0.9452238215513816,0.8356714646541449,0.7398131523690629,0.04942919903447786,0.007230857025003895,0.033177764387985406,0.017681414367148138
1787,0.8935499999999571,1.0441705997738606e-08,1524.558056474037,0.6728119010678019,0.9452404855343601,0.8357214566030804,0.7398923062882107,0.0494274639681492,0.0072308215137802,0.03317724106037404,0.017680943703067095
1788,0.894049999999957,1.0440740908769242e-08,1524.528244850483,0.6729114078038902,0.9452571393814042,0.8357714181442126,0.73997141206167,0.04942572934804249,0.007230786009545682,0.03317671784712766,0.017680473152048317
1789,0.894549999999957,1.0439777374026537e-08,1524.4984521584515,0.6730108540330095,0.9452737831017589,0.8358213493052766,0.7400504697333548,0.049423995173977664,0.007230750512298115,0.03317619474820639,0.017680002714048914
1790,0.8950499999999569,1.0438815390088445e-08,1524.4686783844993,0.6731102398103315,0.945290416704658,0.8358712501139739,0.7401294793471254,0.04942226144577281,0.007230715022035233,0.03317567176356976,0.017679532389025483
1791,0.8955499999999569,1.0437854956542438e-08,1524.4389235082958,0.6732095651909609,0.945307040199324,0.835921120597972,0.740208440946789,0.04942052816435842,0.007230679538777545,0.0331751488935129,0.01767906217723641
1792,0.8960499999999568,1.0436896072976674e-08,1524.4091875095423,0.6733088302299357,0.9453236535949683,0.8359709607849048,0.7402873545760995,0.049418795330661194,0.007230644062545487,0.03317462613832982,0.01767859207893906
1793,0.8965499999999568,1.0435938732965672e-08,1524.379470381772,0.6734080349822269,0.945340256900791,0.8360207707023732,0.7403662202787578,0.0494170629433775,0.00723060859331383,0.0331741034976417,0.01767812209378573
1794,0.8970499999999567,1.0434982939107518e-08,1524.3497720978346,0.6735071795027386,0.9453568501259814,0.836070550377944,0.7404450380984114,0.049415331004542366,0.007230573131125702,0.03317358097207696,0.017677652222334486
1795,0.8975499999999567,1.0434028684980033e-08,1524.320092651304,0.6736062638463085,0.9453734332797169,0.8361202998391507,0.7405238080786554,0.049413599512847926,0.0072305376759557935,0.03317305856125547,0.01767718246423647
1796,0.8980499999999566,1.04330759701766e-08,1524.290432021979,0.6737052880677077,0.9453900063711644,0.8361700191134933,0.7406025302630312,0.04941186846921035,0.007230502227824324,0.03317253626546813,0.01767671281974621
1797,0.8985499999999566,1.0432124794291283e-08,1524.2607901896915,0.6738042522216406,0.9454065694094795,0.8362197082284387,0.7406812046950281,0.04941013787454214,0.00723046678675145,0.03317201408500475,0.017676243289117252
1798,0.8990499999999565,1.0431175153913035e-08,1524.2311671411876,0.6739031563627456,0.9454231224038068,0.8362693672114203,0.7407598314180822,0.049408407728641066,0.007230431352734498,0.03317149201981883,0.01767577387230071
1799,0.8995499999999564,1.0430227048638097e-08,1524.2015628563527,0.6740020005455947,0.9454396653632794,0.8363189960898382,0.7408384104755773,0.049406678032413685,0.007230395925793503,0.03317097007019842,0.017675304569548536
1800,0.9000499999999564,1.0429280472052904e-08,1524.1719773288562,0.6741007848246936,0.9454561982970198,0.8363685948910594,0.7409169419108442,0.0494049487845426,0.007230360505902951,0.033170448235760486,0.017674835380509263
1801,0.9005499999999563,1.0428335423756692e-08,1524.1424105386254,0.6741995092544822,0.9454727212141393,0.8364181636424177,0.7409954257671616,0.049403219985929905,0.007230325093082789,0.03316992651679176,0.01767436630543364
1802,0.9010499999999563,1.0427391903349359e-08,1524.1128624656212,0.6742981738893344,0.945489234123738,0.8364677023712138,0.7410738620877554,0.04940149163747403,0.007230289687352891,0.03316940491357789,0.017673897344571428
1803,0.9015499999999562,1.0426449910431478e-08,1524.0833330898352,0.6743967787835582,0.9455057370349051,0.8365172111047153,0.7411522509157994,0.04939976374006994,0.007230254288733063,0.033168883426403534,0.017673428498171447
1804,0.9020499999999562,1.042550943859598e-08,1524.0538224050151,0.6744953239913959,0.945522229956719,0.8365666898701568,0.7412305922944151,0.04939803629239214,0.007230218897197626,0.03316836205488319,0.017672959765880042
1805,0.9025499999999561,1.0424570487446399e-08,1524.0243303911964,0.674593809567024,0.9455387128982466,0.83661613869474,0.7413088862666718,0.049396309295331106,0.007230183512766294,0.033167840799300144,0.01767249114794483
1806,0.903049999999956,1.0423633056586938e-08,1523.994857028445,0.6746922355645537,0.9455551858685445,0.8366655576056335,0.7413871328755867,0.04939458274977369,0.007230148135458714,0.03316731965993665,0.01767202264461245
1807,0.903549999999956,1.042269713961578e-08,1523.9654023105613,0.6747906020380307,0.9455716488766578,0.8367149466299735,0.7414653321641247,0.0493928566543892,0.007230112765249094,0.03316679863640559,0.017671554255527824
1808,0.9040499999999559,1.0421762739143134e-08,1523.9359662108068,0.674888909041435,0.9455881019316209,0.8367643057948627,0.7415434841751993,0.04939113101116675,0.0072300774021796695,0.03316627772932195,0.017671085981236706
1809,0.9045499999999559,1.0420829851773201e-08,1523.9065487161765,0.6749871566286818,0.9456045450424572,0.8368136351273715,0.7416215889516717,0.04938940581987785,0.007230042046247236,0.03316575693863135,0.017670617821683096
1810,0.9050499999999558,1.041989847411191e-08,1523.8771498136832,0.675085344853621,0.9456209782181793,0.8368629346545376,0.7416996465363515,0.04938768108029228,0.007230006697448553,0.03316523626427886,0.01767014977681054
1811,0.9055499999999558,1.0418968605769175e-08,1523.8477694835196,0.6751834737700374,0.9456374014677886,0.836912204403366,0.7417776569719963,0.04938595679328332,0.007229971355802997,0.03316471570654272,0.01766968184686202
1812,0.9060499999999557,1.0418040243353582e-08,1523.8184077127435,0.6752815434316509,0.9456538148002763,0.8369614444008289,0.7418556203013124,0.04938423295861603,0.007229936021307232,0.033164195265366576,0.0176692140317798
1813,0.9065499999999557,1.0417113383475434e-08,1523.789064488431,0.6753795538921163,0.9456702182246219,0.8370106546738659,0.7419335365669545,0.04938250957605373,0.007229900693957887,0.033163674940693576,0.017668746331505652
1814,0.9070499999999556,1.0416188028749684e-08,1523.7597397840202,0.6754775052050243,0.9456866117497948,0.8370598352493844,0.7420114058115255,0.049380786647565844,0.0072298653737968115,0.03316315473313294,0.01766827874658007
1815,0.9075499999999556,1.0415264172787274e-08,1523.7304335934668,0.6755753974238999,0.9457029953847531,0.8371089861542593,0.7420892280775774,0.049379064171806236,0.007229830060797894,0.03316263464229283,0.01766781127664374
1816,0.9080499999999555,1.0414341818204718e-08,1523.701145890267,0.6756732306022046,0.9457193691384442,0.8371581074153328,0.7421670034076103,0.049377342150737816,0.00722979475500286,0.03316211466878059,0.017667343922235422
1817,0.9085499999999554,1.0413420955615454e-08,1523.6718766752308,0.6757710047933347,0.945735733019805,0.8372071990594149,0.7422447318440737,0.04937562058190816,0.007229759456362911,0.03316159481187031,0.017666876682695544
1818,0.9090499999999554,1.0412501590638748e-08,1523.6426259150908,0.6758687200506226,0.945752087037761,0.8372562611132832,0.7423224134293652,0.04937389946837717,0.007229724164942269,0.0331610750725006,0.01766640955886059
1819,0.9095499999999553,1.0411583716891843e-08,1523.613393603877,0.6759663764273359,0.9457684312012278,0.8373052936036832,0.7424000482058319,0.049372178808791196,0.007229688880714665,0.03316055545027736,0.017665942550369212
1820,0.9100499999999553,1.0410667333994496e-08,1523.5841797220105,0.6760639739766786,0.9457847655191094,0.8373542965573281,0.7424776362157696,0.049370458603999134,0.007229653603698991,0.033160035945471567,0.017665475657457835
1821,0.9105499999999552,1.0409752438567484e-08,1523.5549842567455,0.6761615127517903,0.9458010900002995,0.8374032700008988,0.7425551775014232,0.04936873885374571,0.0072296183338915,0.0331595165580208,0.017665008880063202
1822,0.9110499999999552,1.0408839030232623e-08,1523.5258071885546,0.6762589928057465,0.9458174046536814,0.8374522139610442,0.7426326721049867,0.04936701955887434,0.007229583071310974,0.033158997288194436,0.017664542218420273
1823,0.9115499999999551,1.0407927105613289e-08,1523.4966485047364,0.6763564141915592,0.9458337094881271,0.8375011284643812,0.7427101200686036,0.04936530071912521,0.007229547815953573,0.03315847813592866,0.017664075672464558
1824,0.9120499999999551,1.040701666433336e-08,1523.4675081858143,0.6764537769621763,0.9458500045124981,0.8375500135374944,0.7427875214343661,0.04936358233533627,0.007229512567837974,0.03315795910149126,0.017663609242429542
1825,0.912549999999955,1.040610770002024e-08,1523.4383862259194,0.6765510811704822,0.9458662897356456,0.8375988692069366,0.7428648762443164,0.04936186440614424,0.0072294773269377015,0.03315744018448511,0.017663142927951223
1826,0.913049999999955,1.0405200218297217e-08,1523.409282592045,0.6766483268692975,0.9458825651664096,0.8376476954992288,0.7429421845404457,0.049360146934580046,0.00722944209331642,0.03315692138584042,0.01766267672985835
1827,0.9135499999999549,1.0404294209795984e-08,1523.380197285152,0.6767455141113794,0.9458988308136199,0.8376964924408599,0.743019446364695,0.04935842991817737,0.007229406866925025,0.033156402704826886,0.017662210647487506
1828,0.9140499999999548,1.0403389677143053e-08,1523.351130279076,0.6768426429494218,0.9459150866860957,0.837745260058287,0.7430966617589545,0.049356713358862374,0.0072293716478045245,0.033155884142041056,0.017661744681367587
1829,0.9145499999999548,1.0402486616969522e-08,1523.3220815612476,0.6769397134360549,0.9459313327926452,0.8377939983779354,0.7431738307650646,0.04935499725636177,0.007229336435950804,0.033155365697415076,0.017661278831430458
1830,0.9150499999999547,1.040158502890538e-08,1523.2930511123416,0.6770367256238462,0.9459475691420663,0.8378427074261989,0.743250953424815,0.049353281611497414,0.007229301231382223,0.033154847371211965,0.017660813097905275
1831,0.9155499999999547,1.0400684906587288e-08,1523.2640389265998,0.6771336795652999,0.9459637957431464,0.8378913872294392,0.7433280297799455,0.04935156642289533,0.007229266034072078,0.033154329163031314,0.017660347480425102
1832,0.9160499999999546,1.0399786252644774e-08,1523.2350449779726,0.6772305753128569,0.9459800126046622,0.8379400378139866,0.7434050598721456,0.04934985169246923,0.007229230844061136,0.03315381107346603,0.0176598819795155
1833,0.9165499999999546,1.0398889063714017e-08,1523.206069253977,0.6773274129188954,0.94599621973538,0.8379886592061399,0.7434820437430549,0.049348137419937016,0.0072291956613451044,0.03315329310244562,0.017659416595105948
1834,0.9170499999999545,1.0397993336432853e-08,1523.1771117421454,0.6774241924357308,0.9460124171440554,0.838037251432166,0.743558981434263,0.0493464236050151,0.007229160485919657,0.033152775249899125,0.01765895132712551
1835,0.9175499999999545,1.039709906744076e-08,1523.1481724300286,0.6775209139156158,0.9460286048394336,0.8380858145183008,0.7436358729873096,0.04934471024741831,0.007229125317780436,0.033152257515755075,0.017658486175502818
1836,0.9180499999999544,1.0396206259370252e-08,1523.1192512916896,0.6776175774107401,0.9460447828302494,0.8381343484907481,0.7437127184436846,0.049342997349048144,0.007229090156967969,0.03315173990060282,0.01765802114076017
1837,0.9185499999999543,1.0395314908862555e-08,1523.090348314731,0.6777141829732313,0.9460609511252269,0.8381828533756809,0.7437895178448282,0.0493412849096138,0.007229055003477785,0.03315122240436924,0.01765755622282468
1838,0.9190499999999543,1.0394425012560541e-08,1523.0614634867718,0.6778107306551542,0.9460771097330801,0.8382313291992405,0.7438662712321309,0.04933957292882303,0.007229019857305382,0.03315070502698076,0.017657091421623066
1839,0.9195499999999542,1.0393536570103633e-08,1523.0325967887065,0.6779072205085113,0.9460932586625124,0.838279775987537,0.7439429786469337,0.04933786140747481,0.007228984718468664,0.03315018776869361,0.017656626737378313
1840,0.9200499999999542,1.0392649578137195e-08,1523.0037482081964,0.678003652585243,0.9461093979222164,0.8383281937666491,0.7440196401305279,0.0493361503452726,0.007228949586963044,0.03314967062943293,0.017656162170015987
1841,0.9205499999999541,1.0391764033308238e-08,1522.9749177329186,0.6781000269372273,0.9461255275208749,0.8383765825626245,0.7440962557241556,0.04933443974191843,0.007228914462783899,0.03314915360912342,0.017655697719461245
1842,0.9210499999999541,1.0390879938253692e-08,1522.9461053371053,0.6781963436162802,0.9461416474671599,0.8384249424014796,0.7441728254690093,0.04933272959929561,0.007228879345971406,0.03314863670834906,0.017655233386231504
1843,0.921549999999954,1.0389997286628382e-08,1522.9173110152144,0.6782926026741557,0.9461577577697331,0.8384732733091994,0.7442493494062326,0.04933101991600969,0.007228844236498428,0.03314811992670318,0.017654769169954215
1844,0.922049999999954,1.0389116078077054e-08,1522.8885347482574,0.678388804162546,0.9461738584372462,0.8385215753117385,0.7443258275769193,0.04932931069284748,0.007228809134382627,0.03314760326443836,0.01765430507084909
1845,0.9225499999999539,1.0388236312245062e-08,1522.859776517276,0.6784849481330812,0.9461899494783399,0.8385698484350198,0.7444022600221147,0.04932760193059267,0.007228774039641599,0.03314708672180629,0.01765384108913499
1846,0.9230499999999539,1.0387357985785216e-08,1522.831036310057,0.67858103463733,0.9462060309016451,0.8386180927049355,0.7444786467828146,0.049325893628936135,0.007228738952270501,0.03314657029872833,0.01765337722473407
1847,0.9235499999999538,1.0386481098344835e-08,1522.802314107692,0.6786770637267993,0.9462221027157823,0.8386663081473469,0.744554987899966,0.04932418578865645,0.007228703872286829,0.03314605399545463,0.01765291347786381
1848,0.9240499999999537,1.038560564358655e-08,1522.7736099047195,0.6787730354529344,0.9462381649293614,0.8387144947880841,0.7446312834144667,0.049322478408351654,0.007228668799663289,0.033145537811576184,0.01765244984814961
1849,0.9245499999999537,1.0384731624152766e-08,1522.7449236755613,0.6788689498671194,0.9462542175509823,0.8387626526529469,0.7447075333671661,0.04932077148988494,0.007228633734439661,0.033145021747671054,0.01765198633610348
1850,0.9250499999999536,1.0383859036701205e-08,1522.716255408089,0.678964807020677,0.9462702605892346,0.8388107817677039,0.7447837377988645,0.04931906503293892,0.007228598676610929,0.03314450580365812,0.017651522941645327
1851,0.9255499999999536,1.0382987880883076e-08,1522.6876050834892,0.6790606069648683,0.9462862940526976,0.8388588821580928,0.7448598967503136,0.049317359038282264,0.0072285636261943936,0.0331439899797846,0.017651059664989966
1852,0.9260499999999535,1.0382118150366906e-08,1522.6589726963703,0.6791563497508935,0.9463023179499402,0.8389069538498208,0.7449360102622165,0.04931565350450655,0.007228528583162625,0.03314347427563947,0.017650596505761014
1853,0.9265499999999535,1.0381249847797964e-08,1522.6303582212647,0.6792520354298917,0.9463183322895216,0.8389549968685648,0.7450120783752276,0.04931394843346329,0.007228493547555171,0.03314295869179739,0.017650133464467362
1854,0.9270499999999534,1.0380382969838842e-08,1522.6017616461256,0.6793476640529411,0.9463343370799902,0.8390030112399703,0.7450881011299532,0.04931224382482702,0.007228458519366856,0.03314244322817478,0.017649670541026712
1855,0.9275499999999534,1.0379517513153726e-08,1522.573182958922,0.6794432356710589,0.9463503323298843,0.8390509969896529,0.7451640785669505,0.04931053967827088,0.007228423498592471,0.033141927884687644,0.017649207735356397
1856,0.9280499999999533,1.0378653477399007e-08,1522.5446221409557,0.6795387503352015,0.9463663180477324,0.8390989541431974,0.7452400107267292,0.04930883599455191,0.00722838848524908,0.033141412661579724,0.01764874504766808
1857,0.9285499999999532,1.0377790862231663e-08,1522.5160791735568,0.6796342080962645,0.9463822942420527,0.8391468827261579,0.74531589764975,0.049307132774423994,0.007228353479353689,0.03314089755909389,0.017648282478172617
1858,0.9290499999999532,1.0376929661328982e-08,1522.4875540514367,0.6797296090050832,0.9463982609213528,0.8391947827640583,0.7453917393764259,0.04930543001646935,0.00722831848087867,0.033140382576816195,0.01764782002649105
1859,0.9295499999999531,1.0376069877340484e-08,1522.4590467492908,0.6798249531124317,0.9464142180941308,0.8392426542823924,0.7454675359471215,0.04930372772252226,0.007228283489863235,0.03313986771531625,0.017647357693127638
1860,0.9300499999999531,1.0375211506935995e-08,1522.4305572551955,0.6799202404690247,0.9464301657688744,0.8392904973066232,0.7455432874021535,0.04930202589224527,0.00722824850630196,0.033139352974506854,0.017646895477996836
1861,0.930549999999953,1.0374354546786907e-08,1522.402085557241,0.6800154711255153,0.9464461039540611,0.8393383118621833,0.7456189937817904,0.049300324525299685,0.007228213530189394,0.03313883835430043,0.01764643338101275
1862,0.931049999999953,1.037349899655532e-08,1522.3736316368713,0.6801106451324974,0.9464620326581585,0.8393860979744756,0.7456946551262531,0.04929862362242801,0.007228178561542315,0.03313832385493643,0.017645971402383144
1863,0.9315499999999529,1.0372644852915014e-08,1522.3451954822178,0.6802057625405041,0.9464779518896241,0.8394338556688723,0.7457702714757146,0.04929692318328765,0.007228143600355191,0.03313780947632607,0.017645509542021064
1864,0.9320499999999529,1.0371792118518623e-08,1522.3167770681162,0.6803008234000087,0.9464938616569052,0.8394815849707156,0.7458458428702999,0.04929522320969803,0.007228108646666945,0.033137295219034635,0.017645047800426805
1865,0.9325499999999528,1.0370940784064758e-08,1522.288376396051,0.6803958277614245,0.9465097619684392,0.8395292859053176,0.7459213693500863,0.04929352369914884,0.007228073700427478,0.033136781082317594,0.01764458617692462
1866,0.9330499999999528,1.0370090855196335e-08,1522.2599934342538,0.6804907756751045,0.9465256528326534,0.8395769584979603,0.745996850955104,0.04929182465453608,0.007228038761697851,0.03313626706706592,0.017644124672307224
1867,0.9335499999999527,1.0369242322615314e-08,1522.2316281842363,0.6805856671913425,0.9465415342579653,0.8396246027738957,0.7460722877253351,0.04929012607334734,0.007228003830427913,0.03313575317253441,0.017643663285898288
1868,0.9340499999999526,1.03683951919655e-08,1522.2032806142881,0.6806805023603721,0.946557406252782,0.8396722187583457,0.7461476797007143,0.04928842795847217,0.007227968906678607,0.03313523939961217,0.017643202018488808
1869,0.9345499999999526,1.0367549456939604e-08,1522.17495071931,0.6807752812323675,0.9465732688255009,0.8397198064765025,0.746223026921129,0.049286730308475586,0.007227933990421936,0.03313472574787994,0.017642740869695105
1870,0.9350499999999525,1.0366705117207226e-08,1522.146638480932,0.6808700038574432,0.9465891219845093,0.8397673659535279,0.7462983294264193,0.04928503312408129,0.007227899081674303,0.03313421221757159,0.017642279839719877
1871,0.9355499999999525,1.0365862172438521e-08,1522.1183438808137,0.6809646702856543,0.9466049657381848,0.8398148972145544,0.7463735872563779,0.04928333640600997,0.007227864180452049,0.03313369880892009,0.017641818928764996
1872,0.9360499999999524,1.0365020616330824e-08,1522.0900669138982,0.6810592805669966,0.9466208000948948,0.8398624002846844,0.7464488004507505,0.049281640152822964,0.0072278292867270985,0.033133185521505015,0.017641358136445778
1873,0.9365499999999524,1.0364180448556866e-08,1522.0618075618806,0.6811538347514065,0.9466366250629968,0.8399098751889906,0.7465239690492352,0.04927994436523769,0.007227794400515726,0.033132672355558355,0.017640897462963205
1874,0.9370499999999523,1.0363341671776145e-08,1522.0335657998628,0.6812483328887612,0.9466524406508386,0.839957321952516,0.7465990930914838,0.04927824904504592,0.007227759521856311,0.033132159311637224,0.01764043690881014
1875,0.9375499999999523,1.0362504279689861e-08,1522.0053416228423,0.6813427750288789,0.946668246866758,0.8400047406002739,0.7466741726171003,0.049276554190804026,0.007227724650720677,0.033131646389319695,0.017639976473600535
1876,0.9380499999999522,1.0361668271973138e-08,1521.9771350125877,0.6814371612215187,0.9466840437190825,0.8400521311572478,0.7467492076656425,0.04927485980322191,0.007227689787124946,0.03313113358883551,0.017639516157533352
1877,0.9385499999999521,1.0360833645316174e-08,1521.9489459575075,0.6815314915163807,0.9466998312161307,0.8400994936483919,0.7468241982766206,0.04927316588193048,0.007227654931063045,0.033130620910087887,0.017639055960514436
1878,0.9390499999999521,1.036000039939593e-08,1521.920774439416,0.6816257659631062,0.9467156093662102,0.8401468280986306,0.7468991444894987,0.04927147242763507,0.007227620082551007,0.03313010835330522,0.017638595882741526
1879,0.939549999999952,1.0359168530904915e-08,1521.8926204467602,0.6817199846112779,0.9467313781776197,0.8401941345328591,0.7469740463436937,0.04926977943996293,0.0072275852415826835,0.03312959591838961,0.017638135924119464
1880,0.940049999999952,1.0358338042506674e-08,1521.8644839548,0.6818141475104196,0.9467471376586476,0.8402414129759428,0.7470489038785761,0.049268086920689576,0.007227550408196135,0.033129083605893415,0.017637676085136757
1881,0.9405499999999519,1.0357508927910758e-08,1521.8363649586283,0.6819082547099965,0.9467628878175726,0.8402886634527178,0.7471237171334699,0.04926639486836307,0.007227515582363004,0.033128571415392084,0.01763721636540505
1882,0.9410499999999519,1.0356681186797768e-08,1521.808263440151,0.6820023062594155,0.9467786286626636,0.8403358859879909,0.7471984861476524,0.04926470328367976,0.007227480764099142,0.033128059347111355,0.01763675676511966
1883,0.9415499999999518,1.0355854815864793e-08,1521.7801793878918,0.6820963022080249,0.9467943602021799,0.8403830806065397,0.7472732109603545,0.049263012166259654,0.007227445953398252,0.03312754740095111,0.017636297284183457
1884,0.9420499999999518,1.0355029817778047e-08,1521.7521127772143,0.6821902426051147,0.9468100824443707,0.840430247333112,0.7473478916107607,0.0492613215178676,0.007227411150298187,0.033127035577460585,0.017635837923082084
1885,0.9425499999999517,1.035420618625261e-08,1521.7240636032745,0.682284127499917,0.9468257953974756,0.8404773861924268,0.7474225281380092,0.049259631337046236,0.00722737635477047,0.03312652387621354,0.017635378681425694
1886,0.9430499999999516,1.0353383920972675e-08,1521.696031848069,0.6823779569416051,0.9468414990697247,0.840524497209174,0.7474971205811923,0.04925794162448297,0.007227341566830775,0.03312601229743302,0.01763491955940718
1887,0.9435499999999516,1.035256301863989e-08,1521.6680175001977,0.6824717309792946,0.9468571934693379,0.8405715804080139,0.7475716689793556,0.04925625237979078,0.00722730678647266,0.03312550084101679,0.01763446055692751
1888,0.9440499999999515,1.0351743481923098e-08,1521.6400205351274,0.6825654496620432,0.9468728786045261,0.8406186358135781,0.7476461733714989,0.04925456360472395,0.0072272720137337675,0.03312498950751098,0.01763400167446948
1889,0.9445499999999515,1.0350925304542865e-08,1521.612040948077,0.6826591130388506,0.9468885544834896,0.8406656634504689,0.7477206337965758,0.04925287529781976,0.007227237248585506,0.03312447829648765,0.017633542911641764
1890,0.9450499999999514,1.035010848618696e-08,1521.584078721132,0.6827527211586587,0.9469042211144199,0.8407126633432596,0.7477950502934944,0.049251187459756915,0.007227202491043378,0.03312396720816727,0.01763308426863491
1891,0.9455499999999514,1.0349293026543688e-08,1521.5561338364043,0.6828462740703515,0.9469198785054981,0.8407596355164944,0.7478694229011162,0.04924950009121128,0.007227167741122828,0.033123456242769474,0.01763262574563871
1892,0.9460499999999513,1.034847892231996e-08,1521.5282062825947,0.6829397718227554,0.9469355266648963,0.8408065799946889,0.7479437516582574,0.0492478131917864,0.007227132998817215,0.03312294540018917,0.017632167342551547
1893,0.9465499999999513,1.034766617320586e-08,1521.5002960418587,0.6830332144646396,0.9469511656007765,0.8408534968023295,0.7480180366036884,0.049246126762153855,0.0072270982641419014,0.0331224346806447,0.017631709059562062
1894,0.9470499999999512,1.0346854775910542e-08,1521.4724031029348,0.6831266020447154,0.9469667953212912,0.8409003859638738,0.7480922777761336,0.0492444408019137,0.007227063537090177,0.03312192408402994,0.017631250896567703
1895,0.9475499999999512,1.034604473012584e-08,1521.4445274480236,0.683219934611637,0.9469824158345835,0.8409472475037507,0.748166475214272,0.049242755311733236,0.007227028817677314,0.03312141361056195,0.017630792853755933
1896,0.9480499999999511,1.0345236032563141e-08,1521.4166690659001,0.683313212214001,0.9469980271487868,0.8409940814463602,0.7482406289567372,0.04924107029120913,0.007226994105896531,0.03312090326013356,0.017630334931023284
1897,0.948549999999951,1.0344428679935291e-08,1521.3888279453533,0.6834064349003469,0.9470136292720246,0.8410408878160737,0.7483147390421168,0.049239385739937004,0.0072269594017410265,0.033120393032637266,0.017629877128265983
1898,0.949049999999951,1.0343622674917626e-08,1521.3610040621033,0.6834996027191573,0.9470292222124113,0.8410876666372338,0.7483888055089535,0.049237701659645354,0.00722692470524794,0.03311988292861157,0.017629419445959908
1899,0.9495499999999509,1.0342818014224507e-08,1521.3331974049868,0.6835927157188575,0.9470448059780514,0.8411344179341543,0.7484628283957444,0.04923601804992513,0.007226890016410372,0.0331193729479476,0.017628961884000035
1900,0.9500499999999509,1.0342014694571749e-08,1521.3054079628525,0.6836857739478158,0.9470603805770402,0.8411811417311208,0.7485368077409414,0.04923433491036627,0.007226855335221404,0.03311886309053612,0.017628504442281052
1901,0.9505499999999508,1.0341212715656436e-08,1521.2776357180328,0.6837787774543438,0.9470759460174634,0.8412278380523901,0.7486107435829511,0.049232652241623355,0.007226820661696055,0.0331183533565904,0.01762804712098699
1902,0.9510499999999508,1.034041207419658e-08,1521.249880659413,0.683871726286696,0.9470915023073968,0.8412745069221904,0.7486846359601349,0.04923097004328298,0.007226785995827334,0.0331178437460002,0.01762758992001163
1903,0.9515499999999507,1.0339612769890996e-08,1521.22214276937,0.6839646204930706,0.9471070494549072,0.8413211483647216,0.7487584849108092,0.04922928831599553,0.0072267513376301756,0.03311733425897754,0.01762713283953787
1904,0.9520499999999507,1.0338814802439026e-08,1521.1944220303048,0.6840574601216087,0.9471225874680517,0.841367762404155,0.7488322904732454,0.049227607060408705,0.007226716687119458,0.03311682489573365,0.01762667587974789
1905,0.9525499999999506,1.0338018168561622e-08,1521.1667184311643,0.6841502452203954,0.9471381163548779,0.8414143490646336,0.74890605268567,0.049225926276103456,0.007226682044288079,0.033116315656156595,0.017626219040533932
1906,0.9530499999999505,1.0337222864981167e-08,1521.1390319609068,0.6842429758374587,0.9471536361234241,0.8414609083702721,0.7489797715862643,0.04922424596265985,0.007226647409128915,0.033115806540134136,0.017625762321788006
1907,0.9535499999999505,1.0336428891399926e-08,1521.1113626019949,0.6843356520207708,0.9471691467817189,0.8415074403451568,0.7490534472131651,0.04922256612071999,0.00722661278165673,0.033115297547875816,0.01762530572369076
1908,0.9540499999999504,1.0335636247520673e-08,1521.0837103369163,0.6844282738182472,0.9471846483377819,0.8415539450133458,0.7491270796044643,0.049220886750923336,0.007226578161886239,0.0331147886795904,0.017624849246422148
1909,0.9545499999999504,1.033484493006871e-08,1521.05607515469,0.6845208412777473,0.947200140799623,0.8416004223988689,0.7492006687982091,0.04921920785284437,0.0072265435498102045,0.03311427993516398,0.017624392889872654
1910,0.9550499999999503,1.0334054938748517e-08,1521.0284570378471,0.6846133544470744,0.9472156241752425,0.8416468725257277,0.7492742148324022,0.049217529427118455,0.007226508945443257,0.033113771314804086,0.017623936654221115
1911,0.9555499999999503,1.0333266270287564e-08,1521.000855975443,0.6847058133739756,0.9472310984726319,0.8416932954178956,0.7493477177450015,0.049215851473316884,0.007226474348778093,0.03311326281839584,0.017623480539357146
1912,0.9560499999999502,1.0332478921414728e-08,1520.9732719565445,0.6847982181061423,0.9472465636997728,0.8417396910993182,0.7494211775739207,0.04921417399101004,0.007226439759807385,0.03311275444582403,0.017623024545170098
1913,0.9565499999999502,1.0331692894814457e-08,1520.9457049572513,0.6848905686912098,0.9472620198646376,0.8417860595939128,0.7494945943570287,0.04921249698188832,0.007226405178567524,0.03311224619761598,0.01762256867212561
1914,0.9570499999999501,1.0330908187217099e-08,1520.918154966677,0.6849828651767577,0.9472774669751896,0.8418324009255687,0.7495679681321504,0.04921082044551768,0.007226370605051094,0.03311173807365516,0.01762211292011185
1915,0.95754999999995,1.0330124795354409e-08,1520.8906219739486,0.6850751076103095,0.9472929050393823,0.8418787151181469,0.7496412989370661,0.04920914438146304,0.007226336039250657,0.033111230073824736,0.01762165728901668
1916,0.95804999999995,1.0329342718935954e-08,1520.8631059617237,0.6851672960393338,0.9473083340651605,0.8419250021954813,0.7497145868095122,0.0492074687903477,0.007226301481180603,0.03311072219832866,0.01762120177901568
1917,0.9585499999999499,1.0328561954695623e-08,1520.8356069191645,0.6852594305112429,0.947323754060459,0.8419712621813771,0.7497878317871806,0.0492057936717335,0.007226266930833429,0.03311021444704911,0.017620746389995876
1918,0.9590499999999499,1.0327782502344658e-08,1520.8081248289723,0.685351511073394,0.947339165033204,0.842017495099612,0.7498610339077191,0.04920411902623971,0.007226232388223443,0.03310970682018885,0.017620291122131763
1919,0.9595499999999498,1.0327004361594805e-08,1520.780659673873,0.6854435377730889,0.9473545669913119,0.8420637009739358,0.7499341932087317,0.049202444854483066,0.0072261978533649015,0.033109199317949846,0.017619835975597152
1920,0.9600499999999498,1.0326227529182799e-08,1520.7532114430878,0.6855355106575738,0.9473699599426901,0.8421098798280704,0.7500073097277783,0.04920077115602009,0.007226163326250196,0.03310869194021271,0.01761938095027762
1921,0.9605499999999497,1.0325452004822046e-08,1520.7257801193844,0.6856274297740399,0.9473853438952368,0.8421560316857104,0.7500803835023748,0.04919909793146356,0.007226128806893502,0.03310818468717823,0.01761892604634591
1922,0.9610499999999497,1.0324677782276356e-08,1520.698365698479,0.6857192951696234,0.9474007188568407,0.8422021565705221,0.7501534145699934,0.049197425179310264,0.007226094295265342,0.03310767755840573,0.017618471263399476
1923,0.9615499999999496,1.0323904864236295e-08,1520.6709681567138,0.6858111068914049,0.9474160848353815,0.8422482545061446,0.7502264029680624,0.04919575290122662,0.007226059791401635,0.03310717055441544,0.01761801660189752
1924,0.9620499999999496,1.0323133250417426e-08,1520.6435874769265,0.6859028649864104,0.9474314418387297,0.8422943255161892,0.7502993487339664,0.0491940810978189,0.007226025295316428,0.03310666367540622,0.017617562062011025
1925,0.9625499999999495,1.0322362934587042e-08,1520.616223654879,0.685994569501611,0.9474467898747466,0.8423403696242397,0.7503722519050464,0.04919240976757996,0.007225990806980159,0.033106156920936144,0.017617107643336363
1926,0.9630499999999494,1.0321593919437182e-08,1520.5888766669923,0.6860862204839228,0.9474621289512841,0.8423863868538524,0.7504451125185997,0.04919073891216852,0.007225956326428594,0.033105650291523195,0.017616653346330665
1927,0.9635499999999494,1.0320826198737679e-08,1520.5615465090577,0.6861778179802072,0.9474774590761853,0.8424323772285558,0.7505179306118801,0.04918906853007528,0.007225921853632124,0.03310514378672477,0.017616199170589715
1928,0.9640499999999493,1.032005977518177e-08,1520.5342331575434,0.6862693620372707,0.9474927802572838,0.8424783407718514,0.7505907062220981,0.049187398622954265,0.007225887388626421,0.033104637407057436,0.017615745116569367
1929,0.9645499999999493,1.0319294645515308e-08,1520.5069366018313,0.6863608527018658,0.9475080925024043,0.8425242775072128,0.7506634393864204,0.04918572919034777,0.007225852931403577,0.03310413115239747,0.017615291184151335
1930,0.9650499999999492,1.0318530809458791e-08,1520.479656824881,0.6864522900206897,0.9475233958193623,0.8425701874580868,0.7507361301419708,0.04918406023285061,0.007225818481977411,0.033103625022940286,0.01761483737350349
1931,0.9655499999999492,1.0317768260787085e-08,1520.4523938225404,0.6865436740403859,0.9475386902159642,0.8426160706478923,0.7508087785258297,0.04918239174894921,0.007225784040318217,0.03310311901824193,0.017614383684220414
1932,0.9660499999999491,1.0317007002195815e-08,1520.4251475713731,0.6866350048075428,0.9475539757000071,0.8426619271000214,0.7508813845750341,0.049180723740288326,0.007225749606461485,0.03310261313881623,0.01761393011675549
1933,0.9665499999999491,1.0316247033407594e-08,1520.3979180544045,0.6867262823686953,0.9475692522792796,0.8427077568378386,0.7509539483265778,0.04917905620745645,0.007225715180420904,0.03310210738485674,0.017613476671274893
1934,0.967049999999949,1.0315488348200718e-08,1520.3707052675295,0.6868175067703234,0.9475845199615603,0.8427535598846811,0.751026469817412,0.04917738914893628,0.007225680762166689,0.033101601755918336,0.017613023347372168
1935,0.967549999999949,1.0314730946300067e-08,1520.3435091938047,0.6869086780588535,0.9475997787546198,0.8427993362638594,0.7510989490844442,0.04917572256531381,0.007225646351712477,0.03310109625219377,0.017612570145212815
1936,0.9680499999999489,1.0313974827431009e-08,1520.3163298163129,0.6869997962806577,0.9476150286662188,0.8428450859986565,0.7511713861645395,0.04917405645717256,0.007225611949071855,0.03310059087387509,0.01761211706496165
1937,0.9685499999999488,1.0313219991319386e-08,1520.2891671181612,0.6870908614820539,0.9476302697041095,0.8428908091123283,0.7512437810945198,0.04917239082509354,0.007225577554258362,0.033100085621153595,0.017611664106782828
1938,0.9690499999999488,1.0312466431748467e-08,1520.2620210952985,0.6871818737093067,0.9476455018760346,0.8429365056281037,0.7513161339111644,0.0491707256675554,0.00722554316724212,0.03309958049358285,0.01761121127026876
1939,0.9695499999999487,1.0311714154388975e-08,1520.2348917180539,0.6872728330086265,0.9476607251897282,0.8429821755691848,0.7513884446512094,0.04916906098723574,0.00722550878807997,0.03309907549199018,0.017610758556153776
1940,0.9700499999999487,1.0310963150054906e-08,1520.207778988814,0.68736373942617,0.9476759396529154,0.8430278189587463,0.7514607133513486,0.049167396781560874,0.007225474416720295,0.033098570615609876,0.017610305963744095
1941,0.9705499999999486,1.031021341847596e-08,1520.1806828907577,0.6874545930080403,0.9476911452733121,0.8430734358199364,0.7515329400482329,0.04916573305110572,0.0072254400531765114,0.03309806586463138,0.017609853493202206
1942,0.9710499999999486,1.0309464962352965e-08,1520.1536034006936,0.6875453938002869,0.9477063420586254,0.8431190261758762,0.7516051247784707,0.04916406979749095,0.007225405697483633,0.03309756123956146,0.017609401144975022
1943,0.9715499999999485,1.0308717778445472e-08,1520.1265405082506,0.6876361418489058,0.9477215300165532,0.8431645900496597,0.751677267578628,0.0491624070202375,0.007225371349633308,0.03309705674026982,0.0176089489189384
1944,0.9720499999999485,1.030797186351436e-08,1520.0994942030716,0.6877268371998395,0.9477367091547848,0.8432101274643545,0.7517493684852281,0.0491607447188655,0.007225337009617164,0.03309655236662594,0.01760849681496797
1945,0.9725499999999484,1.0307227217291859e-08,1520.0724644684235,0.6878174798989775,0.9477518794810004,0.8432556384430012,0.751821427534752,0.04915908289394134,0.007225302677448443,0.03309604811881672,0.017608044833223927
1946,0.9730499999999483,1.0306483839510666e-08,1520.0454512876001,0.6879080699921556,0.9477670410028712,0.8433011230086136,0.7518934447636383,0.04915742154602895,0.007225268353140339,0.03309554399702836,0.0176075929738658
1947,0.9735499999999483,1.0305741723964763e-08,1520.0184546566759,0.6879986075251566,0.9477821937280596,0.8433465811841789,0.7519654202082835,0.049155760673597566,0.007225234036662765,0.033095040000811406,0.017607141236483378
1948,0.9740499999999482,1.0305000873358439e-08,1519.9914745525987,0.6880890925437102,0.9477973376642193,0.8433920129926578,0.7520373539050416,0.04915410027825454,0.007225199728050475,0.033094536130668664,0.017606689621519993
1949,0.9745499999999482,1.0304261284457271e-08,1519.9645109650983,0.6881795250934931,0.9478124728189946,0.843437418456984,0.7521092458902247,0.049152440359512495,0.007225165427294939,0.033094032386467305,0.017606238128849226
1950,0.9750499999999481,1.03035229569971e-08,1519.9375638775462,0.6882699052201291,0.9478275992000216,0.8434827976000647,0.7521810962001025,0.04915078091792826,0.007225131134409208,0.03309352876839138,0.017605786758628672
1951,0.9755499999999481,1.0302785887745494e-08,1519.9106332797053,0.6883602329691887,0.9478427168149269,0.8435281504447809,0.7522529048709031,0.04914912195301175,0.007225096849384696,0.033093025276307225,0.01760533551073118
1952,0.976049999999948,1.0302050073471331e-08,1519.883719161349,0.6884505083861903,0.9478578256713289,0.8435734770139867,0.7523246719388123,0.04914746346427218,0.007225062572212799,0.03309252191008092,0.017604884385029388
1953,0.976549999999948,1.0301315519849733e-08,1519.8568214931865,0.6885407315165988,0.9478729257768366,0.8436187773305097,0.7523963974399739,0.04914580545434898,0.007225028302949616,0.03309201867052865,0.017604433382247396
1954,0.9770499999999479,1.0300582217714093e-08,1519.8299402777548,0.688630902405827,0.9478880171390506,0.8436640514171516,0.75246808141049,0.04914414792065973,0.00722499404154331,0.033091515556881654,0.017603982501688896
1955,0.9775499999999478,1.0299850169772339e-08,1519.8030754921663,0.688721021099235,0.9479030997655623,0.843709299296687,0.7525397238864212,0.04914249086479588,0.007224959788028324,0.033091012569638055,0.01760353174379293
1956,0.9780499999999478,1.0299119369828996e-08,1519.7762271326199,0.6888110876421305,0.9479181736639549,0.8437545209918647,0.7526113249037857,0.04914083428521765,0.007224925542374366,0.033090509708345525,0.01760308110814679
1957,0.9785499999999477,1.029838982356059e-08,1519.7493951699282,0.6889011020797683,0.9479332388418023,0.8437997165254066,0.7526828844985606,0.04913917818455417,0.007224891304637334,0.03309000697381721,0.017602630595471812
1958,0.9790499999999477,1.029766152477339e-08,1519.7225796003247,0.6889910644573515,0.9479482953066697,0.8438448859200091,0.752754402706681,0.04913752256126264,0.007224857074786877,0.03308950436559987,0.01760218020535445
1959,0.9795499999999476,1.029693447024286e-08,1519.6957804137014,0.6890809748200304,0.9479633430661139,0.8438900291983416,0.7528258795640409,0.049135867414842375,0.007224822852814184,0.033089001883556526,0.01760172993766464
1960,0.9800499999999476,1.0296208662679406e-08,1519.6689975872907,0.6891708332129034,0.9479783821276826,0.8439351463830477,0.7528973151064923,0.049134212746873476,0.0072247886387534705,0.03308849952818197,0.01760127979283838
1961,0.9805499999999475,1.0295484098859815e-08,1519.6422311110264,0.6892606396810167,0.9479934124989149,0.8439802374967448,0.752968709369846,0.04913255855685142,0.007224754432595847,0.0330879972993381,0.01760082977074455
1962,0.9810499999999475,1.0294760778528567e-08,1519.6154809685247,0.6893503942693645,0.9480084341873414,0.844025302562024,0.7530400623898714,0.04913090484531092,0.007224720234353917,0.033087495197202325,0.017600379871534778
1963,0.9815499999999474,1.0294038695498177e-08,1519.5887471560773,0.689440097022889,0.9480234472004835,0.8440703416014504,0.7531113742022967,0.0491292516107054,0.00722468604399724,0.033086993221320145,0.01759993009479444
1964,0.9820499999999474,1.029331785248128e-08,1519.5620296510074,0.6895297479864805,0.9480384515458544,0.8441153546375634,0.7531826448428087,0.049127598854606484,0.007224651861559862,0.0330864913721838,0.017599480440957247
1965,0.9825499999999473,1.0292598249224323e-08,1519.5353284369924,0.6896193472049773,0.9480534472309585,0.8441603416928756,0.753253874347053,0.0491259465775432,0.007224617687054269,0.03308598964996901,0.017599030910173275
1966,0.9830499999999472,1.029187987954304e-08,1519.508643510368,0.6897088947231663,0.9480684342632915,0.8442053027898743,0.7533250627506343,0.04912429477796577,0.007224583520449952,0.033085488054220256,0.01759858150202702
1967,0.9835499999999472,1.0291162746151397e-08,1519.4819748485284,0.6897983905857826,0.9480834126503401,0.8442502379510205,0.7533962100891158,0.04912264345743889,0.007224549361780821,0.03308498658542774,0.01759813221695034
1968,0.9840499999999471,1.0290446845832638e-08,1519.4553224415235,0.6898878348375095,0.9480983823995832,0.8442951471987495,0.7534673163980201,0.04912099261544856,0.007224515211037785,0.03308448524345044,0.01759768305480951
1969,0.9845499999999471,1.0289732175371272e-08,1519.428686279415,0.6899772275229791,0.9481133435184902,0.8443400305554706,0.7535383817128286,0.049119342251480076,0.007224481068211745,0.03308398402814712,0.017597234015470642
1970,0.985049999999947,1.0289018734517833e-08,1519.402066345971,0.6900665686867717,0.9481282960145224,0.8443848880435674,0.7536094060689817,0.04911769236605473,0.007224446933315025,0.033083482939691135,0.0175967850990817
1971,0.985549999999947,1.0288306525987854e-08,1519.375462618686,0.6901558583734168,0.9481432398951325,0.8444297196853975,0.7536803895018793,0.049116042960727704,0.007224412806381349,0.03308298197856992,0.017596336306071984
1972,0.9860499999999469,1.0287595540639087e-08,1519.3488751002749,0.6902450966273918,0.9481581751677642,0.8444745255032928,0.7537513320468804,0.04911439403290723,0.007224378687358638,0.03308248114401134,0.017595887635742415
1973,0.9865499999999469,1.0286885781188766e-08,1519.3223037682662,0.6903342834931233,0.9481731018398533,0.8445193055195598,0.753822233739303,0.04911274558414562,0.0072243445762805525,0.03308198043650195,0.017595439088521517
1974,0.9870499999999468,1.0286177247389801e-08,1519.2957486065136,0.690423419014987,0.9481880199188263,0.8445640597564789,0.7538930946144249,0.049111097614956356,0.007224310473159265,0.03308147985621278,0.017594990664555138
1975,0.9875499999999467,1.0285469936031799e-08,1519.2692096051821,0.6905125032373073,0.9482029294121016,0.8446087882363048,0.7539639147074828,0.04910945012481611,0.007224276377985492,0.033080979402999956,0.01759454236370703
1976,0.9880499999999467,1.0284763846869155e-08,1519.2426867481634,0.6906015362043574,0.9482178303270891,0.8446534909812672,0.7540346940536732,0.04910780311423512,0.007224242290771337,0.03308047907703353,0.017594094186122167
1977,0.9885499999999466,1.0284058976693373e-08,1519.216180025653,0.6906905179603596,0.9482327226711899,0.8446981680135697,0.754105432688152,0.049106156582687674,0.007224208211507467,0.033079978878168874,0.017593646131663632
1978,0.9890499999999466,1.0283355322297202e-08,1519.1896894278582,0.6907794485494858,0.9482476064517967,0.8447428193553903,0.7541761306460347,0.04910451052964746,0.007224174140184533,0.03307947880626115,0.01759319820019433
1979,0.9895499999999465,1.028265288640048e-08,1519.1632149324478,0.6908683280158565,0.948262481676294,0.8447874450288819,0.7542467879623964,0.049102864956653364,0.007224140076835929,0.03307897886179293,0.017592750392139162
1980,0.9900499999999465,1.0281951665797227e-08,1519.1367565296682,0.690957156403542,0.9482773483520572,0.8448320450561716,0.7543174046722718,0.04910121986317547,0.007224106021452236,0.03307847904461831,0.017592302707360067
1981,0.9905499999999464,1.0281251660245219e-08,1519.1103142035095,0.6910459337565615,0.9482922064864538,0.8448766194593614,0.7543879808106556,0.04909957524971533,0.00722407197404538,0.03307797935490472,0.017591855145999664
1982,0.9910499999999464,1.0280552863578033e-08,1519.083887950514,0.6911346601188841,0.9483070560868425,0.8449211682605275,0.7544585164125021,0.04909793111470903,0.00722403793458453,0.033077479792192055,0.017591407707638482
1983,0.9915499999999463,1.0279855281479742e-08,1519.0574777421762,0.691223335534428,0.9483218971605737,0.8449656914817212,0.7545290115127252,0.04909628746071865,0.007224003903124276,0.03307698035727387,0.017590960392979912
1984,0.9920499999999463,1.0279158907785583e-08,1519.0310835750722,0.6913119600470613,0.9483367297149893,0.845010189144968,0.7545994661461993,0.049094644286177526,0.007223969879633729,0.033076481049689174,0.01759051320160372
1985,0.9925499999999462,1.0278463739294547e-08,1519.0047054395202,0.6914005337006015,0.9483515537574229,0.8450546612722685,0.7546698803477585,0.04909300159055048,0.007223935864103348,0.0330759818692904,0.017590066133370382
1986,0.9930499999999461,1.0277769778729867e-08,1518.9783433133457,0.691489056538816,0.9483663692951994,0.8450991078855979,0.7547402541521968,0.04909135937536179,0.007223901856566242,0.0330754828165558,0.017589619188700865
1987,0.9935499999999461,1.0277077025853096e-08,1518.9519971806596,0.6915775286054218,0.9483811763356355,0.8451435290069063,0.7548105875942683,0.049089717641102336,0.007223867857034126,0.03307498389164963,0.017589172367734916
1988,0.994049999999946,1.0276385474503978e-08,1518.9256670380848,0.691665949944086,0.9483959748860394,0.8451879246581184,0.7548808807086876,0.04908807638620247,0.007223833865476038,0.033074485094109936,0.017588725670051448
1989,0.994549999999946,1.027569512444611e-08,1518.8993528697588,0.6917543205984255,0.9484107649537113,0.845232294861134,0.754951133530129,0.04908643561115119,0.007223799881903649,0.033073986424100366,0.017588279095789687
1990,0.9950499999999459,1.0275005975443505e-08,1518.8730546598417,0.6918426406120072,0.9484255465459426,0.8452766396378278,0.7550213460932275,0.04908479531643532,0.0072237659063285895,0.03307348788178394,0.01758783264508825
1991,0.9955499999999459,1.0274318027260601e-08,1518.8467723925162,0.6919309100283482,0.9484403196700164,0.8453209590100492,0.755091518432578,0.049083155502539555,0.007223731938762443,0.03307298946732305,0.017587386318085197
1992,0.9960499999999458,1.0273631276701937e-08,1518.8205060582213,0.6920191288909155,0.9484550843332076,0.8453652529996228,0.7551616505827362,0.049081516168918884,0.007223697979195469,0.0330724911805671,0.017586940114638315
1993,0.9965499999999458,1.0272945720573262e-08,1518.794255647405,0.6921072972431268,0.9484698405427827,0.8454095216283481,0.7552317425782179,0.049079877315027776,0.00722366402761791,0.03307199302136531,0.01758649403460524
1994,0.9970499999999457,1.0272261361601381e-08,1518.7680211380748,0.6921954151283496,0.9484845883059999,0.8454537649179997,0.7553017944534997,0.04907823894237366,0.00722363008406254,0.03307149499019096,0.017586048078402406
1995,0.9975499999999456,1.0271578193633549e-08,1518.7418025269408,0.6922834825899019,0.9484993276301091,0.8454979828903273,0.7553718062430183,0.04907660104938127,0.007223596148498269,0.03307099708658025,0.017585602245607148
1996,0.9980499999999456,1.0270896219397595e-08,1518.715599792053,0.6923714996710524,0.9485140585223518,0.8455421755670555,0.7554417779811713,0.04907496363755415,0.007223562220957796,0.03307049931100528,0.017585156536634866
1997,0.9985499999999455,1.027021543570232e-08,1518.689412923928,0.6924594664150199,0.9485287809899615,0.8455863429698844,0.7555117097023171,0.049073326706341146,0.007223528301431244,0.03307000166331358,0.01758471095134165
1998,0.9990499999999455,1.0269535842316854e-08,1518.6632419068812,0.6925473828649742,0.948543495040163,0.845630485120489,0.7555816014407745,0.04907169025621568,0.007223494389929971,0.03306950414366412,0.017584265489862503
1999,0.9995499999999454,1.0268857436051807e-08,1518.6370867314588,0.6926352490640354,0.9485582006801733,0.8456746020405198,0.7556514532308231,0.0490700542866244,0.007223460486444056,0.033069006751903725,0.017583820152052912
2000,1.0000499999999455,1.0268180216677719e-08,1518.6109473820118,0.6927230650552745,0.9485728979172007,0.8457186937516024,0.7557212651067036,0.04906841879803772,0.007223426590984795,0.03306850948819046,0.01758337493804705
2001,1.0100499999999455,1.0254882810942935e-08,1518.0914639288278,0.6944689071333106,0.9488650890599682,0.8465952671799047,0.7571091730348494,0.04903581008458973,0.007222750370757721,0.03305859114138188,0.017574496679015297
2002,1.0200499999999455,1.0242048374262086e-08,1517.5782020961462,0.6961950227394613,0.9491539787011652,0.8474619361034952,0.7584813988305341,0.04900339413384447,0.007222077381654953,0.033048724249481645,0.01756566809105415
2003,1.0300499999999455,1.022966622908874e-08,1517.0710599305305,0.6979017443330151,0.9494396224825129,0.848318867447539,0.7598382067919367,0.04897117123753369,0.007221407642081357,0.03303890902130512,0.01755688930234318
2004,1.0400499999999455,1.0217726089090925e-08,1516.5699375239185,0.6995893969442102,0.9497220748023782,0.8491662244071347,0.7611798553112968,0.04893914157966994,0.0072207411681885604,0.03302914563258127,0.01754816041155001
2005,1.0500499999999455,1.020621803553647e-08,1516.0747369792646,0.7012582983805915,0.9500013888503084,0.8500041665509246,0.762506597038964,0.04890730524114788,0.0072200779739575015,0.033019434227232844,0.017539481489036994
2006,1.0600499999999455,1.0195132499977266e-08,1515.5853623660091,0.7029087594265262,0.9502776166404228,0.8508328499212685,0.7638186790420083,0.04887566220582832,0.007219418071312715,0.03300977491911721,0.01753085257847543
2007,1.0700499999999455,1.0184460256098024e-08,1515.1017196602875,0.7045410840361439,0.950550809043706,0.8516524271311182,0.7651163429576039,0.04884421236900951,0.00721876147028747,0.03300016779450612,0.01752227369911484
2008,1.0800499999999456,1.0174192403037702e-08,1514.6237167052939,0.7061555695199497,0.9508210158192386,0.8524630474577154,0.7663998251413827,0.04881295554239028,0.007218108179116892,0.03299061291350521,0.017513744847099843
2009,1.0900499999999456,1.0164320346095745e-08,1514.151263179045,0.7077525067253521,0.9510882856444104,0.8532648569332312,0.7676693568109493,0.04878189145763559,0.007217458204302627,0.03298111031105372,0.017505265996408587
2010,1.1000499999999456,1.0154835789466897e-08,1513.684270540999,0.709332180211337,0.9513526661441568,0.8540579984324704,0.7689251641847449,0.048751019773370416,0.007216811550749979,0.032971659998979864,0.017496837100729763
2011,1.1100499999999456,1.0145730729204317e-08,1513.2226519812125,0.7108948684175073,0.9516142039192482,0.8548426117577442,0.7701674686164284,0.04872034008166558,0.007216168221895466,0.03296226196791081,0.017488458095204818
2012,1.1200499999999456,1.0136997425937812e-08,1512.7663224102698,0.7124408438276968,0.9518729445736731,0.8556188337210193,0.7713964867249472,0.048689851907515125,0.0072155282196881875,0.032952916187042915,0.017480128896259012
2013,1.1300499999999456,1.0128628410033405e-08,1512.3151983893683,0.7139703731283659,0.9521289327411491,0.8563867982234472,0.7726124305204582,0.04865955471836219,0.007214891544782481,0.03294362260699589,0.017471849404179007
2014,1.1400499999999456,1.0120616463536339e-08,1511.8691981068894,0.7154837173619664,0.9523822121107894,0.8571466363323681,0.7738155075262495,0.04862944792568131,0.0072142581965647925,0.03293438116024073,0.017463619503523896
2015,1.1500499999999456,1.0112954611102545e-08,1511.4282413396984,0.7169811320754635,0.9526328254519604,0.8578984763558813,0.7750059208968121,0.0485995308890787,0.007213628173233899,0.032925191762304386,0.017455439064225968
2016,1.1600499999999456,1.010563610820032e-08,1510.9922494212933,0.7184628674641944,0.9528808146383588,0.8586424439150766,0.7761838695322048,0.04856980291916322,0.007213001471855833,0.03291605431260238,0.017447307942357562
2017,1.1700499999999456,1.009865443532221e-08,1510.5611452007236,0.7199291685112288,0.9531262206713355,0.8593786620140061,0.7773495481888429,0.04854026328195483,0.007212378088451756,0.03290696869574894,0.017439225981320385
2018,1.1800499999999456,1.0092003292348291e-08,1510.1348530032458,0.7213802751223983,0.9533690837024934,0.8601072511074803,0.7785031475868439,0.0485109112029718,0.007211758018079686,0.032897934782774384,0.017431193012949295
2019,1.1900499999999457,1.0085676584330719e-08,1509.7132986079012,0.7228164222571505,0.95360944305559,0.8608283291667701,0.7796448545140526,0.04848174586836311,0.007211141254854324,0.032888952431437954,0.01742320885780936
2020,1.2000499999999457,1.0079668416166544e-08,1509.29640921057,0.7242378400553755,0.9538473372477617,0.8615420117432848,0.7807748519268676,0.048452766428515544,0.007210527792019517,0.032880021487305566,0.017415273326171432
2021,1.2100499999999457,1.0073973084493903e-08,1508.8841133934948,0.7256447539603506,0.9540828040101005,0.8622484120303016,0.7818933190479774,0.04842397200052473,0.007209917621997163,0.032871141784482145,0.01740738621867848
2022,1.2200499999999457,1.0068585072622212e-08,1508.4763410909716,0.7270373848379407,0.9543158803076051,0.8629476409228153,0.7830004314611244,0.04839536167132356,0.0072093107364504475,0.03286231314655039,0.017399547327193416
2023,1.2300499999999457,1.0063499039774999e-08,1508.073023566142,0.7284159490921872,0.9545466023585252,0.8636398070755752,0.7840963612029941,0.048366934498861446,0.007208707126306134,0.03285353538691179,0.017391756435114362
2024,1.2400499999999457,1.005870981915835e-08,1507.674093373949,0.7297806587774103,0.954775005653123,0.8643250169593693,0.7851812768523346,0.04833868951570117,0.007208106781828476,0.03284480830987678,0.01738401331835346
2025,1.2500499999999457,1.0054212413224682e-08,1507.279484330399,0.73113172170695,0.9550011249718744,0.8650033749156233,0.7862553436164037,0.04831062573152787,0.007207509692670456,0.032836131711423085,0.017376317746019155
2026,1.2600499999999457,1.005000197744722e-08,1506.8891315018668,0.7324693415586605,0.9552249944031233,0.8656749832093693,0.7873187234148347,0.048282742132108744,0.0072069158478497855,0.03282750537885909,0.017368669480126147
2027,1.2700499999999457,1.0046073824486659e-08,1506.5029711615616,0.7337937179772706,0.9554466473602126,0.866339942080638,0.7883715749610102,0.04825503768406028,0.007206325235848673,0.032818929092284725,0.017361068276898574
2028,1.2800499999999457,1.004242341973836e-08,1506.1209407618203,0.7351050466737201,0.9556661165981122,0.8669983497943364,0.7894140538410327,0.04822751133685335,0.007205737844655241,0.032810402625202406,0.017353513887317377
2029,1.2900499999999457,1.0039046368282863e-08,1505.7429789211149,0.7364035195215735,0.9558834342295521,0.8676503026886561,0.7904463125903721,0.04820016202219852,0.007205153661749278,0.032801925744318276,0.017346006056949335
2030,1.3000499999999457,1.0035938416396114e-08,1505.3690253884797,0.7376893246506113,0.9560986317406881,0.8682958952220643,0.7914685007682685,0.048172988657472,0.007204572674174341,0.032793498210596655,0.01733854452688566
2031,1.3100499999999458,1.0033095441554973e-08,1504.9990210273384,0.7389626465376985,0.9563117400063094,0.868935220018928,0.7924807650299694,0.048145990145693804,0.00720399486853651,0.03278511977924833,0.01733112903373506
2032,1.3200499999999458,1.003051345119598e-08,1504.6329077863174,0.7402236660950151,0.9565227893046051,0.8695683679138151,0.793483249196874,0.04811916537786052,0.007203420231053626,0.032776790200450365,0.01732375931026382
2033,1.3300499999999458,1.0028188584425049e-08,1504.2706286667853,0.7414725607557443,0.9567318093315053,0.870195427994516,0.7944760943246504,0.048092513235920516,0.007202848747618622,0.03276850922026858,0.017316435086213604
2034,1.3400499999999458,1.0026117096446016e-08,1503.91212771773,0.7427095045573006,0.9569388292146109,0.8708164876438328,0.7954594387694021,0.04806603259081527,0.007202280403757278,0.032760276580049014,0.017309156087764167
2035,1.3500499999999458,1.0024295354620414e-08,1503.5573500130954,0.7439346682221787,0.9571438775267246,0.8714316325801734,0.7964334182519411,0.04803972230370089,0.007201715184654133,0.032752092016796956,0.01730192203786974
2036,1.3600499999999458,1.0022719854799786e-08,1503.2062416001447,0.7451482192365044,0.9573469822989965,0.8720409468969897,0.7973981659202337,0.048013581232536316,0.0072011530752939985,0.03274395526522851,0.01729473265807219
2037,1.3700499999999458,1.0021387185710113e-08,1502.8587495259262,0.7463503219263632,0.9575481710337009,0.8726445131011028,0.7983538124100794,0.04798760822439005,0.007200594060296755,0.03273586605538021,0.017287587666387768
2038,1.3800499999999458,1.0020294056940739e-08,1502.5148217700778,0.7475411375319765,0.9577474707166489,0.8732424121499464,0.7993004859040816,0.0479618021249649,0.007200038124122345,0.032727824115577536,0.017280486779928945
2039,1.3900499999999458,1.0019437269212477e-08,1502.174407263304,0.7487208242798001,0.9579449078292552,0.8738347234877658,0.8002383121889626,0.047936161772392905,0.007199485250937579,0.03271982917050775,0.017273429713200388
2040,1.4000499999999458,1.0018813733785954e-08,1501.837455835002,0.7498895374526111,0.9581405083602696,0.8744215250808088,0.8011674147112807,0.04791068600415288,0.007198935424765547,0.03271188094338136,0.01726641618000551
2041,1.4100499999999458,1.0018420451486834e-08,1501.5039182197763,0.7510474294576454,0.9583342978171793,0.8750028934515374,0.8020879146316008,0.04788537365311057,0.007198388629400791,0.0327039791547045,0.017259445892360156
2042,1.4200499999999459,1.0018254517758301e-08,1501.1737460271431,0.7521946498928535,0.9585263012372977,0.875578903711893,0.8029999308771638,0.047860223550422326,0.007197844848472481,0.03269612352319159,0.0172525185612954
2043,1.4300499999999459,1.0018313121975743e-08,1500.846891720383,0.7533313456113331,0.9587165431985495,0.8761496295956483,0.8039035801931099,0.04783523452679715,0.007197304065472379,0.032688313766167806,0.01724563389720919
2044,1.4400499999999459,1.0018593541025061e-08,1500.5233086038897,0.7544576607839943,0.9589050478299573,0.8767151434898717,0.8047989771922968,0.047810405412197624,0.0071967662637491435,0.032680549599484666,0.01723879160978823
2045,1.4500499999999459,1.0019093138688935e-08,1500.202950803022,0.7555737369605176,0.9590918388218439,0.8772755164655319,0.8056862344037589,0.04778573503698662,0.007196231426533948,0.032672830737887744,0.017231991408328266
2046,1.460049999999946,1.0019809356405802e-08,1499.8857732560296,0.7566797131286563,0.9592769394357583,0.877830818307275,0.8065654623198522,0.047761222230814165,0.0071956995369171686,0.0326651568946779,0.017225233001431712
2047,1.470049999999946,1.0020739724266037e-08,1499.571731679597,0.7577757257719363,0.9594603725141316,0.8783811175423948,0.8074367694421251,0.04773686582657767,0.007195170577935197,0.0326575277829609,0.01721851609810406
2048,1.480049999999946,1.0021881846058206e-08,1499.260782569448,0.758861908925803,0.9596421604896741,0.8789264814690224,0.8083002623259522,0.04771266465773526,0.007194644532513131,0.03264994311481739,0.017211840407018123
2049,1.490049999999946,1.0023233401662257e-08,1498.9528831782814,0.7599383942322658,0.9598223253945214,0.8794669761835643,0.8091560456239769,0.04768861755997685,0.007194121383502025,0.03264240260183686,0.017205205636979685
2050,1.500049999999946,1.0024792149471534e-08,1498.6479914945517,0.7610053109930833,0.9600008888691353,0.8800026666074059,0.8100042221283926,0.04766472337280139,0.007193601113714272,0.03263490595562383,0.017198611497367816
2051,1.510049999999946,1.0026555914402048e-08,1498.3460662400228,0.762062786221538,0.9601778721709687,0.8805336165129062,0.8108448928121015,0.04764098093749219,0.00719308370588064,0.03262745288717465,0.01719205769758145
2052,1.520049999999946,1.0028522596138842e-08,1498.0470668420473,0.7631109446928425,0.9603532961829024,0.8810598885487075,0.811678156868787,0.04761738910003522,0.00719256914271492,0.032620043107805,0.017185543947850032
2053,1.530049999999946,1.0030690160078544e-08,1497.7509534281764,0.7641499089932182,0.9605271814214591,0.8815815442643774,0.8125041117519309,0.047593946709738766,0.0071920574068850265,0.03261267632872907,0.017179069958857932
2054,1.540049999999946,1.003305663984595e-08,1497.4576868066808,0.7651797995676894,0.9606995480448015,0.8820986441344048,0.8133228532128076,0.04757065262063983,0.007191548481044854,0.032605352261513745,0.01717263544213821
2055,1.550049999999946,1.0035620131164206e-08,1497.1672284581089,0.76620073476663,0.9608704158605238,0.8826112475815716,0.8141344753374884,0.04754750569078251,0.007191042347819717,0.03259807061786443,0.017166240109878814
2056,1.560049999999946,1.0038378794412822e-08,1496.8795405166863,0.7672128308911008,0.9610398043332385,0.883119412999716,0.8149390705828835,0.04752450478354176,0.007190538989836503,0.03259083111005409,0.017159883675293783
2057,1.570049999999946,1.0041330854318279e-08,1496.5945857557729,0.7682162022370154,0.961207732591969,0.8836231977759074,0.8157367298118533,0.04750164876820025,0.007190038389737577,0.03258363345111816,0.017153565852788398
2058,1.580049999999946,1.0044474593878726e-08,1496.3123275804012,0.7692109611381676,0.9613742194373502,0.8841226583120507,0.8165275423274136,0.047478936519144206,0.007189540530164466,0.032576477354614664,0.017147286357742663
2059,1.590049999999946,1.0047808348297822e-08,1496.0327300197996,0.7701972180081569,0.9615392833486455,0.8846178500459366,0.8173115959060663,0.04745636691507392,0.007189045393741777,0.032569362534388205,0.01714104490629844
2060,1.600049999999946,1.0051330516295287e-08,1495.755757700452,0.7711750813812419,0.9617029424905844,0.8851088274717533,0.818088976830276,0.047433938842191777,0.0071885529631483735,0.0325622887055877,0.017134841216246605
2061,1.610049999999946,1.0055039554081686e-08,1495.4813758396888,0.7721446579521568,0.9618652147200262,0.8855956441600787,0.8188597699201247,0.04741165119330972,0.007188063221099194,0.032555255584399305,0.017128675006786206
2062,1.620049999999946,1.0058933963545028e-08,1495.2095502455636,0.7731060526149186,0.9620261175924549,0.886078352777365,0.8196240585641613,0.047389502865673234,0.007187576150298723,0.03254826288737287,0.017122545997928063
2063,1.630049999999946,1.0063012312308098e-08,1494.9402472818047,0.7740593685006566,0.9621856683683107,0.8865570051049322,0.820381924749476,0.04736749276597602,0.007187091733552548,0.03254131033301828,0.017116453911887992
2064,1.640049999999946,1.0067273204558678e-08,1494.6734338872698,0.7750047070144925,0.9623438840191619,0.8870316520574858,0.8211334490910192,0.04734561980423154,0.007186609953633886,0.03253439763988384,0.017110398471396518
2065,1.650049999999946,1.0071715306937019e-08,1494.4090775354955,0.7759421678714976,0.9625007812337234,0.8875023437011704,0.8218787108601865,0.047323882900006366,0.007186130793422088,0.03252752452853846,0.017104379401429764
2066,1.660049999999946,1.0076337330974417e-08,1494.1471462418763,0.7768718491317558,0.9626563764237248,0.8879691292711744,0.8226177880126929,0.047302280978878175,0.007185654235826016,0.03252069072046647,0.01709839642823479
2067,1.670049999999946,1.0081138035823957e-08,1493.8876085489896,0.7777938472345562,0.9628106857296328,0.8884320571888986,0.8233507572157561,0.04728081297343091,0.007185180263807274,0.03251389593839525,0.017092449279610622
2068,1.680049999999946,1.0086116231012162e-08,1493.6304335124676,0.7787082570317434,0.9629637250262332,0.8888911750786996,0.8240776938746078,0.04725947782419777,0.007184708860402368,0.03250713990660722,0.017086537685175148
2069,1.690049999999946,1.0091270767588093e-08,1493.375590699075,0.7796151718202446,0.9631155099280744,0.8893465297842233,0.8247986721583536,0.04723827447806771,0.00718424000868885,0.03250042235044876,0.017080661375929222
2070,1.700049999999946,1.0096600546704671e-08,1493.1230501671682,0.7805146833738038,0.9632660557947789,0.8897981673843367,0.8255137650251998,0.047217201890448195,0.007183773691834434,0.032493742997028494,0.017074820084861508
2071,1.7100499999999461,1.010210450787522e-08,1492.8727824680327,0.7814068819739388,0.963415377736224,0.8902461332086723,0.8262230442470644,0.04719625902303682,0.007183309893049053,0.032487101574524446,0.01706901354633641
2072,1.7200499999999461,1.0107781643401323e-08,1492.6247586213458,0.7822918564401483,0.963563490617598,0.8906904718527942,0.8269265804335907,0.047175444847154156,0.007182848595659956,0.03248049781325403,0.017063241497023533
2073,1.7300499999999461,1.0113630980824425e-08,1492.3789501225517,0.7831696941593872,0.9637104090643326,0.8911312271929978,0.8276244430555798,0.047154758340275195,0.007182389783036245,0.032473931444587385,0.017057503674941524
2074,1.7400499999999461,1.011965159155632e-08,1492.1353289245558,0.7840404811148324,0.9638561474669175,0.8915684424007527,0.8283167004678584,0.0471341984880989,0.007181933438636007,0.032467402201616695,0.017051799820037263
2075,1.7500499999999461,1.0125842584971265e-08,1491.8938674338774,0.7849043019139571,0.9640007199855994,0.8920021599567985,0.8290034199315978,0.047113764283539465,0.007181479545985243,0.03246090981884892,0.017046129673911416
2076,1.7600499999999462,1.0132203117075444e-08,1491.6545384932438,0.7857612398159353,0.9641441405549682,0.8924324216649048,0.8296846676360993,0.04709345472871505,0.00718102808872335,0.03245445403285056,0.017040492980375594
2077,1.7700499999999462,1.0138732375864097e-08,1491.4173153862457,0.7866113767583931,0.9642864228884339,0.892859268665302,0.8303605087200615,0.047073268832131435,0.0071805790505418444,0.0324480345813656,0.017034889484676127
2078,1.7800499999999462,1.0145429595846095e-08,1491.182171815059,0.7874547933835254,0.9644275804825984,0.8932827414477953,0.8310310072923425,0.04705320561182483,0.007180132415255518,0.032441651204327224,0.017029318934371575
2079,1.7900499999999462,1.0152294043402622e-08,1490.9490819052617,0.7882915690635965,0.9645676266215224,0.8937028798645674,0.8316962264522316,0.04703326409255288,0.007179688166741239,0.03243530364297731,0.017023781078558172
2080,1.8000499999999462,1.0159325022573775e-08,1490.7180201920241,0.7891217819258401,0.9647065743808937,0.8941197231426813,0.8323562283092454,0.04701344330713375,0.007179246288968988,0.032428991640304494,0.017018275668246634
2081,1.8100499999999462,1.0166521880877122e-08,1490.4889616069047,0.7899455088767753,0.9648444366320963,0.8945333098962889,0.8330110740024574,0.04699374229772526,0.00717880676603167,0.03242271494146427,0.017012802456722615
2082,1.8200499999999462,1.0173883991726199e-08,1490.2618814852035,0.7907628256259561,0.9649812260461851,0.8949436781385555,0.8336608237193794,0.046974160112479325,0.007178369582071747,0.032416473292725595,0.017007361198622416
2083,1.8300499999999462,1.0181410774890531e-08,1490.0367555403686,0.791573806709168,0.9651169550977686,0.8953508652933061,0.8343055367144013,0.046954695809690486,0.007177934721375042,0.03241026644280484,0.017001951651090464
2084,1.8400499999999462,1.0189101678916902e-08,1489.8135598715512,0.7923785255110862,0.965251636068801,0.8957549082064031,0.834945271326805,0.0469353484544516,0.00717750216829733,0.03240409414181211,0.016996573572855105
2085,1.8500499999999462,1.0196956184031703e-08,1489.5922709534311,0.7931770542874133,0.9653852810522867,0.8961558431568603,0.835580084998362,0.046916117119349204,0.007177071907281031,0.03239795614148436,0.01699122672442646
2086,1.8600499999999462,1.0204973810939474e-08,1489.3728656216729,0.7939694641865056,0.9655179019559005,0.8965537058677016,0.8362100342905275,0.04689700088623803,0.007176643922896109,0.0323918521957635,0.016985910868594634
2087,1.8700499999999463,1.021315411202829e-08,1489.155321073183,0.7947558252705059,0.965649510505524,0.8969485315165721,0.836835174901239,0.04687799884462386,0.007176218199805132,0.032385782060292294,0.016980625769984953
2088,1.8800499999999463,1.0221496671369792e-08,1488.9396148590633,0.7955362065359932,0.9657801182487018,0.8973403547461054,0.8374555616813336,0.0468591100917487,0.007175794722766329,0.032379745492452844,0.01697537119508626
2089,1.8900499999999463,1.0230001104726285e-08,1488.7257248777532,0.7963106759341637,0.965909736558019,0.8977292096740571,0.8380712486505905,0.04684033373266588,0.007175373476636431,0.03237374225140187,0.01697014691227641
2090,1.9000499999999463,1.0238667062512288e-08,1488.5136293660794,0.7970793003905545,0.9660383766344024,0.8981151299032073,0.8386822890134116,0.04682166888084823,0.007174954446385482,0.03236777209827646,0.016964952691996063
2091,1.9100499999999463,1.0247494226877963e-08,1488.3033068951154,0.7978421458243224,0.9661660495103468,0.8984981485310406,0.8392887351741477,0.04680311465768915,0.007174537617086802,0.032361834796045874,0.016959788306614428
2092,1.9200499999999463,1.0256482311737341e-08,1488.09473636383,0.7985992771670902,0.9662927660530695,0.8988782981592085,0.8398906387520801,0.04678467019255148,0.007174122973919223,0.03235593010953818,0.016954653530447374
2093,1.9300499999999463,1.0265631056893035e-08,1487.8878969972445,0.7993507583813695,0.9664185369675932,0.8992556109027797,0.8404880505960678,0.046766334621744635,0.007173710502145206,0.03235005780512359,0.01694954813947699
2094,1.9400499999999463,1.0274940239882874e-08,1487.6827683315287,0.8000966524785744,0.9665433727997614,0.8996301183992843,0.8410810207988668,0.046748107090706204,0.007173300187161001,0.03234421765142367,0.016944471911963337
2095,1.9500499999999463,1.028440966717298e-08,1487.4793302147532,0.8008370215366343,0.9666672839391857,0.900001851817557,0.8416695987111319,0.0467299867524187,0.007172892014462165,0.032338409418815335,0.01693942462800802
2096,1.9600499999999463,1.029403917123612e-08,1487.2775628031118,0.8015719267172153,0.966790280622128,0.9003708418663843,0.8422538329551085,0.04671197276692384,0.007172485969633682,0.032332632879285304,0.016934406069423025
2097,1.9700499999999463,1.0303828616517373e-08,1487.07744655092,0.8023014282825645,0.9669123729343204,0.9007371188029613,0.842833771438022,0.046694064302405955,0.00717208203837542,0.03232688780678766,0.01692941602003664
2098,1.9800499999999464,1.0313777896532528e-08,1486.8789622072024,0.8030255856119812,0.9670335708137207,0.9011007124411622,0.8434094613651735,0.04667626053468315,0.007171680206491743,0.032321173977091035,0.01692445426555588
2099,1.9900499999999464,1.0323886939870948e-08,1486.6820908062145,0.8037444572179301,0.96715388405321,0.9014616521596303,0.8439809492527478,0.046658560648248935,0.007171280459916075,0.03231549116812318,0.016919520593860874
