,v,R,T,kv_C,kv_Cr,kv_Mo,kv_V,clstar_C,clstar_Cr,clstar_Mo,clstar_V
0,5e-05,2.145718369907051e-06,1699.8296757144578,0.1320433978301085,0.9090045497725113,0.7510124493775311,0.6270186490675466,0.007271605061086103,0.040157250927825516,0.030324927877491782,0.015244689460713343
1,0.00055,5.846711171838736e-07,1705.0953984731996,0.1324771375743341,0.9090500224876319,0.7511368747189047,0.6272050372295238,0.007636159378302722,0.040352437727994295,0.030734508531306593,0.015556934444059894
2,0.0010500000000000002,4.175896371569365e-07,1703.7578058039273,0.13291044403376456,0.9090954497777334,0.7512611757654463,0.6273912391988412,0.007803883829627057,0.040436696623400444,0.030913503783405002,0.01569474573255624
3,0.0015500000000000002,3.4094897238397017e-07,1702.6369262476862,0.13334331785732118,0.9091408317108484,0.75138535270331,0.6275772552543558,0.00792414900904389,0.040495123758303365,0.031038408996426046,0.015791405877496358
4,0.00205,2.947077982706897e-07,1701.6910006843,0.1337757596926301,0.9091861683548724,0.7515094057182774,0.6277630856743674,0.008020534849702136,0.04054080228218322,0.031136512179115224,0.015867611236074993
5,0.00255,2.62975407519979e-07,1700.8695813045908,0.13420777018602564,0.9092314597775673,0.7516333349957608,0.6279487307366216,0.008102087448979833,0.04057868032449452,0.031218165018750424,0.01593123133412619
6,0.00305,2.3948550022070017e-07,1700.1401736705448,0.13463934998255322,0.9092767060465581,0.7517571407208016,0.6281341907183091,0.0081733645054113,0.04061122318071821,0.031288537198106516,0.01598620345969245
7,0.00355,2.212031963944836e-07,1699.4815717412173,0.13507049972597282,0.909321907229336,0.7518808230780729,0.628319465896069,0.008237024935330848,0.040639855482321456,0.03135062212143815,0.016034810971151316
8,0.00405,2.0645698322828483e-07,1698.879290230939,0.135501220058762,0.9093670633932572,0.7520043822518798,0.6285045565459887,0.008294771818041231,0.04066548211342166,0.031406324456922,0.016078508735575262
9,0.00455,1.9424071036814358e-07,1698.323004947635,0.13593151162211936,0.9094121746055448,0.7521278184261609,0.6286894629436066,0.008347769514587091,0.0406887170632496,0.031456938621906246,0.016118286706987065
10,0.005050000000000001,1.8390783268762202e-07,1697.8050899492548,0.13636137505596738,0.909457240933287,0.7522511317844883,0.6288741853639123,0.008396853453009346,0.040709997825067,0.03150338827849124,0.016154852090233422
11,0.005550000000000001,1.750214915537271e-07,1697.3197432371876,0.13679081099895582,0.909502262443439,0.7523743225100692,0.6290587240813486,0.008442645807514455,0.04072964812953725,0.03154635782091204,0.01618872944322164
12,0.0060500000000000016,1.6727451240160815e-07,1696.8624404145637,0.13721982008846478,0.9095472392028229,0.7524973907857462,0.6292430793698126,0.008485623883315686,0.040747914841613164,0.031586369793937245,0.01622031966544152
13,0.006550000000000002,1.6044379233033035e-07,1696.4295794675281,0.137648402960608,0.9095921712781283,0.7526203367939993,0.6294272515026577,0.008526162813575334,0.04076499088854977,0.031623833049583806,0.01624993671930436
14,0.0070500000000000024,1.543628725600323e-07,1696.0182417106782,0.13807656025023585,0.9096370587359118,0.7527431607169456,0.6296112407526935,0.008564563420704194,0.040781030154815115,0.03165907406100042,0.01627783152563212
15,0.007550000000000003,1.4890470662732649e-07,1695.6260260366519,0.13850429259093844,0.9096819016425985,0.7528658627363407,0.6297950473921891,0.00860107107154835,0.04079615751996943,0.03169235804404525,0.016304208092563104
16,0.008050000000000003,1.4397042881676957e-07,1695.2509309748405,0.13893160061504886,0.9097267000644809,0.7529884430335796,0.6299786716928724,0.008635888834486316,0.04081047583517442,0.03172390364952475,0.016329234742217643
17,0.008550000000000004,1.394818007591659e-07,1694.8912688507219,0.13935848495364633,0.909771454067721,0.7531109017896981,0.6301621139259332,0.008669186902995788,0.040824070901071124,0.03175389345478824,0.01635305213255286
18,0.009050000000000004,1.3537599280177654e-07,1694.5456020506501,0.13978494623655915,0.909816163718349,0.7532332391853723,0.6303453743620236,0.008701109499233396,0.040837015101255134,0.031782481627666594,0.016375779120693948
19,0.009550000000000005,1.3160189272302094e-07,1694.212694859538,0.1402109850923679,0.9098608290822645,0.7533554554009213,0.6305284532712596,0.00873178003182205,0.040849370107451155,0.03180979963657181,0.016397517133971026
20,0.010050000000000005,1.2811744024606724e-07,1693.8914764933859,0.14063660214840848,0.9099054502252363,0.7534775506163061,0.6307113509232215,0.008761305016326546,0.04086118892887341,0.031835960579340364,0.016418353485431778
21,0.010550000000000006,1.2488766674335376e-07,1693.5810123202994,0.14106179803077531,0.9099500272129039,0.7535995250111326,0.6308940675869577,0.008789777101630874,0.04087251748908359,0.03186106251628139,0.016438363928019298
22,0.011050000000000006,1.2188322979087164e-07,1693.280481171983,0.14148657336432421,0.909994560110776,0.7537213787646506,0.6310766035309826,0.008817277438268293,0.04088339585612602,0.031885191072051726,0.016457614649459485
23,0.011550000000000006,1.1907930142568184e-07,1692.9891572533152,0.1419109287726756,0.9100390489842323,0.7538431120557562,0.6312589590232812,0.008843877554499169,0.04089385921406762,0.03190842149186482,0.016476163849553953
24,0.012050000000000007,1.164547135275077e-07,1692.7063955621554,0.14233486487821748,0.9100834938985227,0.7539647250629908,0.6314411343313077,0.008869640859648259,0.040903938639187065,0.03193082028527322,0.016494063001720512
25,0.012550000000000007,1.1399129283583228e-07,1692.4316200325575,0.14275838230210855,0.9101278949187694,0.754086217964545,0.6316231297219891,0.008894623860304294,0.040913661726174354,0.031952446553082096,0.016511357871812415
26,0.013050000000000008,1.1167333786793465e-07,1692.1643138025045,0.14318148166428113,0.910172252109965,0.7542075909382557,0.6318049454617245,0.008918877153986014,0.040923053098299314,0.03197335306903083,0.016528089349029922
27,0.013550000000000008,1.0948720326145929e-07,1691.904011165361,0.14360416358344436,0.9102165655369742,0.7543288441616103,0.631986581816388,0.008942446247441747,0.04093213482643443,0.03199358716871567,0.01654429412905691
28,0.014050000000000009,1.0742096642809534e-07,1691.65029086289,0.14402642867708693,0.9102608352645333,0.7544499778117449,0.6321680390513288,0.008965372235955707,0.04094092677599024,0.03201319148598798,0.01656000528022561
29,0.014550000000000009,1.0546415793826594e-07,1691.4027704568625,0.14444827756148046,0.910305061357252,0.7545709920654478,0.6323493174313736,0.00898769237144032,0.04094944689629334,0.03203220456751494,0.01657525271621021
30,0.01505000000000001,1.036075416941499e-07,1691.1611015796054,0.1448697108516822,0.9103492438796119,0.7546918870991577,0.6325304172208266,0.009009440540263636,0.04095771146341652,0.03205066138874051,0.0165900635930351
31,0.01555000000000001,1.018429344411604e-07,1690.9249658949307,0.1452907291615381,0.9103933828959678,0.7548126630889667,0.6327113386834721,0.009030647668467567,0.04096573528553563,0.032068593790468294,0.016604462645154753
32,0.01605000000000001,1.0016305648212293e-07,1690.6940716547526,0.14571133310368586,0.9104374784705478,0.7549333202106197,0.6328920820825747,0.009051342066233647,0.04097353187716551,0.03208603084943892,0.01661847247081577
33,0.01655000000000001,9.856140748174431e-08,1690.4681507396685,0.14613152328955784,0.9104815306674536,0.7550538586395159,0.6330726476808815,0.009071549723229223,0.04098111360815494,0.03210299919539186,0.01663211377631269
34,0.01705000000000001,9.703216251666642e-08,1690.246956104502,0.14655130032938402,0.9105255395506613,0.7551742785507104,0.6332530357406224,0.009091294562967558,0.040988491831686756,0.03211952328358726,0.01664540558601515
35,0.01755000000000001,9.557008453276502e-08,1690.0302595706871,0.146970664832195,0.9105695051840205,0.7552945801189132,0.6334332465235123,0.009110598662094545,0.0409956769944628,0.03213562562948089,0.01665836542327559
36,0.01805000000000001,9.417045031308167e-08,1689.8178498992236,0.14738961740582485,0.9106134276312557,0.7554147635184911,0.6336132802907518,0.009129482441486026,0.04100267873243055,0.03215132701272468,0.016671009467764824
37,0.01855000000000001,9.282898751475893e-08,1689.609531108331,0.14780815865691424,0.9106573069559668,0.7555348289234696,0.6337931373030289,0.009147964832751454,0.04100950595402724,0.03216664665463965,0.016683352692392663
38,0.01905000000000001,9.154182084950452e-08,1689.4051210025973,0.14822628919091313,0.910701143221628,0.7556547765075315,0.6339728178205191,0.00916606342349595,0.04101616691271645,0.03218160237290775,0.01669540898267966
39,0.019550000000000012,9.030542595097994e-08,1689.2044498714479,0.1486440096120838,0.9107449364915895,0.7557746064440195,0.6341523221028885,0.009183794585727876,0.04102266927087706,0.03219621071791128,0.016707191242023762
40,0.020050000000000012,8.911658959362744e-08,1689.0073593446293,0.1490613205235038,0.9107886868290771,0.7558943189059361,0.6343316504092937,0.009201173588541165,0.04102902015582283,0.03221048709230757,0.01671871148403862
41,0.020550000000000013,8.797237529657706e-08,1688.813701376029,0.14947822252706874,0.9108323942971928,0.7560139140659448,0.6345108029983832,0.009218214698041011,0.041035226209350566,0.03222444585684336,0.01672998091429923
42,0.021050000000000013,8.687009345793387e-08,1688.62333734095,0.14989471622349543,0.9108760589589149,0.7561333920963714,0.6346897801282994,0.009234931265984712,0.04104129363161095,0.03223810042408162,0.016741010002771454
43,0.021550000000000014,8.580727533264354e-08,1688.4361372315905,0.15031080221232443,0.9109196808770985,0.7562527531692037,0.6348685820566785,0.009251335808674703,0.041047228220080355,0.03225146334169459,0.01675180854819885
44,0.022050000000000014,8.478165027425971e-08,1688.251978939553,0.1507264810919231,0.9109632601144757,0.7563719974560931,0.6350472090406535,0.009267440077208687,0.04105303540422002,0.03226454636656168,0.016762385735394236
45,0.022550000000000014,8.379112580444081e-08,1688.0707476079474,0.15114175345948855,0.9110067967336561,0.7564911251283555,0.635225661336854,0.00928325512090522,0.04105872027663738,0.032277360531437635,0.01677275018681804
46,0.023050000000000015,8.283377004228448e-08,1687.8923350557395,0.15155661991105032,0.9110502907971263,0.7566101363569718,0.6354039392014076,0.009298791343509395,0.041064287620741116,0.03228991620411278,0.01678291000834197
47,0.023550000000000015,8.190779622746944e-08,1687.7166392550557,0.15197108104147333,0.9110937423672513,0.7567290313125886,0.6355820428899419,0.009314058554229995,0.04106974193574543,0.0323022231409421,0.01679287283068232
48,0.024050000000000016,8.101154902032703e-08,1687.5435638605873,0.15238513744446075,0.9111371515062743,0.7568478101655194,0.6357599726575851,0.009329066013626666,0.041075087459127635,0.03231429053493503,0.01680264584663023
49,0.024550000000000016,8.014349235189064e-08,1687.373017783309,0.15279878971255675,0.9111805182763165,0.7569664730857448,0.6359377287589674,0.009343822475143055,0.041080328186910334,0.03232612705920507,0.016812235844701335
50,0.025050000000000017,7.930219860460947e-08,1687.204914806611,0.15321203843714942,0.9112238427393786,0.757085020242915,0.6361153114482221,0.009358336222437258,0.04108546789189715,0.032337740906037936,0.01682164923939243
51,0.025550000000000017,7.848633899598169e-08,1687.039173232117,0.15362488420847353,0.91126712495734,0.757203451806348,0.6362927209789869,0.009372615103871076,0.04109051014041024,0.03234913982278767,0.016830892099006907
52,0.026050000000000018,7.769467494709598e-08,1686.875715564537,0.15403732761561328,0.9113103649919594,0.7573217679450318,0.6364699576044052,0.00938666656307212,0.041095458307201016,0.0323603311438336,0.016839970170411014
53,0.026550000000000018,7.692605038446229e-08,1686.7144682181586,0.1544493692465053,0.9113535629048756,0.7574399688276264,0.6366470215771273,0.009400497667461715,0.04110031558925381,0.0323713218202031,0.016848888902007725
54,0.02705000000000002,7.617938481108103e-08,1686.5553612524564,0.15486100968794123,0.9113967187576067,0.7575580546224624,0.6368239131493112,0.009414115133879655,0.04110508501821807,0.03238211844624345,0.01685765346441593
55,0.02755000000000002,7.545366709109251e-08,1686.39832812685,0.15527224952557056,0.9114398326115518,0.7576760254975428,0.6370006325726242,0.00942752535238379,0.041109769471886604,0.03239272728427062,0.016866268769596907
56,0.02805000000000002,7.474794982239285e-08,1686.243305481156,0.15568308934390354,0.91148290452799,0.7577938816205438,0.6371771800982443,0.009440734407463984,0.041114371684487096,0.0324031542866532,0.016874739487978505
57,0.02855000000000002,7.406134428767793e-08,1686.0902329274722,0.15609352972631377,0.9115259345680813,0.7579116231588158,0.6373535559768606,0.00945374809823586,0.04111889425636417,0.03241340511662565,0.016883070064619306
58,0.02905000000000002,7.339301586173354e-08,1685.93905286397,0.15650357125504108,0.9115689227928673,0.758029250279384,0.6375297604586755,0.009466571956421668,0.041123339662660935,0.03242348516693389,0.016891264733677077
59,0.02955000000000002,7.27421798580393e-08,1685.7897103016617,0.15691321451119425,0.9116118692632704,0.7581467631489487,0.6377057937934049,0.009479211263093262,0.04112771026136428,0.0324333995771278,0.016899327531836268
60,0.03005000000000002,7.210809776063485e-08,1685.642152704139,0.15732246007475367,0.9116547740400951,0.7582641619338867,0.63788165623028,0.00949167106416012,0.04113200830072766,0.03244315324952319,0.016907262310707136
61,0.03055000000000002,7.14900737996645e-08,1685.4963298391035,0.15773130852457426,0.911697637184028,0.7583814468002522,0.6380573480180487,0.009503956184716273,0.041136235926128945,0.032452750863955916,0.016915072748291043
62,0.031050000000000022,7.088745181461345e-08,1685.3521936450043,0.15813976043838807,0.9117404587556375,0.7584986179137773,0.6382328694049755,0.009516071241859584,0.04114039518624725,0.032462196891056956,0.016922762359286476
63,0.03155000000000002,7.029961242772597e-08,1685.2096980998597,0.15854781639280696,0.9117832388153749,0.7586156754398722,0.6384082206388444,0.009528020657416056,0.04114448803906639,0.03247149560519464,0.016930334505164197
64,0.03205000000000002,6.972597041495896e-08,1685.0687991100792,0.15895547696332546,0.9118259774235745,0.7587326195436268,0.6385834019669591,0.009539808668562019,0.0411485163570282,0.032480651095541636,0.016937792402752498
65,0.03255000000000002,6.916597234802931e-08,1684.9294543966114,0.1593627427243233,0.9118686746404533,0.7588494503898116,0.6387584136361436,0.009551439338871127,0.04115248193221509,0.032489667277258515,0.016945139132950482
66,0.033050000000000024,6.861909440237203e-08,1684.7916233962917,0.15976961424906833,0.9119113305261121,0.7589661681428779,0.6389332558927447,0.009562916567775012,0.041156386480882386,0.032498547901246094,0.016952377648306326
67,0.033550000000000024,6.808484034908808e-08,1684.6552671694676,0.16017609210971898,0.9119539451405351,0.7590827729669587,0.6391079289826327,0.00957424409942644,0.04116023164769007,0.03250729656325622,0.016959510780100412
68,0.034050000000000025,6.756273973585353e-08,1684.5203483078951,0.16058217687732704,0.9119965185435907,0.7591992650258691,0.6392824331512015,0.009585425531630996,0.041164019009867533,0.032515916712888934,0.016966541245361667
69,0.034550000000000025,6.705234617172227e-08,1684.3868308587887,0.16098786912184043,0.9120390507950317,0.7593156444831085,0.6394567686433715,0.009596464323057562,0.041167750080711406,0.032524411661108074,0.01697347165269937
70,0.035050000000000026,6.655323578832686e-08,1684.2546802442018,0.1613931694121057,0.912081541954495,0.7594319115018598,0.6396309357035892,0.009607363801057086,0.041171426313214396,0.032532784588087206,0.016980304508425956
71,0.035550000000000026,6.606500579482112e-08,1684.1238631919482,0.16179807831587084,0.9121239920815026,0.7595480662449907,0.6398049345758292,0.009618127168263668,0.04117504910321198,0.03254103854998825,0.0169870422218291
72,0.036050000000000026,6.558727315132822e-08,1683.994347669226,0.1622025963997877,0.9121664012354618,0.7596641088750544,0.6399787655035954,0.009628757508964527,0.04117861979238744,0.03254917648544495,0.016993687110221232
73,0.03655000000000003,6.511967334893016e-08,1683.8661028189567,0.1626067242294149,0.9122087694756645,0.7597800395542906,0.6401524287299214,0.009639257795231634,0.041182139671137284,0.03255720122175369,0.017000241403767043
74,0.03705000000000003,6.466185926397543e-08,1683.739098904384,0.1630104623692204,0.9122510968612892,0.7598958584446266,0.6403259244973724,0.009649630892187521,0.041185609981091206,0.03256511548030067,0.01700670724970311
75,0.03755000000000003,6.421350012397425e-08,1683.613307250255,0.163413811382584,0.9122933834514,0.7600115657076768,0.6404992530480459,0.009659879563712922,0.0411890319177296,0.032572921882233125,0.017013086716771302
76,0.03805000000000003,6.37742805186266e-08,1683.488700195276,0.16381677183180002,0.9123356293049467,0.7601271615047444,0.6406724146235729,0.009670006476940716,0.041192406632547945,0.03258062295311723,0.01701938179883778
77,0.03855000000000003,6.334389950814954e-08,1683.3652510407005,0.16421934427808005,0.9123778344807665,0.7602426459968225,0.6408454094651197,0.009680014207234383,0.04119573523533978,0.03258822112788555,0.01702559441876091
78,0.03905000000000003,6.292206977337095e-08,1683.242934007557,0.1646215292815553,0.9124199990375824,0.7603580193445936,0.6410182378133873,0.009689905242241606,0.04119901879613116,0.032595718755006,0.017031726431634444
79,0.03955000000000003,6.250851683671517e-08,1683.121724193455,0.16502332740127945,0.9124621230340051,0.7604732817084316,0.6411908999086143,0.009699681986038246,0.04120225834710819,0.0326031181006513,0.01703777962804161
80,0.04005000000000003,6.210297833895242e-08,1683.001597531367,0.16542473919523104,0.9125042065285324,0.7605884332484016,0.6413633959905775,0.009709346763090619,0.041205454884449384,0.03261042135266581,0.0170437557371535
81,0.04055000000000003,6.170520336192478e-08,1682.88253075167,0.1658257652203162,0.9125462495795493,0.7607034741242611,0.6415357262985921,0.009718901821888911,0.04120860937001645,0.03261763062422307,0.01704965642958375
82,0.04105000000000003,6.131495178802668e-08,1682.7645013488025,0.16622640603237118,0.9125882522453292,0.7608184044954613,0.6417078910715144,0.009728349338095625,0.041211722732855005,0.032624747957061974,0.01705548331990691
83,0.04155000000000003,6.093199372086017e-08,1682.6474875447454,0.1666266621861649,0.9126302145840335,0.7609332245211464,0.6418798905477413,0.009737691418085424,0.041214795870796746,0.03263177532496643,0.017061237969384087
84,0.04205000000000003,6.055610893105454e-08,1682.5314682580554,0.1670265342354014,0.9126721366537114,0.7610479343601554,0.6420517249652128,0.009746930101890122,0.04121782965183883,0.03263871463674749,0.017066921888288854
85,0.04255000000000003,6.018708633670101e-08,1682.4164230750407,0.16742602273272267,0.9127140185123016,0.7611625341710229,0.642223394561412,0.009756067365930933,0.04122082491542948,0.03264556773902094,0.017072536538072624
86,0.04305000000000003,5.982472352525021e-08,1682.3023322202534,0.16782512822971096,0.912755860217631,0.7612770241119793,0.6423948995733666,0.009765105125855711,0.041223782473765354,0.03265233641902183,0.01707808333356658
87,0.04355000000000003,5.946882630188113e-08,1682.1891765296407,0.16822385127689143,0.9127976618274161,0.7613914043409516,0.6425662402376503,0.009774045239100857,0.04122670311297719,0.03265902240717242,0.017083563644987948
88,0.044050000000000034,5.911920826509651e-08,1682.0769374254685,0.16862219242373455,0.9128394233992626,0.7615056750155644,0.6427374167903837,0.00978288950727852,0.04122958759423854,0.03266562737948254,0.017088978799814438
89,0.044550000000000034,5.8775690416677904e-08,1681.9655968902246,0.16902015221865876,0.9128811449906659,0.7616198362931405,0.6429084294672347,0.0097916396787009,0.04123243665490042,0.03267215296001744,0.017094330084719483
90,0.045050000000000034,5.8438100774724956e-08,1681.8551374479703,0.16941773120903308,0.9129228266590116,0.7617338883307019,0.643079278503421,0.009800297450084408,0.041235251009341285,0.03267860072272111,0.017099618746983968
91,0.045550000000000035,5.810627403994993e-08,1681.7455421379568,0.16981492994117933,0.9129644684615753,0.7618478312849697,0.6432499641337095,0.009808864469148618,0.041238031350092214,0.03268497219387687,0.017104845996435206
92,0.046050000000000035,5.778005125848721e-08,1681.636794496466,0.17021174896037475,0.9130060704555231,0.7619616653123655,0.643420486592419,0.009817342336304154,0.04124077834865001,0.03269126885385974,0.017110013006809498
93,0.046550000000000036,5.7459279510311005e-08,1681.5288785379707,0.17060818881085474,0.9130476326979122,0.7620753905690124,0.6435908461134203,0.009825732606434922,0.041243492656307085,0.03269749213893325,0.017115120917155224
94,0.047050000000000036,5.714381162829692e-08,1681.421778733509,0.17100425003581493,0.9130891552456903,0.7621890072107349,0.643761042930137,0.009834036791013266,0.04124617490507549,0.03270364344326783,0.01712017083342164
95,0.04755000000000004,5.683350591571847e-08,1681.3154799955096,0.171399933177414,0.9131306381556966,0.7623025153930602,0.6439310772755477,0.009842256359500489,0.04124882570836672,0.03270972412040494,0.01712516382959645
96,0.04805000000000004,5.652822588461303e-08,1681.209967662023,0.17179523877677597,0.9131720814846621,0.7624159152712181,0.6441009493821861,0.00985039274082934,0.041251445661686724,0.03271573548476079,0.017130100948879234
97,0.04855000000000004,5.6227840028343537e-08,1681.1052274757396,0.17219016737399268,0.913213485289209,0.7625292070001429,0.644270659482142,0.009858447325491751,0.04125403534351438,0.03272167881355593,0.01713498320520783
98,0.04905000000000004,5.5932221572280435e-08,1681.0012455747333,0.17258471950812643,0.913254849625852,0.762642390734474,0.6444402078070636,0.009866421466311347,0.04125659531574565,0.03272755534775299,0.017139811583973253
99,0.04955000000000004,5.564124826977791e-08,1680.8980084739267,0.17297889571721217,0.9132961745509981,0.7627554666285552,0.6446095945881568,0.00987431648028003,0.04125912612447056,0.03273336629376218,0.01714458704336796
100,0.05005000000000004,5.53548021955871e-08,1680.7955030516937,0.1733726965382601,0.9133374601209465,0.7628684348364363,0.6447788200561877,0.009882133649824387,0.04126162830055694,0.032739112824707504,0.017149310515376135
101,0.05055000000000004,5.5072769547671064e-08,1680.6937165380332,0.17376612250725812,0.91337870639189,0.7629812955118747,0.6449478844414831,0.009889874223905493,0.04126410236017218,0.03274479608155437,0.017153982906652487
102,0.05105000000000004,5.479504046198794e-08,1680.5926365026091,0.1741591741591742,0.9134199134199135,0.7630940488083345,0.6451167879739308,0.009897539419144225,0.04126654880530506,0.03275041717424083,0.01715860509940643
103,0.05155000000000004,5.4521508849563986e-08,1680.4922508393372,0.17455185202795878,0.9134610812609957,0.7632066948789883,0.6452855308829822,0.00990513042134895,0.041268968124407994,0.032755977183088876,0.017163177952518743
104,0.05205000000000004,5.42520722275074e-08,1680.3925477563769,0.17494415664654728,0.9135022099710091,0.763319233876717,0.6454541133976522,0.00991264838643971,0.04127136079283864,0.03276147715975823,0.017167702302284423
105,0.05255000000000004,5.398663155289612e-08,1680.2935157686027,0.17533608854686242,0.9135432996057194,0.7634316659541114,0.6456225357465204,0.009920094441099552,0.04127372727320832,0.03276691812798845,0.01717217896298322
106,0.05305000000000004,5.372509108950818e-08,1680.1951436824907,0.17572764825981677,0.9135843502207873,0.7635439912634728,0.6457907981577323,0.009927469684296244,0.04127606801600059,0.03277230108496526,0.0171766087279656
107,0.05355000000000004,5.346735826751356e-08,1680.0974205861712,0.17611883631531494,0.9136253618717669,0.7636562099568128,0.6459589008590005,0.009934775188225591,0.041278383459999,0.03277762700225079,0.01718099237038193
108,0.05405000000000004,5.32133435440139e-08,1680.0003358420508,0.1765096532422561,0.9136663346141074,0.7637683221858544,0.6461268440776053,0.00994201199897101,0.04128067403261898,0.03278289682649606,0.017185330643734092
109,0.05455000000000004,5.296296027201197e-08,1679.9038790793543,0.17690009956853636,0.9137072685031531,0.763880328102034,0.6462946280403964,0.009949181137178707,0.041282940150239596,0.0327881114801552,0.01718962428243012
110,0.05505000000000004,5.2716124592738906e-08,1679.8080401813252,0.17729017582105117,0.9137481635941425,0.7639922278564997,0.6464622529737927,0.009956283599347967,0.041285182218724424,0.03279327186263724,0.017193874002700504
111,0.055550000000000044,5.2472755327743644e-08,1679.7128092747623,0.17767988252569755,0.9137890199422103,0.7641040216001138,0.6466297191037848,0.009963320358862781,0.04128740063385458,0.032798378851258234,0.017198080503351913
112,0.056050000000000044,5.223277384047524e-08,1679.618176732305,0.17806922020737662,0.9138298376023863,0.7642157094834526,0.646797026655935,0.009970292365579675,0.04128959578130204,0.03280343330113707,0.017202244465652123
113,0.056550000000000045,5.1996103969879394e-08,1679.5241331522645,0.17845818938999577,0.9138706166295963,0.7643272916568075,0.6469641758553784,0.009977200547975639,0.04129176803740568,0.03280843604694099,0.017206366554739862
114,0.057050000000000045,5.17626719138224e-08,1679.4306693575843,0.17884679059647135,0.9139113570786623,0.7644387682701859,0.6471311669268247,0.009984045813126462,0.04129391776925855,0.03281338790304767,0.017210447419731618
115,0.057550000000000046,5.153240613101118e-08,1679.3377763904903,0.17923502434873062,0.9139520590043024,0.7645501394733111,0.6472980000945582,0.009990829047179977,0.04129604533494783,0.032818289664060134,0.017214487694120196
116,0.058050000000000046,5.1305237268214896e-08,1679.2454455001146,0.1796228911677142,0.9139927224611313,0.764661405415623,0.6474646755824394,0.009997551116635299,0.04129815108404359,0.03282314210589668,0.01721848799664828
117,0.058550000000000046,5.1081098060235614e-08,1679.1536681413754,0.1800103915733787,0.9140333475036607,0.7647725662462802,0.6476311936139059,0.010004212868345125,0.04130023535768304,0.03282794598595035,0.017222448931416324
118,0.05905000000000005,5.085992326598749e-08,1679.0624359628084,0.18039752608469858,0.9140739341862991,0.764883622114159,0.6477975544119731,0.010010815130781505,0.041302298489047116,0.03283270204415428,0.017226371088738066
119,0.05955000000000005,5.0641649577276494e-08,1678.9717408056117,0.18078429521966877,0.9141144825633524,0.7649945731678544,0.6479637581992356,0.01001735871402879,0.041304340803435174,0.03283741100312194,0.017230255045234497
120,0.06005000000000005,5.04262155485015e-08,1678.8815746968114,0.1811706994953069,0.9141549926890242,0.7651054195556815,0.6481298051978681,0.010023844410450393,0.04130636261854756,0.03284207356876802,0.017234101364324846
121,0.06055000000000005,5.02135615320944e-08,1678.7919298417482,0.1815567394276555,0.9141954646174155,0.7652161614256753,0.6482956956296262,0.010030272995437893,0.0413083642447905,0.03284669043098207,0.017237910596762114
122,0.06105000000000005,5.000362961589069e-08,1678.7027986171618,0.18194241553178458,0.9142358984025258,0.7653267989255926,0.6484614297158475,0.010036645228095954,0.041310345985557516,0.03285126226424949,0.01724168328112614
123,0.06155000000000005,4.979636353714108e-08,1678.614173574137,0.18232772832179367,0.9142762940982526,0.765437332202911,0.6486270076774527,0.010042961850805894,0.04131230813715959,0.0328557897274632,0.01724541994364955
124,0.06205000000000005,4.959170864914746e-08,1678.526047423088,0.182712678310814,0.9143166517583917,0.7655477614048302,0.6487924297349466,0.010049223590842518,0.04131425098939123,0.032860273465203586,0.01724912109925606
125,0.06255000000000005,4.938961184967831e-08,1678.438413033819,0.18309726601101128,0.9143569714366383,0.7656580866782738,0.6489576961084185,0.010055431160274008,0.0413161748255598,0.03286471410778118,0.017252787251578673
126,0.06305000000000005,4.919002152560888e-08,1678.3512634308133,0.18348149193358737,0.9143972531865858,0.7657683081698885,0.6491228070175439,0.010061585256409855,0.04131807992268304,0.03286911227166854,0.017256418893299527
127,0.06355000000000005,4.8992887492046026e-08,1678.264591791678,0.1838653565887829,0.9144374970617273,0.765878426026045,0.6492877626815853,0.010067686561891751,0.04131996655157396,0.03287346855967273,0.017260016506276385
128,0.06405000000000005,4.87981609684246e-08,1678.178391432718,0.1842488604858795,0.9144777031154552,0.7659884403928388,0.6494525633193929,0.01007373574625708,0.04132183497737866,0.03287778356215497,0.017263580562534395
129,0.06455000000000005,4.860579449562415e-08,1678.092655817612,0.18463200413320185,0.9145178714010616,0.7660983514160912,0.6496172091494059,0.010079733464867532,0.04132368545929722,0.032882057856364624,0.01726711152370137
130,0.06505000000000005,4.8415741911265085e-08,1678.0073785451887,0.18501478803812033,0.9145580019717384,0.7662081592413502,0.6497817003896531,0.010085680360227098,0.04132551825104147,0.03288629200747564,0.017270609841849506
131,0.06555000000000005,4.8227958301356303e-08,1677.9225533469314,0.18539721270705276,0.9145980948805781,0.7663178640138897,0.6499460372577542,0.0100915770621921,0.041327333600948014,0.03289048656882772,0.017274075959681008
132,0.06605000000000005,4.80423999497737e-08,1677.838174086224,0.18577927864546695,0.914638150180573,0.766427465878711,0.6501102199709207,0.010097424187984493,0.041329131752029166,0.032894642082024875,0.017277510310596263
133,0.06655000000000005,4.7859024309838895e-08,1677.7542347499252,0.18616098635788292,0.9146781679246168,0.7665369649805447,0.6502742487459566,0.010103222343084452,0.04133091294229278,0.03289875907765592,0.017280913319276458
134,0.06705000000000005,4.767778994913058e-08,1677.6707294510315,0.18654233634787504,0.914718148165503,0.7666463614638489,0.6504381237992597,0.01010897212085809,0.04133267740467133,0.03290283807511268,0.017284285401521066
135,0.06755000000000005,4.74986565334829e-08,1677.5876524169037,0.18692332911807416,0.9147580909559272,0.7667556554728117,0.6506018453468222,0.010114674103838076,0.041334425367457066,0.03290687958357874,0.017287626965053305
136,0.06805000000000005,4.7321584763590406e-08,1677.5049979966393,0.18730396517017,0.9147979963484857,0.7668648471513507,0.6507654136042321,0.010120328862816412,0.0413361570540642,0.032910884101463034,0.01729093840904039
137,0.06855000000000006,4.714653636089464e-08,1677.4227606499335,0.18768424500491324,0.9148378643956764,0.7669739366431144,0.6509288287866736,0.010125936958057316,0.04133787268344008,0.03291485211733439,0.017294220124855153
138,0.06905000000000006,4.69734740301429e-08,1677.340934945643,0.18806416912211782,0.9148776951498995,0.7670829240914832,0.6510920911089285,0.010131498939402166,0.04133957247013472,0.03291878411006706,0.017297472496185802
139,0.06955000000000006,4.680236142628408e-08,1677.2595155592928,0.18844373802066294,0.9149174886634566,0.7671918096395681,0.651255200785377,0.010137015346497054,0.041341256624406776,0.032922680549070944,0.017300695899216026
140,0.07005000000000006,4.6633163112096844e-08,1677.1784972749288,0.18882295219849543,0.9149572449885519,0.7673005934302135,0.6514181580299986,0.010142486708524787,0.041342925352177165,0.03292654189416976,0.017303890702514237
141,0.07055000000000006,4.646584455380299e-08,1677.0978749723427,0.18920181215263188,0.914996964177292,0.7674092756059968,0.6515809630563729,0.010147913545613532,0.04134457885549304,0.03293036859666059,0.01730705726790048
142,0.07105000000000006,4.630037206667962e-08,1677.0176436348538,0.18958031837916067,0.9150366462816862,0.7675178563092293,0.6517436160776808,0.01015329636789354,0.041346217332272776,0.032934161098710564,0.017310195949938056
143,0.07155000000000006,4.613671280196349e-08,1676.9377983410866,0.18995847137324443,0.9150762913536467,0.7676263356819562,0.6519061173067052,0.010158635676387846,0.041347840976609526,0.032937919834046134,0.017313307096494788
144,0.07205000000000006,4.597483472748601e-08,1676.8583342596676,0.19033627162912184,0.9151158994449887,0.7677347138659578,0.6520684669558324,0.010163931963570925,0.04134944997897152,0.032941645228404384,0.01731639104910799
145,0.07255000000000006,4.581470657569751e-08,1676.7792466577523,0.19071371964011005,0.915155470607431,0.7678429910027503,0.652230665237052,0.010169185712344087,0.04135104452592048,0.03294533769886893,0.01731944814242633
146,0.07305000000000006,4.565629785227406e-08,1676.7005308852852,0.19109081589860683,0.9151950048925959,0.7679511672335865,0.652392712361959,0.010174397397792797,0.04135262480067426,0.03294899765516097,0.01732247870527042
147,0.07355000000000006,4.549957878543541e-08,1676.6221823839594,0.19146756089609246,0.9152345023520098,0.7680592426994551,0.652554608541754,0.010179567486115383,0.041354190982809444,0.03295262549893908,0.017325483060045353
148,0.07405000000000006,4.534452032555579e-08,1676.5441966759413,0.1918439551231321,0.9152739630371025,0.7681672175410827,0.6527163539872445,0.010184696435871969,0.0413557432486669,0.03295622162472781,0.017328461523501922
149,0.07455000000000006,4.5191094102401235e-08,1676.4665693705174,0.19221999906937792,0.915313386999209,0.7682750918989344,0.6528779489088457,0.01018978469718055,0.04135728177113438,0.032959786419403274,0.017331414406303314
150,0.07505000000000006,4.5039272422377146e-08,1676.389296154541,0.19259569322357104,0.915352774289568,0.7683828659132134,0.6530393935165807,0.010194832712771348,0.04135880671999089,0.03296332026298079,0.01733434201367031
151,0.07555000000000006,4.4889028239950625e-08,1676.3123727939808,0.19297103807354382,0.9153921249593232,0.7684905397238623,0.6532006880200828,0.010199840917770054,0.04136031826186541,0.03296682352850922,0.01733724464528695
152,0.07605000000000006,4.474033513295116e-08,1676.2357951342833,0.1933460341062219,0.9154314390595234,0.7685981134705637,0.6533618326285954,0.010204809739617493,0.041361816560236485,0.0329702965820605,0.01734012259528505
153,0.07655000000000006,4.4593167300989893e-08,1676.1595590913018,0.19372068180762625,0.9154707166411221,0.7687055872927406,0.653522827550973,0.0102097395990733,0.041363301775757935,0.03297373978347513,0.017342976152855537
154,0.07705000000000006,4.4447499528641896e-08,1676.083660657459,0.1940949816628755,0.9155099577549789,0.7688129613295576,0.6536836729956826,0.010214630909472543,0.04136477406605683,0.03297715348588491,0.01734580560184667
155,0.07755000000000006,4.430330717502797e-08,1676.008095897101,0.1944689341561877,0.9155491624518584,0.7689202357199203,0.6538443691708041,0.010219484077223681,0.04136623358590529,0.032980538036102514,0.017348611221080747
156,0.07805000000000006,4.416056616365873e-08,1675.9328609419792,0.19484253977088264,0.9155883307824312,0.7690274106024766,0.6540049162840313,0.010224299502293149,0.04136768048738714,0.03298389377499926,0.017351393284661405
157,0.07855000000000006,4.401925296299045e-08,1675.8579519909924,0.19521579898938393,0.9156274627972741,0.7691344861156181,0.6541653145426731,0.010229077578201975,0.041369114919916794,0.03298722103754098,0.017354152061997703
158,0.07905000000000006,4.3879344557898465e-08,1675.7833653142113,0.19558871229322095,0.91566655854687,0.7692414623974793,0.6543255641536537,0.010233818691531412,0.04137053703011067,0.03299052015248163,0.01735688781754449
159,0.07955000000000007,4.3740818453355965e-08,1675.7090972432532,0.19596128016303097,0.9157056180816081,0.7693483395859387,0.6544856653235145,0.010238523222996877,0.041371946962128675,0.03299379144314769,0.01735960081144742
160,0.08005000000000007,4.360365265288703e-08,1675.6351441727966,0.19633350307856126,0.9157446414517848,0.7694551178186196,0.654645618258414,0.010243191547243834,0.04137334485763117,0.03299703522733097,0.01736229129944891
161,0.08055000000000007,4.346782564061704e-08,1675.5615025608497,0.1967053815186711,0.9157836287076027,0.7695617972328905,0.6548054231641294,0.010247824032787413,0.04137473085577883,0.033000251817281,0.017364959532876787
162,0.08105000000000007,4.333331637309933e-08,1675.4881689249917,0.19707691596133395,0.9158225798991722,0.7696683779658665,0.6549650802460572,0.010252421042415645,0.04137610509337082,0.03300344152001857,0.017367605758899438
163,0.08155000000000007,4.320010425885364e-08,1675.4151398442534,0.19744810688363928,0.9158614950765106,0.7697748601544081,0.6551245897092136,0.010256982932945137,0.04137746770478863,0.03300660463719858,0.01737023022040726
164,0.08205000000000007,4.3068169156996984e-08,1675.342411952809,0.19781895476179479,0.915900374289543,0.769881243935123,0.6552839517582366,0.0102615100559194,0.04137881882222114,0.03300974146562587,0.017372833156436014
165,0.08255000000000007,4.293749135422542e-08,1675.269981943455,0.1981894600711284,0.9159392175881022,0.7699875294443674,0.6554431665973859,0.010266002757182207,0.04138015857555309,0.03301285229698982,0.017375414801942105
166,0.08305000000000007,4.280805156081362e-08,1675.1978465628852,0.19855962328609025,0.9159780250219288,0.7700937168182448,0.6556022344305434,0.010270461377395273,0.041381487092535016,0.03301593741825265,0.017377975388120536
167,0.08355000000000007,4.267983089439137e-08,1675.1260026126072,0.1989294448802548,0.9160167966406719,0.7701998061926077,0.6557611554612155,0.010274886251908194,0.041382804498759404,0.033018997111588115,0.017380515142349715
168,0.08405000000000007,4.255281087019838e-08,1675.0544469471754,0.19929892532632265,0.9160555324938888,0.7703057977030581,0.6559199298925327,0.010279277710936926,0.04138411091772852,0.03302203165453301,0.01738303428831313
169,0.08455000000000007,4.242697339461445e-08,1674.983176471127,0.19966806509612287,0.9160942326310452,0.7704116914849476,0.656078557927251,0.010283636079893002,0.04138540647096645,0.03302504132024176,0.01738553304620673
170,0.08505000000000007,4.2302300743558986e-08,1674.912188142958,0.20003686466061477,0.9161328971015161,0.7705174876733791,0.6562370397677527,0.010287961678902887,0.04138669127788998,0.0330280263771809,0.017388011632481395
171,0.08555000000000007,4.217877556263529e-08,1674.8414789694507,0.20040532448988999,0.9161715259545853,0.7706231864032058,0.6563953756160472,0.010292254823438282,0.04138796545600943,0.03303098708959023,0.017390470260222
172,0.08605000000000007,4.20563808612275e-08,1674.771046002851,0.20077344505317438,0.9162101192394456,0.7707287878090326,0.6565535656737719,0.010296515824619202,0.04138922912103142,0.03303392371771642,0.0173929091393378
173,0.08655000000000007,4.1935099991585e-08,1674.7008863451008,0.2011412268188303,0.9162486770052,0.7708342920252174,0.6567116101421933,0.010300744988705885,0.04139048238672062,0.03303683651748672,0.017395328476287938
174,0.08705000000000007,4.181491663736182e-08,1674.6309971479754,0.20150867025435817,0.9162871993008601,0.77093969918587,0.6568695092222069,0.010304942617061857,0.04139172536490148,0.033039725740507855,0.01739772847407699
175,0.08755000000000007,4.1695814826477336e-08,1674.561375602119,0.20187577582639885,0.9163256861753483,0.7710450094248541,0.6570272631143396,0.010309109007396566,0.04139295816583817,0.03304259163494444,0.017400109332981226
176,0.08805000000000007,4.157777889873322e-08,1674.4920189470902,0.20224254400073535,0.9163641376774966,0.771150222875787,0.6571848720187492,0.010313244452588851,0.041394180897897696,0.03304543444473119,0.01740247124989102
177,0.08855000000000007,4.146079350695325e-08,1674.4229244661276,0.20260897524229485,0.9164025538560471,0.7712553396720407,0.6573423361352257,0.010317349241270682,0.04139539366773422,0.03304825440999678,0.017404814418659705
178,0.08905000000000007,4.134484361812888e-08,1674.3540894809626,0.2029750700151509,0.9164409347596529,0.7713603599467426,0.6574996556631927,0.010321423658406175,0.04139659658047096,0.03305105176748253,0.0174071390304484
179,0.08955000000000007,4.122991448478923e-08,1674.2855113606988,0.20334082878252496,0.9164792804368777,0.7714652838327751,0.6576568308017071,0.010325467984250563,0.04139778973940344,0.033053826749847935,0.017409445273145953
180,0.09005000000000007,4.111599166142204e-08,1674.21718750975,0.2037062520067887,0.9165175909361956,0.7715701114627769,0.657813861749461,0.010329482495722075,0.041398973246414915,0.033056579586632655,0.01741173333216539
181,0.09055000000000007,4.100306097325779e-08,1674.149115378257,0.20407134014946593,0.9165558663059924,0.7716748429691439,0.657970748704782,0.010333467465184636,0.04140014720162737,0.0330593105034407,0.017414003389763122
182,0.09105000000000008,4.089110852989519e-08,1674.081292451536,0.2044360936712342,0.9165941065945649,0.7717794784840292,0.658127491865634,0.010337423161646988,0.04140131170376502,0.03306201972278195,0.017416255625735524
183,0.09155000000000008,4.0780120709269355e-08,1674.0137162536,0.20480051303192714,0.9166323118501214,0.7718840181393433,0.6582840914296184,0.010341349850340424,0.041402466850039246,0.03306470746380078,0.017418490217190743
184,0.09205000000000008,4.06700841477781e-08,1673.9463843479432,0.20516459869053624,0.9166704821207823,0.7719884620667553,0.6584405475939747,0.010345247792612632,0.041403612736126846,0.033067373942221596,0.017420707338500763
185,0.09255000000000008,4.0560985736447555e-08,1673.8792943355672,0.20552835110521261,0.9167086174545788,0.7720928103976934,0.658596860555581,0.010349117246139522,0.04140474945624161,0.03307001937051167,0.01742290716143421
186,0.09305000000000008,4.045281262594371e-08,1673.8124438488294,0.20589177073326936,0.9167467178994557,0.7721970632633457,0.6587530305109556,0.01035295846561938,0.04140587710334695,0.03307264395837259,0.017425089855562525
187,0.09355000000000008,4.03455521965562e-08,1673.745830562233,0.20625485803118293,0.9167847835032692,0.7723012207946597,0.6589090576562572,0.010356771701514025,0.041406995768794905,0.0330752479118965,0.017427255587555878
188,0.09405000000000008,4.023919207808376e-08,1673.679452179337,0.20661761345459534,0.9168228143137881,0.7724052831223436,0.6590649421872857,0.010360557201543873,0.04140810554277348,0.03307783143460396,0.01742940452204395
189,0.09455000000000008,4.013372012304554e-08,1673.61330644224,0.20698003745831625,0.9168608103786945,0.7725092503768671,0.6592206842994839,0.01036431520957997,0.041409206513989744,0.03308039472670303,0.017431536820997368
190,0.09505000000000008,4.0029124420804744e-08,1673.5473911213876,0.20734213049632444,0.9168987717455824,0.7726131226884617,0.6593762841879367,0.010368045966806294,0.041410298770018554,0.03308293798589789,0.017433652644398095
191,0.09555000000000008,3.9925393268236684e-08,1673.4817040265725,0.20770389302176995,0.9169366984619598,0.7727169001871207,0.6595317420473735,0.010371749710437164,0.041411382396934655,0.03308546140652916,0.017435752149522095
192,0.09605000000000008,3.982251518976023e-08,1673.4162429939954,0.20806532548697604,0.9169745905752477,0.7728205830026004,0.6596870580721683,0.010375426675197034,0.041412457479753584,0.03308796518059746,0.01743783549178871
193,0.09655000000000008,3.9720478914046516e-08,1673.351005894534,0.20842642834344086,0.9170124481327802,0.7729241712644201,0.6598422324563404,0.010379077092353604,0.04141352410215602,0.03309044949711864,0.01743990282422217
194,0.09705000000000008,3.961927338257454e-08,1673.285990626523,0.20878720204183954,0.9170502711818058,0.7730276651018642,0.6599972653935555,0.010382701190538798,0.04141458234673505,0.03309291454269673,0.01744195429792633
195,0.09755000000000008,3.951888772667753e-08,1673.2211951241202,0.20914764703202596,0.9170880597694866,0.7731310646439798,0.6601521570771264,0.010386299194770974,0.0414156322947176,0.03309536050087233,0.017443990061540397
196,0.09805000000000008,3.9419311284805756e-08,1673.15661734591,0.2095077637630345,0.9171258139428986,0.7732343700195801,0.6603069077000137,0.010389871327758343,0.04141667402635194,0.03309778755302243,0.017446010261985875
197,0.09855000000000008,3.932053357978869e-08,1673.0922552833524,0.2098675526830823,0.9171635337490328,0.7733375813572436,0.6604615174548268,0.010393417808912416,0.04141770762062639,0.033100195877702514,0.01744801504391714
198,0.09905000000000008,3.922254432477665e-08,1673.0281069551136,0.2102270142395706,0.9172012192347937,0.7734406987853146,0.6606159865338247,0.010396938854990951,0.04141873315546346,0.03310258565109626,0.017450004550093916
199,0.09955000000000008,3.912533342062987e-08,1672.964170405674,0.21058614887908697,0.917238870447001,0.7735437224319041,0.6607703151289164,0.010400434680247875,0.04141975070776976,0.033104957047129284,0.017451978921474185
200,0.10005000000000008,3.902889093926779e-08,1672.9004437110625,0.210944957047407,0.9172764874323897,0.7736466524248898,0.6609245034316623,0.010403905495760266,0.041420760353246225,0.033107310237024554,0.017453938296842327
201,0.10055000000000008,3.893320713257899e-08,1672.836924971865,0.2113034391894962,0.9173140702376085,0.7737494888919176,0.6610785516332743,0.010407351510225392,0.04142176216662633,0.03310964538985495,0.017455882813267442
202,0.10105000000000008,3.8838272421579866e-08,1672.7736123161858,0.2116615957495119,0.917351618909223,0.7738522319604014,0.6612324599246174,0.010410772929608207,0.04142275622157935,0.033111962672315545,0.01745781260591211
203,0.10155000000000008,3.8744077394136614e-08,1672.7105038983905,0.21201942717080485,0.9173891334937134,0.7739548817575236,0.6613862284962099,0.01041416995727669,0.04142374259075554,0.03311426224882662,0.017459727808116537
204,0.10205000000000009,3.8650612805521783e-08,1672.647597896452,0.21237693389592127,0.9174266140374755,0.7740574384102354,0.6615398575382242,0.010417542794298617,0.04142472134587794,0.0331165442817454,0.017461628551573325
205,0.10255000000000009,3.855786956505322e-08,1672.584892516435,0.21273411636660475,0.9174640605868215,0.7741599020452586,0.661693347240488,0.010420891638913946,0.04142569255759469,0.03311880893101968,0.017463514966037427
206,0.10305000000000009,3.846583873960015e-08,1672.522385988481,0.21309097502379773,0.9175014731879788,0.7742622727890849,0.6618466977924845,0.010424216686989271,0.04142665629561645,0.03312105635450586,0.01746538717958956
207,0.10355000000000009,3.837451155427785e-08,1672.4600765642354,0.21344751030764358,0.9175388518870917,0.7743645507679762,0.6619999093833537,0.010427518132306067,0.04142761262880505,0.03312328670817381,0.017467245318805363
208,0.10405000000000009,3.8283879379321377e-08,1672.3979625214195,0.21380372265748843,0.9175761967302207,0.7744667361079662,0.6621529822018931,0.01043079616602343,0.041428561625022904,0.033125500145753564,0.017469089508459674
209,0.10455000000000009,3.8193933733701e-08,1672.3360421598907,0.21415961251188273,0.9176135077633426,0.7745688289348602,0.6623059164365579,0.010434050977124755,0.04142950335126742,0.03312769681904688,0.01747091987178471
210,0.10505000000000009,3.810466627218838e-08,1672.2743138062733,0.21451518030858338,0.9176507850323515,0.7746708293742365,0.6624587122754627,0.010437282751873792,0.041430437873518584,0.03312987687756969,0.017472736530170715
211,0.10555000000000009,3.801606880006066e-08,1672.2127758043619,0.2148704264845553,0.9176880285830582,0.774772737551445,0.6626113699063815,0.010440491674915764,0.04143136525706224,0.03313204046930439,0.0174745396037915
212,0.10605000000000009,3.792813325474688e-08,1672.1514265226513,0.2152253514759731,0.9177252384611906,0.7748745535916097,0.6627638895167488,0.010443677928398747,0.04143228556624055,0.033134187740115846,0.017476329211116564
213,0.10655000000000009,3.7840851709594754e-08,1672.0902643504883,0.21557995571822336,0.9177624147123944,0.7749762776196285,0.6629162712936605,0.010446841692410658,0.041433198864582924,0.033136318834055115,0.017478105469162848
214,0.10705000000000009,3.775421636396435e-08,1672.0292877013783,0.21593423964590586,0.9177995573822321,0.7750779097601734,0.6630685154238742,0.010449983144589014,0.04143410521469789,0.0331384338931052,0.017479868493281623
215,0.10755000000000009,3.766821954978279e-08,1671.9684950077503,0.2162882036928356,0.9178366665161845,0.7751794501376914,0.6632206220938107,0.010453102460718733,0.041435004678449995,0.03314053305759232,0.017481618397500013
216,0.10805000000000009,3.7582853729876613e-08,1671.9078847200187,0.21664184829204466,0.91787374215965,0.7752808988764046,0.6633725914895539,0.01045619981483325,0.041435897316993056,0.033142616466261696,0.0174833552945831
217,0.10855000000000009,3.74981114800918e-08,1671.8474553142485,0.21699517387578374,0.9179107843579452,0.7753822561003112,0.6635244237968518,0.010459275378320781,0.04143678319051671,0.03314468425568455,0.0174850792955383
218,0.10905000000000009,3.741398550407565e-08,1671.7872052826872,0.21734818087552416,0.9179477931563049,0.775483521933186,0.6636761192011181,0.010462329321012112,0.04143766235856408,0.03314673656099774,0.017486790510230926
219,0.10955000000000009,3.7330468623611227e-08,1671.727133137181,0.21770086972195943,0.9179847685998829,0.7755846964985806,0.6638276778874318,0.01046536181077878,0.041438534879919824,0.03314877351564105,0.017488489047164005
220,0.11005000000000009,3.724755376908833e-08,1671.6672374126153,0.21805324084500702,0.9180217107337506,0.7756857799198233,0.6639791000405387,0.010468373013127974,0.04143940081249757,0.0331507952510928,0.01749017501325676
221,0.11055000000000009,3.7165233991572324e-08,1671.6075166589267,0.21840529467381034,0.9180586196028995,0.7757867723200216,0.6641303858448517,0.010471363092120243,0.041440260213607784,0.03315280189749369,0.017491848514363712
222,0.1110500000000001,3.708350245330195e-08,1671.547969444577,0.2187570316367401,0.9180954952522389,0.7758876738220603,0.6642815354844517,0.010474332209961034,0.04144111313984384,0.03315479358337938,0.01749350965505072
223,0.1115500000000001,3.700235242099077e-08,1671.4885943586191,0.21910845216139632,0.918132337726598,0.7759884845486034,0.6644325491430885,0.010477280526754989,0.04144195964701512,0.03315677043552291,0.01749515853846247
224,0.1120500000000001,3.692177726988382e-08,1671.4293900070568,0.21945955667461003,0.9181691470707255,0.7760892046220944,0.6645834270041816,0.010480208200921545,0.04144279979027003,0.033158732579220467,0.017496795266559857
225,0.1125500000000001,3.6841770479788247e-08,1671.370355013506,0.2198103456024449,0.9182059233292886,0.7761898341647566,0.6647341692508202,0.01048311538911164,0.04144363362407555,0.03316068013824219,0.01749841994007799
226,0.1130500000000001,3.6762325631161475e-08,1671.311488019885,0.22016081937019907,0.9182426665468757,0.776290373298594,0.6648847760657652,0.010486002246122294,0.04144446120219606,0.03316261323478165,0.017500032658483048
227,0.1135500000000001,3.668343640655159e-08,1671.252787684247,0.2205109784024068,0.9182793767679943,0.776390822145391,0.665035247631449,0.010488868925141575,0.04144528257776705,0.033164531989626385,0.017501633520113666
228,0.1140500000000001,3.660509658938226e-08,1671.1942526800606,0.22086082312284014,0.9183160540370718,0.7764911808267133,0.6651855841299762,0.010491715577826192,0.041446097803320446,0.03316643652221601,0.01750322262222851
229,0.1145500000000001,3.6527300052211485e-08,1671.1358817012501,0.22121035395451086,0.9183526983984568,0.7765914494639091,0.6653357857431251,0.010494542353712185,0.041446906930619046,0.03316832695025414,0.01750480006068161
230,0.1150500000000001,3.645004076882574e-08,1671.077673454332,0.22155957131967183,0.9183893098964172,0.7766916281781087,0.6654858526523475,0.010497349401120157,0.041447710010918966,0.0331702033903202,0.017506365930431898
231,0.1155500000000001,3.63733128025549e-08,1671.0196266634846,0.221908475639819,0.9184258885751423,0.7767917170902247,0.6656357850387701,0.010500136866562846,0.04144850709480294,0.03317206595747893,0.017507920325216607
232,0.1160500000000001,3.629711030522034e-08,1670.9617400698912,0.22225706733569295,0.9184624344787422,0.7768917163209534,0.6657855830831952,0.010502904894815838,0.04144929823220371,0.033173914765333726,0.01750946333759491
233,0.1165500000000001,3.6221427526558837e-08,1670.904012425344,0.22260534682728053,0.9184989476512472,0.7769916259907751,0.665935246966101,0.010505653629653283,0.041450083472617215,0.03317574992652366,0.01751099505936189
234,0.1170500000000001,3.614625878961487e-08,1670.8464425045515,0.2229533145338168,0.9185354281366098,0.7770914462199544,0.6660847768676424,0.010508383212417266,0.04145086286469658,0.0331775715517737,0.017512515580755086
235,0.1175500000000001,3.607159851591432e-08,1670.7890290901425,0.2233009708737865,0.9185718759787035,0.7771911771285402,0.6662341729676524,0.010511093783750099,0.041451636456749916,0.0331793797510568,0.0175140249914236
236,0.1180500000000001,3.599744120615849e-08,1670.7317709821227,0.2236483162649256,0.9186082912213227,0.7772908188363669,0.6663834354456419,0.010513785482493845,0.0414524042964286,0.033181174632864456,0.017515523379818525
237,0.1185500000000001,3.5923781439312e-08,1670.6746669972872,0.2239953511242234,0.9186446739081847,0.7773903714630548,0.6665325644808011,0.010516458445753867,0.0414531664307483,0.0331829563042547,0.01751701083323223
238,0.1190500000000001,3.58506138794688e-08,1670.6177159643191,0.22434207586792376,0.9186810240829275,0.7774898351280104,0.6666815602519995,0.01051911280946186,0.041453922906252244,0.033184724871232675,0.017518487438115307
239,0.1195500000000001,3.577793326972594e-08,1670.5609167260968,0.22468849091152704,0.9187173417891117,0.7775892099504266,0.6668304229377875,0.010521748708104009,0.04145467376893618,0.03318648043857428,0.017519953279928675
240,0.1200500000000001,3.5705734431290526e-08,1670.5042681391378,0.22503459666979161,0.9187536270702203,0.7776884960492836,0.6669791527163967,0.010524366274781254,0.04145541906426805,0.03318822310987124,0.017521408443180477
241,0.1205500000000001,3.5634012260029285e-08,1670.4477690744902,0.2253803935567356,0.9187898799696578,0.7777876935433492,0.6671277497657401,0.01052696564110142,0.041456158837159814,0.03318995298746412,0.017522853011369483
242,0.1210500000000001,3.556276172563026e-08,1670.3914184171986,0.22572588198563853,0.9188261005307524,0.7778868025511797,0.6672762142634138,0.010529546937236943,0.041456893131986305,0.03319167017248558,0.01752428706702052
243,0.1215500000000001,3.549197787333961e-08,1670.3352150643343,0.22607106236904292,0.9188622887967545,0.7779858231911195,0.667424546386697,0.01053211029214876,0.04145762199265134,0.033193374765014,0.01752571069181208
244,0.1220500000000001,3.542165582312479e-08,1670.279157924483,0.2264159351187559,0.9188984448108372,0.7780847555813021,0.6675727463125529,0.010534655833642208,0.041458345462605864,0.033195066864114955,0.017527123966610363
245,0.1225500000000001,3.535179075864518e-08,1670.2232459230038,0.22676050064585104,0.9189345686160973,0.7781835998396507,0.6677208142176295,0.010537183687752746,0.04145906358467556,0.03319674656743737,0.01752852697113133
246,0.1230500000000001,3.528237793672843e-08,1670.1674779957696,0.22710475936066968,0.9189706602555541,0.7782823560838787,0.6678687502782601,0.010539693979468086,0.041459776401268536,0.03319841397169801,0.01752991978434475
247,0.1235500000000001,3.5213412684030686e-08,1670.1118530901208,0.22744871167282285,0.9190067197721508,0.7783810244314896,0.6680165546704642,0.010542186832613668,0.041460483954344714,0.03320006917260948,0.017531302484413425
248,0.1240500000000001,3.514489039120294e-08,1670.0563701672768,0.22779235799119266,0.9190427472087542,0.7784796049997776,0.6681642275699481,0.01054466236956941,0.04146118628533768,0.033201712264696266,0.017532675148538977
249,0.1245500000000001,3.507680651725499e-08,1670.0010281989812,0.22813569872393408,0.9190787426081544,0.7785780979058289,0.6683117691521053,0.010547120711654864,0.04146188343526608,0.0332033433415546,0.01753403785317832
250,0.1250500000000001,3.50091565837648e-08,1669.9458261699322,0.2284787342784766,0.9191147060130661,0.7786765032665215,0.6684591795920182,0.01054956197884388,0.04146257544465465,0.033204962495667054,0.01753539067388821
251,0.1255500000000001,3.494193617672343e-08,1669.89076307589,0.22882146506152556,0.9191506374661277,0.7787748211985253,0.6686064590644574,0.010551986289980572,0.04146326235359759,0.03320656981854979,0.01753673368544773
252,0.1260500000000001,3.487514094081058e-08,1669.8358379261254,0.22916389147906405,0.9191865370099017,0.7788730518183029,0.6687536077438835,0.01055439376249178,0.04146394420167904,0.03320816540056586,0.01753806696170167
253,0.1265500000000001,3.480876658629939e-08,1669.781049738654,0.22950601393635442,0.9192224046868759,0.7789711952421108,0.6689006258044472,0.01055678451293645,0.041464621028130644,0.033209749331293156,0.01753939057586751
254,0.1270500000000001,3.4742808883348036e-08,1669.7263975427015,0.22984783283793983,0.9192582405394615,0.7790692515859988,0.6690475134199902,0.010559158656716475,0.04146529287175152,0.03321132169933629,0.017540704600377686
255,0.1275500000000001,3.467726365635946e-08,1669.6718803811802,0.23018934858764586,0.9192940446099952,0.7791672209658109,0.6691942707640459,0.010561516307786116,0.04146595977082789,0.03321288259213796,0.017542009106721424
256,0.1280500000000001,3.461212679089656e-08,1669.617497305943,0.23053056158858218,0.9193298169407387,0.7792651034971855,0.6693408980098401,0.010563857579199105,0.04146662176328981,0.03321443209634486,0.01754330416575002
257,0.1285500000000001,3.454739423054933e-08,1669.5632473788312,0.23087147224314392,0.9193655575738781,0.7793628992955561,0.6694873953302911,0.010566182582984402,0.04146727888667771,0.0332159702977288,0.01754458984761044
258,0.1290500000000001,3.448306197383958e-08,1669.5091296727255,0.23121208095301368,0.9194012665515257,0.7794606084761525,0.6696337628980117,0.010568491430020876,0.04146793117810871,0.033217497281107136,0.017545866221678343
259,0.1295500000000001,3.441912607116287e-08,1669.45514327261,0.2315523881191626,0.9194369439157187,0.7795582311539995,0.6697800008853083,0.010570784229911005,0.04146857867424274,0.03321901313026281,0.017547133356490715
260,0.1300500000000001,3.43555826292046e-08,1669.4012872722988,0.2318923941418522,0.9194725897084198,0.7796557674439184,0.669926109464183,0.010573061091357475,0.04146922141139062,0.0332205179281967,0.01754839131995637
261,0.1305500000000001,3.429242781035987e-08,1669.3475607740675,0.23223209942063605,0.9195082039715183,0.779753217460528,0.6700720888063333,0.010575322122203558,0.04146985942552702,0.033222011757157326,0.01754964017938036
262,0.1310500000000001,3.422965782228156e-08,1669.293962894074,0.23257150435436108,0.9195437867468282,0.7798505813182441,0.6702179390831529,0.010577567428800578,0.04147049275211365,0.033223494698226226,0.017550880001116837
263,0.1315500000000001,3.416726892973628e-08,1669.2404927547689,0.23291060934116928,0.9195793380760904,0.7799478591312802,0.6703636604657328,0.01057979711688649,0.04147112142634873,0.03322496683190152,0.01755211085105652
264,0.1320500000000001,3.410525744664319e-08,1669.1871494888833,0.23324941477849928,0.9196148580009719,0.780045051013648,0.6705092531248621,0.010582011291119997,0.041471745483037094,0.0332264282377931,0.017553332794371424
265,0.1325500000000001,3.40436197331155e-08,1669.133932240535,0.2335879210630878,0.9196503465630657,0.7801421570791576,0.6706547172310274,0.010584210054949614,0.04147236495655487,0.03322787899453935,0.017554545895444817
266,0.1330500000000001,3.398235219989254e-08,1669.080840161993,0.23392612859097137,0.9196858038038922,0.7802391774414192,0.6708000529544151,0.010586393510986463,0.04147297988095609,0.033229319180056185,0.017555750218078998
267,0.1335500000000001,3.39214513078303e-08,1669.0278724133466,0.23426403775748764,0.9197212297648979,0.7803361122138416,0.6709452604649111,0.010588561761040375,0.04147359028998427,0.03323074887156364,0.017556945825517135
268,0.1340500000000001,3.386091356006914e-08,1668.9750281665242,0.2346016489572771,0.9197566244874563,0.7804329615096336,0.6710903399321018,0.010590714905650639,0.04147419621694171,0.03323216814527924,0.017558132780186475
269,0.13455000000000011,3.380073551136099e-08,1668.9223065991773,0.2349389625842846,0.9197919880128685,0.7805297254418051,0.6712352915252744,0.010592853044793531,0.04147479769489014,0.03323357707688728,0.0175593111440904
270,0.13505000000000011,3.374091375538595e-08,1668.8697069016143,0.23527597903176078,0.919827320382362,0.7806264041231664,0.6713801154134179,0.010594976277075143,0.04147539475642494,0.033234975741009615,0.0175604809783654
271,0.13555000000000011,3.368144493407969e-08,1668.8172282706917,0.23561269869226376,0.9198626216370922,0.7807229976663292,0.6715248117652239,0.010597084700437857,0.04147598743387534,0.03323636421167387,0.01756164234367234
272,0.13605000000000012,3.3622325734732885e-08,1668.7648699109623,0.2359491219576604,0.9198978918181421,0.7808195061837068,0.6716693807490869,0.010599178412025076,0.04147657575926758,0.0332377425622269,0.017562795300123654
273,0.13655000000000012,3.356355288227926e-08,1668.7126310387252,0.23628524921912814,0.9199331309665215,0.7809159297875148,0.6718138225331046,0.010601257507708378,0.04147715976419349,0.03323911086502604,0.017563939907024803
274,0.13705000000000012,3.350512315342531e-08,1668.6605108730362,0.23662108086715633,0.9199683391231697,0.7810122685897718,0.6719581372850798,0.01060332208312956,0.0414777394801044,0.03324046919212756,0.01756507622344975
275,0.13755000000000012,3.344703335443212e-08,1668.6085086484682,0.2369566172915477,0.9200035163289526,0.7811085227022989,0.6721023251725199,0.010605372232216147,0.04147831493789556,0.033241817614312316,0.01756620430742553
276,0.13805000000000012,3.3389280342497056e-08,1668.556623601778,0.23729185888142004,0.9200386626246648,0.7812046922367206,0.6722463863626378,0.010607408048727804,0.04147888616834166,0.03324315620210564,0.01756732421678513
277,0.13855000000000012,3.3331861008433373e-08,1668.5048549817839,0.23762680602520758,0.9200737780510299,0.7813007773044661,0.6723903210223531,0.0106094296251073,0.04147945320177542,0.03324448502502392,0.017568436008536827
278,0.13905000000000012,3.327477229074302e-08,1668.4532020403865,0.23796145911066247,0.9201088626486985,0.7813967780167684,0.6725341293182916,0.010611437053521064,0.041480016068380796,0.03324580415226109,0.017569539739438245
279,0.13955000000000012,3.321801115599019e-08,1668.4016640439086,0.2382958185248564,0.9201439164582511,0.7814926944846651,0.6726778114167874,0.010613430424540023,0.04148057479782418,0.033247113651823985,0.017570635465272523
280,0.14005000000000012,3.316157462005457e-08,1668.350240259774,0.23862988465418195,0.9201789395201967,0.7815885268189993,0.6728213674838824,0.010615409828685033,0.04148112941968889,0.03324841359155013,0.01757172324169963
281,0.14055000000000012,3.310545973094973e-08,1668.2989299664068,0.2389636578843541,0.9202139318749727,0.7816842751304195,0.6729647976853274,0.010617375355275144,0.041481679963153426,0.03324970403835318,0.01757280312362472
282,0.14105000000000012,3.304966357089506e-08,1668.2477324515244,0.239297138600412,0.9202488935629465,0.7817799395293809,0.6731081021865826,0.010619327092623521,0.04148222645704759,0.03325098505835412,0.01757387516530753
283,0.14155000000000012,3.299418326550982e-08,1668.1966470060847,0.23963032718671992,0.9202838246244142,0.7818755201261444,0.6732512811528185,0.010621265128739168,0.041482768930050096,0.03325225671734398,0.01757493942074932
284,0.14205000000000012,3.293901597152614e-08,1668.145672931297,0.2399632240269691,0.9203187250996014,0.781971017030778,0.6733943347489164,0.01062318955051041,0.04148330741046102,0.03325351908024999,0.017575995943245822
285,0.14255000000000012,3.288415888598076e-08,1668.0948095325748,0.24029582950417933,0.920353595028664,0.7820664303531574,0.6735372631394688,0.010625100444405781,0.04148384192639899,0.033254772211597554,0.017577044785773602
286,0.14305000000000012,3.282960923399776e-08,1668.044056126555,0.24062814400069996,0.9203884344516863,0.7821617602029658,0.6736800664887801,0.01062699789565629,0.04148437250557352,0.033256016174975936,0.017578086000542545
287,0.14355000000000012,3.277536427797726e-08,1667.9934120350626,0.2409601678982118,0.9204232434086835,0.7822570066896944,0.6738227449608675,0.010628881988955523,0.04148489917548185,0.03325725103349955,0.017579119639381656
288,0.14405000000000012,3.2721421319611515e-08,1667.9428765834243,0.24129190157772837,0.9204580219396008,0.7823521699226433,0.6739652987194616,0.010630752808653485,0.041485421963464074,0.03325847684993672,0.017580145753846588
289,0.14455000000000012,3.266777768302634e-08,1667.8924491104106,0.2416233454195973,0.9204927700843126,0.7824472500109213,0.6741077279280067,0.010632610437599704,0.041485940896380843,0.03325969368595354,0.017581164394586454
290,0.14505000000000012,3.261443073338688e-08,1667.8421289563967,0.24195449980350212,0.9205274878826253,0.782542247063447,0.6742500327496617,0.010634454958517447,0.041486456000998304,0.03326090160301632,0.017582175612098915
291,0.14555000000000012,3.256137786713024e-08,1667.7919154689528,0.2422853651084633,0.9205621753742744,0.7826371611889487,0.6743922133473005,0.010636286453352413,0.04148696730380709,0.033262100661966575,0.017583179456374224
292,0.14605000000000012,3.250861650698595e-08,1667.741808005535,0.24261594171283982,0.9205968325989266,0.7827319924959644,0.674534269883513,0.010638105002958287,0.04148747483093549,0.03326329092281714,0.017584175976724216
293,0.14655000000000012,3.245614411577917e-08,1667.6918059245613,0.24294622999433088,0.9206314595961799,0.7828267410928437,0.6746762025206053,0.010639910688132663,0.04148797860843954,0.033264472445432125,0.017585165222351325
294,0.14705000000000013,3.240395817737074e-08,1667.6419085968228,0.24327623032997697,0.9206660564055621,0.7829214070877468,0.6748180114206007,0.010641703588288847,0.04148847866193323,0.033265645288659336,0.017586147241622007
295,0.14755000000000013,3.235205621046032e-08,1667.592115396567,0.2436059430961615,0.9207006230665331,0.7830159905886455,0.6749596967452399,0.01064348378249108,0.04148897501687839,0.033266809511009625,0.017587122082635225
296,0.14805000000000013,3.230043576594475e-08,1667.5424257027464,0.2439353686686121,0.9207351596184837,0.7831104917033231,0.675101258655982,0.010645251349307626,0.04148946769854436,0.03326796517056227,0.01758808979314304
297,0.14855000000000013,3.224909442197635e-08,1667.492838901731,0.24426450742240224,0.9207696661007357,0.7832049105393757,0.6752426973140047,0.010647006366494429,0.04148995673192075,0.033269112324759764,0.017589050420378536
298,0.14905000000000013,3.219802978139234e-08,1667.4433543885643,0.24459335973195256,0.9208041425525434,0.7832992472042122,0.6753840128802054,0.010648748910847206,0.041490442141677054,0.033270251030312996,0.01759000401097617
299,0.14955000000000013,3.2147239483085366e-08,1667.3939715595109,0.24492192597103224,0.9208385890130921,0.7833935018050543,0.6755252055152017,0.010650479059066905,0.04149092395240469,0.03327138134376845,0.017590950611446523
300,0.15005000000000013,3.209672118779525e-08,1667.3446898205837,0.2452502065127604,0.9208730055214989,0.783487674448937,0.6756662753793313,0.010652196886766543,0.04149140218834108,0.033272503320860805,0.017591890267633924
301,0.15055000000000013,3.204647258715588e-08,1667.2955085815502,0.24557820172960765,0.9209073921168137,0.78358176524271,0.675807222632654,0.01065390246916706,0.04149187687356427,0.033273617016969154,0.01759282302509831
302,0.15105000000000013,3.1996491398807555e-08,1667.246427258655,0.24590591199339742,0.9209417488380175,0.7836757742930368,0.6759480474349507,0.010655595880779224,0.041492348031905185,0.033274722486910796,0.01759374892894229
303,0.15155000000000013,3.194677536616571e-08,1667.197445274443,0.2462333376753073,0.9209760757240242,0.7837697017063958,0.6760887499457253,0.010657277195423072,0.04149281568695378,0.033275819784955474,0.01759466802382287
304,0.15205000000000013,3.189732226279489e-08,1667.1485620546755,0.2465604791458705,0.9210103728136801,0.7838635475890804,0.6762293303242047,0.010658946486585098,0.041493279862159206,0.03327690896506001,0.01759558035414776
305,0.15255000000000013,3.184812988295732e-08,1667.0997770339727,0.2468873367749773,0.9210446401457638,0.7839573120471997,0.6763697887293394,0.010660603826761081,0.04149374058064774,0.03327799008044088,0.017596485963717174
306,0.15305000000000013,3.179919605060248e-08,1667.0510896498274,0.24721391093187642,0.9210788777589871,0.7840509951866789,0.676510125319804,0.010662249288150683,0.04149419786541673,0.033279063184028984,0.01759738489610452
307,0.15355000000000013,3.1750518612240645e-08,1667.0024993467994,0.2475402019851763,0.9211130856919943,0.7841445971132592,0.6766503402539985,0.010663882942168692,0.041494651739199404,0.033280128328152137,0.01759827719439028
308,0.15405000000000013,3.170209543903091e-08,1666.9540055748985,0.24786621030284656,0.9211472639833628,0.7842381179324985,0.6767904336900481,0.010665504859632,0.041495102224517605,0.03328118556465854,0.017599162901265213
309,0.15455000000000013,3.1653924431134485e-08,1666.905607786512,0.24819193625221955,0.9211814126716037,0.7843315577497726,0.6769304057858041,0.010667115111115436,0.04149554934378126,0.03328223494515003,0.017600042059225572
310,0.15505000000000013,3.160600350834853e-08,1666.8573054420633,0.24851738019999142,0.9212155317951605,0.784424916670274,0.6770702566988442,0.01066871376629299,0.04149599311910614,0.03328327652055402,0.017600914710214324
311,0.15555000000000013,3.155833061676246e-08,1666.8090980054903,0.2488425425122237,0.9212496213924106,0.7845181947990135,0.677209986586474,0.010670300894462156,0.04149643357246015,0.033284310341466596,0.017601780895908397
312,0.15605000000000013,3.151090372171532e-08,1666.7609849484536,0.24916742355434465,0.9212836815016654,0.7846113922408201,0.6773495956057265,0.010671876564053592,0.04149687072552786,0.03328533645783443,0.017602640657451967
313,0.15655000000000013,3.1463720814436313e-08,1666.712965745823,0.24949202369115048,0.921317712161169,0.7847045091003415,0.677489083913363,0.010673440843154984,0.04149730459985663,0.0332863549192973,0.017603494035743298
314,0.15705000000000013,3.141677991182704e-08,1666.6650398755291,0.24981634328680705,0.9213517134091007,0.7847975454820448,0.6776284516658745,0.01067499379952745,0.04149773521686166,0.03328736577519993,0.017604341071444467
315,0.15755000000000013,3.137007904719438e-08,1666.6172068242267,0.2501403827048509,0.9213856852835731,0.7848905014902166,0.6777676990194809,0.01067653549994533,0.04149816259764362,0.033288369074163486,0.017605181804622148
316,0.15805000000000013,3.1323616281403813e-08,1666.5694660798852,0.2504641423081906,0.9214196278226328,0.7849833772289624,0.6779068261301325,0.010678066011057499,0.041498586763228075,0.033289364864647425,0.017606016275218236
317,0.15855000000000014,3.1277389691370954e-08,1666.5218171389113,0.25078762245910846,0.9214535410642614,0.7850761728022096,0.6780458331535109,0.010679585398557552,0.04149900773433604,0.033290353194410725,0.017606844522598215
318,0.15905000000000014,3.1231397383438614e-08,1666.4742594972884,0.25111082351926156,0.9214874250463743,0.7851688883137052,0.6781847202450283,0.010681093728213784,0.04149942553167008,0.03329133411118317,0.017607666586113506
319,0.15955000000000014,3.118563747739068e-08,1666.426792660611,0.2514337458496832,0.9215212798068216,0.7852615238670175,0.6783234875598293,0.010682591064700694,0.04149984017559108,0.03329230766190639,0.017608482504465308
320,0.16005000000000014,3.114010811756383e-08,1666.3794161366823,0.25175638981078413,0.9215551053833889,0.785354079565536,0.678462135252791,0.01068407747245938,0.04150025168635723,0.0332932738932947,0.01760929231617443
321,0.16055000000000014,3.109480746816076e-08,1666.3321294382854,0.2520787557623541,0.9215889018137953,0.7854465555124724,0.6786006634785232,0.010685553015374109,0.04150066008403503,0.03329423285162585,0.017610096059405764
322,0.16105000000000014,3.1049733713084534e-08,1666.284932083052,0.2524008440635632,0.9216226691356961,0.7855389518108609,0.6787390723913699,0.010687017756786774,0.04150106538850383,0.033295184582751595,0.017610893771976995
323,0.16155000000000014,3.1004885058011756e-08,1666.2378235918777,0.25272265507296293,0.9216564073866816,0.7856312685635575,0.6788773621454092,0.010688471759680301,0.041501467619507154,0.03329612913221793,0.01761168549145923
324,0.16205000000000014,3.0960259723514785e-08,1666.1908034931546,0.25304418914848764,0.9216901166042768,0.7857235058732412,0.6790155328944537,0.010689915086185395,0.04150186679651681,0.03329706654494579,0.0176124712549092
325,0.16255000000000014,3.091585595831527e-08,1666.143871313924,0.2533654466474561,0.921723796825943,0.7858156638424153,0.679153584792052,0.010691347798609032,0.041502262939017875,0.03329799686590012,0.01761325109942994
326,0.16305000000000014,3.087167202347392e-08,1666.0970265899257,0.2536864279265725,0.9217574480890762,0.7859077425734061,0.6792915179914879,0.010692769958264382,0.041502656066185625,0.033298920139330924,0.017614025061534515
327,0.16355000000000014,3.082770619673041e-08,1666.0502688625681,0.2540071333419278,0.9217910704310086,0.7859997421683642,0.6794293326457823,0.010694181625822478,0.04150304619698341,0.03329983640900294,0.01761479317733829
328,0.16405000000000014,3.078395678346834e-08,1666.003597671542,0.25432756324900146,0.9218246638890084,0.7860916627292643,0.679567028907693,0.010695582862170965,0.04150343335040042,0.03330074571875391,0.017615555483026898
329,0.16455000000000014,3.0740422098760586e-08,1665.957012566326,0.25464771800266206,0.9218582285002791,0.7861835043579064,0.6797046069297153,0.010696973727074375,0.04150381754508203,0.03330164811162607,0.017616312014127947
330,0.16505000000000014,3.069710048278237e-08,1665.9105130958985,0.25496759795716933,0.9218917643019613,0.7862752671559161,0.6798420668640831,0.010698354280370666,0.04150419879966079,0.033302543630643576,0.017617062806162678
331,0.16555000000000014,3.065399028513775e-08,1665.864098818792,0.2552872034661749,0.9219252713311312,0.7863669512247438,0.6799794088627686,0.010699724580800256,0.04150457713243359,0.03330343231805388,0.01761780789400977
332,0.16605000000000014,3.061108988243994e-08,1665.8177692913573,0.2556065348827238,0.9219587496248015,0.7864585566656661,0.6801166330774838,0.010701084687371255,0.04150495256173914,0.033304314216214166,0.017618547312648454
333,0.16655000000000014,3.056839766266957e-08,1665.77152407782,0.255925592559256,0.921992199219922,0.7865500835797865,0.6802537396596803,0.010702434658188141,0.04150532510563492,0.033305189366832584,0.017619281096522183
334,0.16705000000000014,3.052591202948182e-08,1665.7253627472655,0.2562443768476073,0.9220256201533782,0.7866415320680348,0.6803907287605502,0.01070377455080211,0.041505694781994576,0.03330605781119657,0.017620009279729912
335,0.16755000000000014,3.048363141087545e-08,1665.6792848677187,0.25656288809901084,0.9220590124619931,0.786732902231168,0.6805276005310266,0.010705104422899328,0.04150606160869816,0.033306919590619696,0.01762073189640073
336,0.16805000000000014,3.044155424583246e-08,1665.6332900147524,0.2568811266640984,0.9220923761825266,0.7868241941697702,0.6806643551217842,0.010706424331298264,0.04150642560335591,0.03330777474579277,0.017621448980149532
337,0.16855000000000014,3.039967899080383e-08,1665.5873777670245,0.25719909289290155,0.9221257113516752,0.786915407984254,0.68080099268324,0.01070773433246854,0.04150678678345197,0.033308623317120964,0.01762216056435967
338,0.16905000000000014,3.035800411738313e-08,1665.5415477076253,0.2575167871348532,0.9221590180060734,0.7870065437748599,0.6809375133655533,0.010709034482373347,0.04150714516630125,0.033309465344622605,0.017622866682097928
339,0.16955000000000015,3.0316528114373106e-08,1665.4957994225235,0.2578342097387885,0.9221922961822924,0.7870976016416572,0.6810739173186269,0.010710324836649777,0.041507500769099676,0.03331030086804687,0.017623567366213098
340,0.17005000000000015,3.0275249489835886e-08,1665.4501324990126,0.2581513610529465,0.922225545916841,0.7871885816845433,0.6812102046921071,0.010711605450788989,0.04150785360897417,0.0333111299269912,0.017624262649434317
341,0.17055000000000015,3.023416676004205e-08,1665.4045465328707,0.25846824142497127,0.9222587672461664,0.7872794840032463,0.6813463756353851,0.01071287637930198,0.041508203702753224,0.03331195256036202,0.01762495256391875
342,0.17105000000000015,3.0193278462466424e-08,1665.3590411195519,0.2587848512019129,0.9222919602066522,0.7873703086973229,0.6814824302975963,0.010714137676744664,0.041508551067249794,0.03331276880703925,0.017625637141808707
343,0.17155000000000015,3.0152583149104594e-08,1665.3136158584434,0.2591011907302293,0.9223251248346208,0.7874610558661603,0.6816183688276215,0.010715389397221376,0.04150889571912484,0.033313578705555576,0.017626316414962612
344,0.17205000000000015,3.011207938418802e-08,1665.2682703542241,0.259417260355787,0.9223582611663327,0.7875517256089758,0.6817541913740882,0.010716631594226441,0.041509237674844164,0.03331438229399489,0.017626990414869627
345,0.17255000000000015,3.007176574842497e-08,1665.2230042138629,0.2597330604238626,0.9223913692379856,0.7876423180248177,0.6818898980853696,0.010717864320992558,0.04150957695077473,0.03331517961021838,0.017627659172839285
346,0.17305000000000015,3.003164083670943e-08,1665.1778170479822,0.2600485912791442,0.9224244490857167,0.7877328332125656,0.6820254891095862,0.010719087630332002,0.041509913563141314,0.03331597069176267,0.01762832271991583
347,0.17355000000000015,2.9991703260175126e-08,1665.1327084693123,0.2603638532657323,0.922457500745601,0.7878232712709302,0.6821609645946062,0.010720301574815717,0.041510247528076194,0.03331675557595628,0.017628981086975894
348,0.17405000000000015,2.9951951641752603e-08,1665.0876780955057,0.26067884672714114,0.9224905242536517,0.787913632298454,0.6822963246880457,0.010721506206445288,0.041510578861529236,0.033317534299708323,0.017629634304551108
349,0.17455000000000015,2.9912384620391905e-08,1665.0427255461425,0.26099357200630036,0.9225235196458218,0.7880039163935123,0.6824315695372697,0.010722701577000681,0.041510907579363945,0.03331830689973406,0.0176302824030172
350,0.17505000000000015,2.9873000844478996e-08,1664.997850446999,0.2613080294455556,0.9225564869580019,0.7880941236543126,0.682566699289392,0.010723887737543113,0.04151123369722115,0.03331907341223429,0.017630925412324992
351,0.17555000000000015,2.983379898251897e-08,1664.9530524227062,0.2616222193866702,0.9225894262260219,0.7881842541788951,0.6827017140912764,0.010725064739269246,0.0415115572307542,0.033319833873448175,0.01763156336246397
352,0.17605000000000015,2.9794777710096553e-08,1664.908331105367,0.26193614217082617,0.9226223374856514,0.7882743080651334,0.6828366140895371,0.010726232632507035,0.041511878195353256,0.033320588319004966,0.01763219628291845
353,0.17655000000000015,2.9755935722693653e-08,1664.8636861257717,0.26224979813862576,0.9226552207725979,0.7883642854107347,0.6829713994305385,0.010727391467738503,0.0415121966064268,0.033321336784585556,0.017632824203222406
354,0.17705000000000015,2.971727172482954e-08,1664.8191171205656,0.2625631876300923,0.9226880761225097,0.7884541863132407,0.6831060702603968,0.01072854129476434,0.04151251247917232,0.033322079305383424,0.017633447152507187
355,0.17755000000000015,2.9678784432129893e-08,1664.7746237307165,0.2628763109846717,0.9227209035709737,0.7885440108700269,0.6832406267249799,0.010729682162881908,0.041512825828625664,0.033322815916220425,0.017634065159598537
356,0.17805000000000015,2.964047257765553e-08,1664.7302055970852,0.2631891685412335,0.9227537031535162,0.788633759178303,0.6833750689699079,0.01073081412140074,0.041513136669802955,0.03332354665188029,0.017634678253296288
357,0.17855000000000015,2.9602334905372073e-08,1664.6858623646951,0.2635017606380723,0.9227864749056044,0.7887234313351151,0.6835093971405541,0.010731937219144694,0.0415134450175641,0.03332427154678774,0.01763528646210511
358,0.17905000000000015,2.9564370172199725e-08,1664.6415936812043,0.2638140876129088,0.9228192188626437,0.7888130274373436,0.6836436113820449,0.010733051504629486,0.04151375088666198,0.03332499063512381,0.017635889814331125
359,0.17955000000000015,2.952657714365883e-08,1664.5973991997275,0.26412614980289106,0.9228519350599805,0.788902547581705,0.6837777118392607,0.010734157025733632,0.04151405429165235,0.033325703950614134,0.017636488337904217
360,0.18005000000000015,2.9488954600183415e-08,1664.5532785744103,0.2644379475445957,0.9228846235329013,0.7889919918647516,0.6839116986568367,0.010735253830213362,0.04151435524703558,0.03332641152686189,0.017637082060657266
361,0.18055000000000015,2.945150133913832e-08,1664.5092314589072,0.26474948117402913,0.9229172843166321,0.7890813603828724,0.6840455719791623,0.010736341965879593,0.04151465376730545,0.03332711339746243,0.017637671010422313
362,0.18105000000000016,2.9414216159849845e-08,1664.4652575164487,0.26506075102662896,0.9229499174463401,0.7891706532322933,0.6841793319503832,0.01073742147942475,0.04151494986662753,0.03332780959524717,0.017638255214395982
363,0.18155000000000016,2.9377097880531893e-08,1664.4213564081779,0.2653717574372647,0.9229825229571326,0.7892598705090772,0.6843129787144006,0.010738492417781069,0.04151524355921224,0.03332850015316036,0.017638834699875094
364,0.18205000000000016,2.9340145329690968e-08,1664.3775277988743,0.26568250074023947,0.9230151008840572,0.7893490123091239,0.6844465124148724,0.01073955482745346,0.04151553485913206,0.033329185103829324,0.017639409493896
365,0.18255000000000016,2.930335734393676e-08,1664.3337713583285,0.26599298126929105,0.9230476512621031,0.7894380787281721,0.6845799331952138,0.010740608754358777,0.041515823780277725,0.03332986447946144,0.017639979623148047
366,0.18305000000000016,2.9266732776363318e-08,1664.2900867554806,0.2663031993575928,0.9230801741261992,0.7895270698617979,0.6847132411985969,0.010741654244508419,0.041516110336545786,0.03333053831228479,0.01764054511434329
367,0.18355000000000016,2.923027048800251e-08,1664.246473664144,0.26661315533775515,0.9231126695112163,0.789615985805416,0.6848464365679524,0.010742691343341174,0.041516394541655864,0.03333120663411867,0.017641105993855922
368,0.18405000000000016,2.9193969349869268e-08,1664.2029317614883,0.26692284954182693,0.9231451374519659,0.7897048266542799,0.6849795194459695,0.010743720095899575,0.04151667640919938,0.033331869476487815,0.017641662287818154
369,0.18455000000000016,2.9157828247094774e-08,1664.1594607250736,0.2672322823012959,0.9231775779832004,0.7897935925034822,0.6851124899750961,0.010744740547174681,0.041516955952734254,0.03333252687084511,0.017642214022306996
370,0.18505000000000016,2.9121846072527558e-08,1664.1160602371326,0.26754145394709095,0.9232099911396144,0.7898822834479559,0.6852453482975402,0.01074575274160749,0.04151723318564859,0.03333317884825092,0.017642761223075048
371,0.18555000000000016,2.908602173296867e-08,1664.0727299801576,0.2678503648095822,0.9232423769558433,0.7899708995824724,0.6853780945552698,0.010746756723602124,0.0415175081213015,0.03333382543970415,0.01764330391582832
372,0.18605000000000016,2.9050354140695083e-08,1664.0294696426276,0.26815901521858276,0.9232747354664642,0.790059441001644,0.6855107288900131,0.010747752536858642,0.04151778077284068,0.03333446667571312,0.01764384212586595
373,0.18655000000000016,2.9014842223878813e-08,1663.986278911707,0.26846740550335013,0.9233070667059964,0.790147907799924,0.6856432514432599,0.01074874022522304,0.04151805115343538,0.03333510258684341,0.017644375878540015
374,0.18705000000000016,2.89794849160297e-08,1663.9431574804191,0.26877553599258674,0.9233393707089003,0.7902363000716061,0.6857756623562614,0.010749719831851438,0.04151831927604789,0.03333573320318025,0.017644905198804142
375,0.18755000000000016,2.8944281164302936e-08,1663.9001050417946,0.2690834070144416,0.9233716475095786,0.7903246179108249,0.6859079617700308,0.010750691399891193,0.041518585153620176,0.033336358554767485,0.017645430111581963
376,0.18805000000000016,2.890922992523654e-08,1663.8571212917066,0.26939101889651124,0.9234038971423764,0.7904128614115569,0.6860401498253441,0.01075165497215062,0.04151884879898375,0.033336978671395456,0.017645950641588953
377,0.18855000000000016,2.8874330162602602e-08,1663.8142059302525,0.26969837196584084,0.9234361196415801,0.7905010306676201,0.6861722266627404,0.010752610590937333,0.041519110224815726,0.03333759358249747,0.01764646681324548
378,0.18905000000000016,2.883958085359379e-08,1663.7713586573582,0.2700054665489257,0.9234683150414197,0.7905891257726757,0.6863041924225223,0.010753558298570281,0.041519369443779076,0.03333820331747978,0.017646978650953743
379,0.18955000000000016,2.880498098250106e-08,1663.7285791770566,0.2703123029717121,0.9235004833760666,0.7906771468202263,0.6864360472447565,0.010754498136880947,0.04151962646838648,0.033338807905401106,0.017647486178828657
380,0.19005000000000016,2.8770529544811683e-08,1663.685867194538,0.2706188815595984,0.9235326246796352,0.7907650939036175,0.6865677912692744,0.010755430147556703,0.041519881311094436,0.033339407375194,0.017647989420883633
381,0.19055000000000016,2.8736225542988346e-08,1663.6432224189828,0.2709252026374366,0.9235647389861829,0.7908529671160387,0.6866994246356727,0.010756354371810462,0.04152013398421319,0.033340001755452806,0.01764848840085251
382,0.19105000000000016,2.870206799055843e-08,1663.600644560614,0.2712312665295329,0.9235968263297091,0.7909407665505227,0.6868309474833131,0.010757270850723734,0.04152038450000075,0.03334059107465479,0.017648983142375157
383,0.19155000000000016,2.8668055909971916e-08,1663.5581333320868,0.2715370735596493,0.9236288867441568,0.7910284922999455,0.6869623599513239,0.010758179625084512,0.04152063287061878,0.03334117536105632,0.01764947366891018
384,0.19205000000000017,2.863418833460476e-08,1663.5156884469905,0.2718426240510047,0.923660920263412,0.7911161444570279,0.6870936621786,0.010759080735561716,0.04152087910818048,0.03334175464280541,0.017649960003829436
385,0.19255000000000017,2.86004643004354e-08,1663.4733096255675,0.2721479183262757,0.9236929269213031,0.7912037231143347,0.6872248543038029,0.010759974222038175,0.041521123224568614,0.03334232894751341,0.017650442170058348
386,0.19305000000000017,2.856688286044196e-08,1663.4309965845532,0.2724529567075983,0.9237249067516031,0.7912912283642765,0.687355936465362,0.010760860124794568,0.041521365231759116,0.03334289830301652,0.01765092019071515
387,0.19355000000000017,2.8533443072147567e-08,1663.3887490457869,0.27275773951656834,0.9237568597880274,0.7913786602991079,0.6874869088014747,0.01076173848350572,0.04152160514154715,0.03334346273673094,0.017651394088569507
388,0.19405000000000017,2.850014399964083e-08,1663.3465667347125,0.2730622670742432,0.923788786064235,0.7914660190109292,0.6876177714501067,0.010762609337414863,0.04152184296559491,0.03334402227576546,0.017651863886136904
389,0.19455000000000017,2.8466984721740966e-08,1663.3044493745556,0.2733665397011428,0.9238206856138295,0.7915533045916872,0.6877485245489934,0.010763472726012142,0.04152207871561715,0.03334457694735775,0.017652329606044972
390,0.19505000000000017,2.8433964319600755e-08,1663.2623966949313,0.2736705577172504,0.923852558470357,0.7916405171331744,0.6878791682356388,0.01076432868803125,0.04152231240310735,0.0333451267782301,0.017652791270492487
391,0.19555000000000017,2.8401081884877714e-08,1663.2204084260204,0.2739743214420143,0.9238844046673079,0.7917276567270295,0.6880097026473172,0.010765177262127834,0.04152254403952322,0.03334567179502577,0.017653248901615615
392,0.19605000000000017,2.8368336517619552e-08,1663.1784842999632,0.2742778311943482,0.9239162242381174,0.7918147234647382,0.6881401279210736,0.01076601848671684,0.04152277363624243,0.03334621202420477,0.01765370252140047
393,0.19655000000000017,2.8335727328251464e-08,1663.1366240493674,0.2745810872926331,0.9239480172161632,0.7919017174376332,0.6882704441937236,0.010766852400146071,0.04152300120461024,0.033346747492155784,0.017654152151776945
394,0.19705000000000017,2.8303253429344464e-08,1663.0948274130294,0.274884090054718,0.9239797836347688,0.7919886387368948,0.6884006516018546,0.010767679040029475,0.04152322675575764,0.033347278224768365,0.017654597814259484
395,0.19755000000000017,2.8270913949866656e-08,1663.0530941257907,0.27518683979792086,0.9240115235272014,0.7920754874535512,0.6885307502818254,0.010768498444428719,0.04152345030092407,0.03334780424819202,0.017655039530584442
396,0.19805000000000017,2.8238708018790677e-08,1663.0114239300262,0.27548933683903015,0.9240432369266723,0.7921622636784775,0.6886607403697675,0.010769310650514381,0.04152367185109224,0.03334832558797705,0.017655477321988546
397,0.19855000000000017,2.8206634775256826e-08,1662.969816568389,0.2757915814943057,0.9240749238663385,0.7922489675023987,0.6887906220015854,0.010770115695411314,0.04152389141721903,0.033348842269617596,0.0176559112096649
398,0.19905000000000017,2.8174693370539662e-08,1662.9282717823216,0.2760935740794797,0.9241065843793003,0.7923355990158876,0.6889203953129561,0.010770913616371535,0.04152410901028274,0.03334935431866298,0.017656341214856392
399,0.19955000000000017,2.8142882957824673e-08,1662.886789319219,0.27639531490975794,0.9241382184986037,0.7924221583093661,0.6890500604393315,0.010771704449939771,0.04152432464105572,0.03334986176018243,0.017656767358406204
400,0.20005000000000017,2.8111202698271956e-08,1662.8453689280568,0.27669680429982096,0.9241698262572395,0.7925086454731054,0.6891796175159369,0.010772488232462402,0.041524538320243345,0.0333503646190922,0.017657189661032382
401,0.20055000000000017,2.80796517629891e-08,1662.8040103579092,0.276998042563825,0.924201407688143,0.7925950605972262,0.6893090666777727,0.010773265000260204,0.04152475005853133,0.03335086292026664,0.01765760814342116
402,0.20105000000000017,2.8048229330945766e-08,1662.7627133593435,0.2772990300154033,0.9242329628241955,0.7926814037716998,0.6894384080596145,0.01077403478946534,0.04152495986654137,0.03335135668843396,0.017658022826139305
403,0.20155000000000017,2.801693458690242e-08,1662.7214776858193,0.27759976696766686,0.9242644916982231,0.7927676750863469,0.6895676417960135,0.010774797635858481,0.04152516775478693,0.03335184594807207,0.01765843372954666
404,0.20205000000000017,2.7985766719353138e-08,1662.6803030950825,0.27790025373320587,0.9242959943429973,0.7928538746308389,0.689696768021297,0.010775553574706036,0.04152537373362914,0.033352330723304624,0.017658840873708705
405,0.20255000000000017,2.7954724930577427e-08,1662.6391893419257,0.2782004906240906,0.9243274707912353,0.7929400024946988,0.6898257868695689,0.010776302641603504,0.041525577813506714,0.033352811038442114,0.017659244278851047
406,0.20305000000000017,2.792380842648894e-08,1662.5981361853446,0.27850047795187244,0.9243589210755996,0.7930260587672998,0.6899546984747101,0.010777044871641498,0.04152578000470885,0.033353286917447426,0.017659643964910442
407,0.20355000000000018,2.7893016418620255e-08,1662.5571433870568,0.2788002160275852,0.9243903452286985,0.7931120435378672,0.6900835029703793,0.010777780299578259,0.04152598031742246,0.03335375838404676,0.017660039951627963
408,0.20405000000000018,2.7862348128103754e-08,1662.5162107085819,0.2790997051617459,0.9244217432830865,0.7931979568954779,0.690212200490013,0.010778508960179489,0.04152617876182483,0.03335422546194786,0.01766043225873222
409,0.20455000000000018,2.7831802781598485e-08,1662.4753379140805,0.2793989456643561,0.9244531152712632,0.7932837989290606,0.6903407911668259,0.010779230887887611,0.04152637534799378,0.033354688174628305,0.017660820905761473
410,0.20505000000000018,2.7801379609248786e-08,1662.4345247717504,0.2796979378449028,0.9244844612256753,0.7933695697273973,0.690469275133812,0.010779946116658863,0.04152657008586336,0.03335514654523134,0.017661205911976192
411,0.20555000000000018,2.7771077856674468e-08,1662.393771045161,0.2799966820123596,0.9245157811787151,0.7934552693791217,0.6905976525237444,0.010780654680972772,0.04152676298549896,0.03335560059721325,0.017661587296902658
412,0.20605000000000018,2.7740896764876207e-08,1662.3530765075907,0.2802951784751877,0.9245470751627212,0.7935408979727209,0.6907259234691763,0.010781356614161509,0.041526954056642536,0.03335605035327296,0.017661965079433902
413,0.20655000000000018,2.771083558923783e-08,1662.3124409283323,0.280593427541337,0.9245783432099789,0.7936264555965356,0.6908540881024409,0.010782051950005424,0.04152714330914719,0.033356495836374754,0.017662339278688724
414,0.20705000000000018,2.768089359045995e-08,1662.2718640791259,0.2808914295182471,0.9246095853527194,0.7937119423387599,0.6909821465556523,0.010782740721983524,0.04152733075277322,0.03335693706926833,0.017662709913608462
415,0.20755000000000018,2.765107003352838e-08,1662.2313457348334,0.28118918471284843,0.9246408016231212,0.7937973582874416,0.6911100989607056,0.010783422963194136,0.041527516397166696,0.03335737407443825,0.017663077002914515
416,0.20805000000000018,2.762136419067278e-08,1662.1908856712532,0.2814866934315634,0.9246719920533093,0.7938827035304831,0.6912379454492779,0.010784098706610215,0.0415277002519291,0.03335780687426775,0.017663440565245946
417,0.20855000000000018,2.7591775337342707e-08,1662.1504836679508,0.2817839559803071,0.9247031566753549,0.793967978155641,0.6913656861528278,0.010784767984748863,0.04152788232652757,0.033358235490827455,0.017663800618981873
418,0.20905000000000018,2.7562302760134523e-08,1662.1101395024798,0.2820809726644888,0.9247342955212771,0.7940531822505273,0.6914933212025971,0.01078543083034457,0.041528062630478146,0.03335865994630673,0.01766415718260387
419,0.20955000000000018,2.753294575275544e-08,1662.0698529532233,0.2823777437890126,0.9247654086230417,0.7941383159026085,0.6916208507296102,0.010786087276018453,0.04152824117325593,0.03335908026280212,0.017664510274518153
420,0.21005000000000018,2.750370360408052e-08,1662.0296238079613,0.2826742696582787,0.9247964960125613,0.7942233791992066,0.691748274864675,0.010786737353279235,0.041528417964023526,0.033359496461677976,0.017664859912518465
421,0.21055000000000018,2.7474575625908878e-08,1661.9894518437548,0.2829705505761845,0.9248275577216968,0.7943083722274998,0.6918755937383835,0.01078738109486777,0.04152859301226879,0.03335990856506785,0.0176652061150473
422,0.21105000000000018,2.7445561121171926e-08,1661.9493368498586,0.2832665868461254,0.9248585937822551,0.7943932950745222,0.6920028074811114,0.010788018532086168,0.04152876632707864,0.03336031659416474,0.017665548899759537
423,0.21155000000000018,2.741665939979057e-08,1661.9092786162146,0.28356237877099594,0.9248896042259915,0.7944781478271636,0.6921299162230201,0.010788649696139326,0.041528937917504,0.033360720570080334,0.017665888284244247
424,0.21205000000000018,2.7387869790482213e-08,1661.8692769248173,0.28385792665319104,0.924920589084609,0.7945629305721712,0.6922569200940556,0.010789274619140648,0.041529107792833336,0.03336112051448884,0.017666224286565568
425,0.21255000000000018,2.735919161698306e-08,1661.8293315668843,0.2841532307946065,0.9249515483897571,0.7946476433961486,0.6923838192239495,0.010789893332111005,0.04152927596204875,0.03336151644834649,0.017666556924186852
426,0.21305000000000018,2.7330624202010586e-08,1661.789442339949,0.2844482914966408,0.9249824821730349,0.7947322863855572,0.6925106137422201,0.010790505865317346,0.04152944243391824,0.03336190839210864,0.017666886214153108
427,0.21355000000000018,2.7302166894825122e-08,1661.7496090277778,0.2847431090601954,0.9250133904659883,0.7948168596267151,0.6926373037781716,0.010791112250613442,0.04152960721763197,0.033362296367227824,0.01766721217434945
428,0.21405000000000018,2.7273819027820594e-08,1661.7098314318469,0.2850376837856761,0.9250442733001111,0.7949013632057987,0.6927638894608953,0.010791712517770807,0.04152977032180526,0.033362680393806236,0.017667534821528857
429,0.21455000000000019,2.7245579955898945e-08,1661.67010934267,0.28533201597299424,0.9250751307068462,0.7949857972088428,0.6928903709192705,0.010792306697820707,0.041529931755386836,0.03336306049273429,0.017667854173108864
430,0.21505000000000019,2.7217449024947617e-08,1661.6304425626747,0.2856261059215671,0.9251059627175837,0.7950701617217398,0.6930167482819638,0.010792894820387703,0.04153009152693453,0.03336343668398496,0.017668170245738486
431,0.21555000000000019,2.7189425599328607e-08,1661.5908308861312,0.2859199539303197,0.9251367693636626,0.7951544568302416,0.69314302167743,0.01079347691602883,0.041530249645250844,0.03336380898811041,0.01766848305655559
432,0.2160500000000002,2.716150904219329e-08,1661.5512741134348,0.28621356029768524,0.9251675506763705,0.7952386826199581,0.6932691912339132,0.010794053014568875,0.04153040611893079,0.033364177425177284,0.017668792622292366
433,0.2165500000000002,2.713369872330985e-08,1661.5117720453516,0.28650692532160627,0.9251983066869426,0.7953228391763594,0.693395257079446,0.010794623145771053,0.041530560956544275,0.03336454201519598,0.01766909895963594
434,0.2170500000000002,2.7105994011206682e-08,1661.472324488707,0.2868000492995359,0.9252290374265643,0.7954069265847747,0.6935212193418513,0.010795187338673833,0.04153071416645604,0.03336490277769679,0.017669402084872204
435,0.2175500000000002,2.7078394288793924e-08,1661.432931244917,0.28709293252843837,0.9252597429263686,0.7954909449303931,0.6936470781487414,0.010795745622927545,0.04153086575718881,0.03336525973258482,0.017669702014604122
436,0.2180500000000002,2.7050898941582476e-08,1661.3935921185407,0.28738557530479053,0.9252904232174376,0.7955748942982636,0.6937728336275194,0.010796298027797578,0.04153101573715265,0.03336561289950278,0.017669998765216296
437,0.2185500000000002,2.7023507357666183e-08,1661.3543069172492,0.2876779779245826,0.925321078330803,0.795658774773296,0.6938984859053794,0.010796844582167887,0.04153116411464606,0.03336596229783345,0.017670292352877013
438,0.2190500000000002,2.6996218935490456e-08,1661.3150754460817,0.2879701406833191,0.9253517082974447,0.7957425864402609,0.6940240351093064,0.01079738531521036,0.041531310898037806,0.03336630794712784,0.017670582793897983
439,0.2195500000000002,2.696903306434957e-08,1661.2758975217,0.28826206387602,0.9253823131482924,0.7958263293837892,0.6941494813660777,0.010797920254723302,0.041531456095316,0.033366649866043326,0.01767087010384203
440,0.2200500000000002,2.6941949159395683e-08,1661.2367729466557,0.2885537477972216,0.925412892914225,0.7959100036883735,0.6942748248022623,0.010798449430130853,0.041531599714902355,0.03336698807426105,0.017671154299134257
441,0.2205500000000002,2.691496662269081e-08,1661.1977015379198,0.28884519274097753,0.9254434476260702,0.7959936094383679,0.694400065544222,0.010798972869157231,0.0415317417647496,0.03336732259036039,0.01767143539527595
442,0.2210500000000002,2.688808487041051e-08,1661.1586831068687,0.28913639900086,0.9254739773146063,0.7960771467179887,0.6945252037181116,0.010799490600159866,0.04153188225297482,0.03336765343331041,0.017671713408097776
443,0.2215500000000002,2.686130332114815e-08,1661.1197174678216,0.2894273668699604,0.9255044820105603,0.7961606156113136,0.6946502394498792,0.010800002651133967,0.04153202118758939,0.0333679806218338,0.017671988353225337
444,0.2220500000000002,2.6834621395898663e-08,1661.080804438013,0.2897180966408904,0.9255349617446094,0.796244016202283,0.6947751728652674,0.010800509049715816,0.04153215857649997,0.03336830417440926,0.01767226024608108
445,0.2225500000000002,2.6808038525774112e-08,1661.0419438318604,0.2900085886057831,0.9255654165473806,0.7963273485747003,0.6949000040898123,0.010801009823850693,0.041532294427689846,0.03336862410969842,0.01767252910224308
446,0.2230500000000002,2.6781554136501204e-08,1661.0031354723467,0.29029884305629383,0.9255958464494501,0.7964106128122318,0.6950247332488452,0.01080150500046628,0.04153242874885913,0.03336894044569851,0.017672794936732933
447,0.2235500000000002,2.6755167675451495e-08,1660.9643791710366,0.29058886028360115,0.9256262514813453,0.7964938089984064,0.6951493604674922,0.01080199460780182,0.04153256154805665,0.03336925320123051,0.017673057765266294
448,0.2240500000000002,2.6728878572986103e-08,1660.9256747565555,0.2908786405784079,0.925656631673543,0.796576937216617,0.6952738858706753,0.010802478672088417,0.041532692832779584,0.03336956239381863,0.0176733176024709
449,0.2245500000000002,2.6702686281041982e-08,1660.8870220460635,0.2911681842309421,0.9256869870564698,0.7966599975501204,0.6953983095831122,0.010802957220874166,0.04153282261087549,0.03336986804181462,0.0176735744636717
450,0.2250500000000002,2.6676590249940784e-08,1660.848420862332,0.291457491530958,0.9257173176605037,0.7967429900820375,0.6955226317293173,0.010803430281033713,0.04153295089000246,0.033370170163126434,0.01767382836382246
451,0.2255500000000002,2.665058992839279e-08,1660.8098710337108,0.2917465627677371,0.9257476235159725,0.7968259148953533,0.6956468524336012,0.010803897878771727,0.04153307767763026,0.033370468775220784,0.01767407931750786
452,0.2260500000000002,2.6624684782697877e-08,1660.771372379871,0.29203539823008856,0.9257779046531543,0.7969087720729171,0.6957709718200725,0.010804360041285032,0.04153320298149107,0.03337076389618474,0.017674327339835632
453,0.2265500000000002,2.65988742698064e-08,1660.7329247317084,0.29232399820635124,0.9258081611022788,0.796991561697444,0.6958949900126371,0.01080481679444237,0.04153332680895045,0.03337105554324418,0.017674572445191484
454,0.2270500000000002,2.6573157860352487e-08,1660.694527914241,0.2926123629843936,0.9258383928935252,0.7970742838515138,0.6960189071349986,0.010805268164778005,0.04153344916754799,0.033371343734037065,0.01767481464830911
455,0.2275500000000002,2.6547535023271044e-08,1660.6561817579668,0.2929004928516151,0.9258686000570242,0.7971569386175718,0.6961427233106595,0.010805714178167489,0.041533570064638335,0.033371628485768016,0.017675053963559652
456,0.2280500000000002,2.652200523345134e-08,1660.6178860931525,0.2931883880949474,0.9258987826228576,0.7972395260779285,0.696266438662921,0.010806154860493777,0.041533689507571886,0.03337190981563383,0.017675290405309324
457,0.2285500000000002,2.6496567975525483e-08,1660.5796407469688,0.2934760490008548,0.9259289406210574,0.7973220463147612,0.6963900533148835,0.010806590237980937,0.04153380750378529,0.03337218774103662,0.017675523988098494
458,0.2290500000000002,2.647122272854928e-08,1660.5414455548366,0.2937634758553355,0.9259590740816078,0.7974044994101135,0.6965135673894471,0.01080702033587133,0.041533924060443005,0.03337246227873952,0.017675754725932115
459,0.2295500000000002,2.6445968981279467e-08,1660.5033003490355,0.29405066894392273,0.9259891830344436,0.797486885445895,0.6966369810093124,0.010807445179753778,0.04153403918479739,0.03337273344571477,0.01767598263299242
460,0.2300500000000002,2.6420806224504008e-08,1660.4652049643648,0.294337628551685,0.9260192675094507,0.7975692045038819,0.6967602942969798,0.010807864794903418,0.0415341528840098,0.033373001258722404,0.01767620772328486
461,0.2305500000000002,2.6395733954835176e-08,1660.4271592352814,0.2946243549632279,0.9260493275364675,0.7976514566657186,0.6968835073747512,0.010808279206615368,0.04153426516524116,0.03337326573452342,0.017676430010817226
462,0.2310500000000002,2.637075167087569e-08,1660.3891629987181,0.29491084846269455,0.9260793631452825,0.7977336420129159,0.6970066203647294,0.010808688439876236,0.04153437603556298,0.03337352688967026,0.017676649509423527
463,0.2315500000000002,2.634585887700495e-08,1660.3512160912219,0.2951971093337665,0.9261093743656368,0.7978157606268524,0.6971296333888191,0.010809092519697543,0.041534485502047795,0.03337378474071978,0.01767686623294296
464,0.2320500000000002,2.6321055075757306e-08,1660.313318354609,0.29548313785966496,0.9261393612272232,0.7978978125887749,0.697252546568727,0.010809491470456657,0.04153459357159068,0.0333740393038128,0.017677080194866537
465,0.2325500000000002,2.6296339782995035e-08,1660.275469624594,0.2957689343231513,0.9261693237596852,0.7979797979797979,0.6973753600259625,0.010809885317222153,0.041534700251268396,0.033374290595520016,0.017677291409048012
466,0.2330500000000002,2.627171251268891e-08,1660.2376697421184,0.29605449900652864,0.9261992619926199,0.7980617168809051,0.6974980738818378,0.010810274084433193,0.041534805547981654,0.03337453863199939,0.017677499888995682
467,0.2335500000000002,2.6247172780708625e-08,1660.1999185504912,0.2963398321916421,0.9262291759555754,0.7981435693729481,0.6976206882574684,0.010810657796232996,0.041534909468545586,0.03337478342920918,0.017677705648051403
468,0.2340500000000002,2.6222720112373114e-08,1660.1622158896985,0.29662493415988017,0.9262590656780518,0.7982253555366476,0.6977432032737734,0.010811036477131953,0.04153501201986941,0.033375025003331095,0.017677908699746236
469,0.2345500000000002,2.619835403107003e-08,1660.1245616048875,0.2969098051921754,0.9262889311895023,0.798307075452594,0.6978656190514763,0.010811410151018696,0.04153511320868861,0.033375263370139546,0.01767810905727027
470,0.2350500000000002,2.6174074062035774e-08,1660.0869555435095,0.2971944455690054,0.9263187725193313,0.7983887292012469,0.6979879357111048,0.010811778841493229,0.041535213041655326,0.03337549854521433,0.017678306733651384
471,0.2355500000000002,2.6149879747426618e-08,1660.049397543974,0.2974788555703939,0.9263485896968962,0.7984703168629357,0.6981101533729919,0.010812142573189347,0.04153531152569645,0.033375730544784286,0.017678501742464343
472,0.2360500000000002,2.6125770612332067e-08,1660.0118874611135,0.2977630354759113,0.9263783827515071,0.7985518385178594,0.6982322721572753,0.010812501368806227,0.04153540866720991,0.033375959383834024,0.01767869409623939
473,0.2365500000000002,2.6101746206252072e-08,1659.9744251350219,0.298046985564676,0.9264081517124257,0.7986332942460879,0.6983542921838988,0.010812855252741012,0.041535504473048365,0.03337618507842102,0.017678883808409904
474,0.2370500000000002,2.6077806065378345e-08,1659.9370104193415,0.2983307061153552,0.9264378966088679,0.7987146841275615,0.6984762135726124,0.010813204247791369,0.04153559894962644,0.03337640764357266,0.01767907089154467
475,0.2375500000000002,2.6053949738950577e-08,1659.899643161431,0.2986141974061655,0.9264676174700013,0.7987960082420913,0.698598036442972,0.010813548377467078,0.04153569210354664,0.03337662709476061,0.017679255358587224
476,0.2380500000000002,2.6030176774179884e-08,1659.8623232136667,0.2988974597148743,0.9264973143249463,0.798877266669359,0.6987197609143411,0.010813887664672927,0.04153578394124289,0.033376843447061044,0.017679437222149885
477,0.2385500000000002,2.600648673125512e-08,1659.8250504221137,0.2991804933188003,0.9265269872027775,0.7989584594889184,0.69884138710589,0.01081422213302921,0.04153587446933794,0.03337705671599672,0.017679616495221637
478,0.2390500000000002,2.598287916080124e-08,1659.7878246434675,0.2994632984948147,0.9265566361325209,0.7990395867801945,0.6989629151365966,0.01081455180489673,0.04153596369410895,0.03337726691627784,0.01767979319010965
479,0.2395500000000002,2.5959353622635845e-08,1659.7506457309019,0.29974587551934184,0.9265862611431568,0.7991206486224841,0.6990843451252471,0.010814876703026678,0.041536051621934106,0.03337747406285418,0.01767996731932368
480,0.2400500000000002,2.593590968572453e-08,1659.7135135340563,0.3000282246683603,0.9266158622636186,0.799201645094956,0.699205677190436,0.010815196850561933,0.04153613825929295,0.03337767817091598,0.017680138895576823
481,0.2405500000000002,2.5912546909454623e-08,1659.676427913137,0.30031034621740366,0.9266454395227923,0.7992825762766514,0.6993269114505664,0.01081551226939329,0.04153622361232168,0.03337787925484608,0.017680307930904648
482,0.2410500000000002,2.5889264866073847e-08,1659.6393887219576,0.3005922404415617,0.9266749929495186,0.7993634422464848,0.6994480480238509,0.010815822982136677,0.0415363076873482,0.03337807732948067,0.017680474437724955
483,0.2415500000000002,2.5866063129440546e-08,1659.6023958163926,0.3008739076154808,0.9267045225725907,0.7994442430832428,0.6995690870283114,0.010816129011147483,0.04153639049062554,0.0333782724094809,0.01768063842830958
484,0.2420500000000002,2.5842941275013674e-08,1659.565449054358,0.3011553480133651,0.9267340284207559,0.799524978865585,0.6996900285817801,0.010816430378522745,0.04153647202833242,0.03337846450933449,0.01768079991478568
485,0.2425500000000002,2.5819898883565967e-08,1659.5285482929753,0.3014365619089776,0.9267635105227154,0.7996056496720454,0.6998108728018994,0.01081672710643198,0.04153655230666285,0.03337865364356665,0.017680958909313066
486,0.2430500000000002,2.579693552999832e-08,1659.4916933970114,0.3017175495756407,0.9267929689071236,0.7996862555810306,0.6999316198061221,0.010817019216133289,0.04153663133156006,0.03337883982611318,0.017681115423557145
487,0.2435500000000002,2.5774050809378083e-08,1659.4548842191286,0.3019983112862371,0.9268224036025894,0.7997667966708215,0.7000522697117125,0.010817306730275438,0.04153670910933926,0.03337902307178777,0.01768126946992243
488,0.2440500000000002,2.575124430342881e-08,1659.4181206252376,0.30227884731321103,0.9268518146376755,0.7998472730195733,0.7001728226357463,0.010817589669942628,0.04153678564588825,0.033379203394398614,0.017681421059969216
489,0.2445500000000002,2.572851560655555e-08,1659.3814024747533,0.3025591579285687,0.9268812020408984,0.7999276847053152,0.7002932786951107,0.01081786805695612,0.04153686094729017,0.033379380808215425,0.01768157020564687
490,0.2450500000000002,2.570586431095998e-08,1659.3447296318475,0.30283924340387947,0.9269105658407293,0.8000080318059516,0.7004136380065058,0.010818141912562381,0.041536935019468604,0.0333795553271335,0.017681716918591016
491,0.2455500000000002,2.568329001405411e-08,1659.3081019597992,0.3031191040102767,0.9269399060655935,0.8000883143992615,0.7005339006864438,0.010818411258091645,0.04153700786836582,0.03337972696509352,0.017681861210476473
492,0.2460500000000002,2.5660792314734723e-08,1659.2715193237955,0.3033987400184584,0.9269692227438705,0.8001685325628988,0.70065406685125,0.010818676114631588,0.04153707949985456,0.03337989573587367,0.017682003092842485
493,0.2465500000000002,2.5638370820767964e-08,1659.23498158529,0.3036781516986885,0.9269985159038948,0.8002486863743933,0.7007741366170631,0.010818936503684947,0.04153714991991591,0.03338006165350883,0.017682142577445093
494,0.2470500000000002,2.5616025133973766e-08,1659.1984886132375,0.3039573393207972,0.9270277855739546,0.8003287759111504,0.7008941100998357,0.010819192445859709,0.041537219134285173,0.03338022473145605,0.017682279675555548
495,0.24755000000000021,2.5593754861320347e-08,1659.1620402756396,0.3042363031541823,0.9270570317822934,0.800408801250451,0.701013987415334,0.01081944396185493,0.041537287148718495,0.03338038498322279,0.01768241439848849
496,0.24805000000000021,2.5571559614899294e-08,1659.12563643953,0.30451504346780994,0.9270862545571092,0.8004887624694524,0.7011337686791396,0.010819691072462199,0.041537353968993294,0.03338054242236802,0.01768254675760278
497,0.24855000000000022,2.5549439015584847e-08,1659.0892769681548,0.30479356053021517,0.9271154539265548,0.8005686596451884,0.7012534540066477,0.010819933798894453,0.04153741960099727,0.03338069706271171,0.017682676764477705
498,0.24905000000000022,2.552739267090894e-08,1659.0529617378113,0.30507185460950337,0.9271446299187383,0.8006484928545696,0.70137304351307,0.010820172160823203,0.04153748405019766,0.03338084891708446,0.017682804429861722
499,0.24955000000000022,2.5505420208214635e-08,1659.0166906125519,0.30534992597335053,0.9271737825617222,0.8007282621743829,0.7014925373134329,0.010820406179327125,0.0415375473224386,0.0333809979992062,0.017682929765251845
500,0.2500500000000002,2.5483521245173076e-08,1658.9804634666373,0.30562777488900456,0.9272029118835245,0.8008079676812927,0.701611935522579,0.010820635874274774,0.04153760942323351,0.033381144322018774,0.017683052781491893
501,0.2505500000000002,2.5461695408179032e-08,1658.9442801704827,0.3059054016232859,0.9272320179121187,0.8008876094518411,0.7017312382551678,0.010820861265962883,0.04153767035820806,0.03338128789872978,0.01768317348965002
502,0.2510500000000002,2.5439942321306778e-08,1658.9081405990628,0.30618280644258833,0.9272611006754327,0.8009671875624474,0.7018504456256744,0.010821082374136592,0.04153773013283538,0.03338142874218856,0.017683291900494044
503,0.2515500000000002,2.541826162464262e-08,1658.8720446178756,0.3064599896128802,0.9272901602013504,0.8010467020894092,0.701969557748392,0.010821299219625638,0.04153778875287839,0.033381566865928435,0.017683408025367737
504,0.2520500000000002,2.5396652941257654e-08,1658.8359921081656,0.30673695139970464,0.9273191965177111,0.8011261531089016,0.7020885747374307,0.010821511821404173,0.04153784622359502,0.03338170228229404,0.01768352187461636
505,0.2525500000000002,2.5375115913865317e-08,1658.7999829388707,0.307013692068181,0.9273482096523094,0.8012055406969781,0.7022074967067183,0.010821720199860722,0.041537902550622244,0.033381835004524255,0.017683633459337857
506,0.2530500000000002,2.5353650175490626e-08,1658.7640169890358,0.3072902118830056,0.9273771996328958,0.801284864929572,0.7023263237700013,0.0108219243741858,0.041537957739269896,0.033381965045088315,0.017683742789983945
507,0.2535500000000002,2.533225536777178e-08,1658.728094133784,0.3075665111084521,0.9274061664871764,0.8013641258824938,0.7024450560408441,0.010822124364006962,0.041538011794962755,0.03338209241672734,0.017683849877235775
508,0.2540500000000002,2.531093113727204e-08,1658.6922142471103,0.307842590008373,0.9274351102428131,0.8014433236314341,0.7025636936326303,0.010822320189063287,0.04153806472315254,0.03338221713224708,0.017683954731829647
509,0.2545500000000002,2.5289677124517708e-08,1658.656377210264,0.30811844884619993,0.9274640309274242,0.8015224582519628,0.7026822366585629,0.010822511868228236,0.04153811652905386,0.033382339203895654,0.01768405736403385
510,0.2550500000000002,2.526849298223792e-08,1658.6205828977422,0.30839408788494493,0.927492928568583,0.801601529819529,0.7028006852316642,0.010822699421142511,0.04153816721808562,0.033382458644403624,0.01768415778452309
511,0.2555500000000002,2.5247378357110026e-08,1658.584831191265,0.30866950738720095,0.9275218031938195,0.8016805384094621,0.7029190394647764,0.010822882866584673,0.041538216795430634,0.03338257546594631,0.017684256003506045
512,0.2560500000000002,2.5226332907968915e-08,1658.5491219657822,0.30894470761514287,0.92755065483062,0.8017594840969707,0.7030372994705626,0.010823062224102866,0.04153826526647667,0.033382689681183075,0.01768435203159913
513,0.2565500000000002,2.5205356283949036e-08,1658.5134551062324,0.30921968883052814,0.9275794835064264,0.8018383669571445,0.7031554653615057,0.010823237512060813,0.04153831263628849,0.03338280130201304,0.017684445878780354
514,0.2570500000000002,2.518444814630974e-08,1658.477830490758,0.30949445129469805,0.9276082892486377,0.8019171870649537,0.7032735372499106,0.01082340874959454,0.04153835891013655,0.03338291034082123,0.017684537555437016
515,0.2575500000000002,2.5163608153870232e-08,1658.442248001874,0.30976899526857793,0.927637072084609,0.8019959444952488,0.7033915152479027,0.010823575955310572,0.04153840409314537,0.03338301680964965,0.017684627071668766
516,0.2580500000000002,2.5142835970267952e-08,1658.4067075208677,0.31004332101267845,0.9276658320416517,0.8020746393227614,0.7035093994674297,0.010823739147938811,0.04153844819046994,0.03338312072061314,0.017684714437637226
517,0.2585500000000002,2.5122131260314507e-08,1658.3712089305784,0.3103174287870964,0.9276945691470343,0.8021532716221048,0.7036271900202615,0.010823898346008403,0.041538491207208164,0.033383222085693026,0.017684799663392498
518,0.2590500000000002,2.5101493689988836e-08,1658.335752115384,0.31059131885151514,0.9277232834279815,0.8022318414677733,0.7037448870179898,0.010824053567849335,0.04153853314840138,0.03338332091673823,0.017684882758874077
519,0.2595500000000002,2.5080922930046626e-08,1658.300336958399,0.31086499146520596,0.9277519749116748,0.8023103489341432,0.7038624905720298,0.010824204831919067,0.041538574019122594,0.03338341722567331,0.01768496373408577
520,0.2600500000000002,2.5060418652385525e-08,1658.264963344255,0.31113844688702846,0.9277806436252531,0.8023887940954725,0.7039800007936194,0.010824352156478678,0.04153861382438905,0.03338351102429236,0.01768504259892238
521,0.2605500000000002,2.5039980526428212e-08,1658.229631161871,0.31141168537543146,0.9278092895958114,0.8024671770259013,0.7040974177938202,0.010824495559269605,0.04153865256907495,0.03338360232405325,0.017685119362996708
522,0.2610500000000002,2.501960823716739e-08,1658.194340290511,0.3116847071884542,0.9278379128504025,0.802545497799453,0.7042147416835177,0.010824635059139236,0.04153869025835062,0.033383691137112655,0.017685194036509814
523,0.2615500000000002,2.4999301456265065e-08,1658.1590906220638,0.3119575125837265,0.9278665134160359,0.8026237564900323,0.7043319725734216,0.010824770673443609,0.04153872689698089,0.03338377747467257,0.0176852666288607
524,0.2620500000000002,2.4979059863713832e-08,1658.1238820443104,0.31223010181847005,0.9278950913196782,0.8027019531714275,0.704449110574066,0.010824902419997947,0.041538762489852075,0.03338386134822217,0.017685337149690505
525,0.2625500000000002,2.4958883147801215e-08,1658.0887144409219,0.31250247514949914,0.927923646588254,0.8027800879173101,0.7045661557958102,0.010825030317077105,0.04153879704197213,0.03338394276953813,0.01768540560888278
526,0.26305000000000023,2.4938770990691597e-08,1658.0535877025807,0.3127746328332213,0.9279521792486441,0.8028581608012351,0.7046831083488382,0.010825154382118953,0.0415388305581204,0.03338402174985928,0.017685472015869466
527,0.26355000000000023,2.491872307563465e-08,1658.0185017213996,0.3130465751256382,0.9279806893276878,0.8029361718966406,0.7047999683431602,0.010825274632375268,0.041538863043023525,0.03338409830030105,0.0176855363799794
528,0.26405000000000023,2.4898739097728795e-08,1657.983456382568,0.3133183022823466,0.9280091768521816,0.8030141212768483,0.7049167358886121,0.010825391085885254,0.04153889450161838,0.033384172432475254,0.0176855987109594
529,0.26455000000000023,2.4878818745936775e-08,1657.9484515782488,0.31358981455853874,0.928037641848879,0.8030920090150646,0.705033411094856,0.01082550375985584,0.04153892493861467,0.03338424415745907,0.01768565901810738
530,0.26505000000000023,2.485896171027676e-08,1657.913487202001,0.3138611122090037,0.9280660843444923,0.8031698351843802,0.7051499940713807,0.01082561267131178,0.04153895435867049,0.03338431348620894,0.017685717310620377
531,0.26555000000000023,2.483916768897891e-08,1657.8785631432136,0.3141321954881278,0.9280945043656909,0.8032475998577695,0.7052664849275019,0.010825717837744525,0.04153898276656771,0.03338438042997375,0.017685773597941868
532,0.26605000000000023,2.4819436381294e-08,1657.8436792926555,0.3144030646498954,0.9281229019391019,0.803325303108092,0.7053828837723628,0.010825819276465325,0.041539010167037184,0.033384444999883044,0.017685827889415612
533,0.26655000000000023,2.4799767483912082e-08,1657.808835545238,0.31467371994789006,0.9281512770913111,0.8034029450080928,0.7054991907149344,0.010825917004283252,0.04153903656467188,0.03338450720674212,0.01768588019411332
534,0.26705000000000023,2.4780160701689183e-08,1657.7740317916766,0.3149441616352947,0.9281796298488616,0.8034805256304013,0.7056154058640149,0.01082601103847715,0.04153906196418943,0.033384567061650834,0.017685930521354955
535,0.26755000000000023,2.4760615733333566e-08,1657.7392679295801,0.31521438996489304,0.9282079602382549,0.8035580450475328,0.7057315293282317,0.010826101395503019,0.04153908637008299,0.03338462457518085,0.017685978880016922
536,0.26805000000000023,2.4741132285696774e-08,1657.704543852344,0.31548440518907,0.9282362682859511,0.8036355033318876,0.7058475612160405,0.010826188092288955,0.041539109786971055,0.033384679758199975,0.017686025279225186
537,0.26855000000000023,2.4721710066611212e-08,1657.6698594546867,0.3157542075598125,0.9282645540183675,0.8037129005557526,0.7059635016357259,0.010826271145589405,0.0415391322194231,0.03338473262146116,0.017686069728009707
538,0.26905000000000023,2.470234878844621e-08,1657.6352146298727,0.3160237973287106,0.928292817461881,0.8037902367913007,0.7060793506954022,0.010826350572309384,0.041539153672047135,0.033384783175808945,0.017686112235477995
539,0.26955000000000023,2.468304815385369e-08,1657.600609280778,0.31629317474695773,0.9283210586428262,0.8038675121105905,0.7061951085030129,0.010826426388214225,0.04153917414914127,0.033384831431358286,0.01768615281012465
540,0.27005000000000023,2.4663807887808005e-08,1657.5660432949553,0.3165623400653519,0.9283492775874964,0.8039447265855675,0.706310775166332,0.010826498610836423,0.04153919365547886,0.033384877399344794,0.017686191461387068
541,0.27055000000000023,2.4644627694879182e-08,1657.5315165778543,0.3168312935342963,0.928377474322144,0.8040218802880642,0.7064263507929638,0.010826567255603187,0.041539212195262624,0.033384921089660013,0.01768622819757305
542,0.27105000000000024,2.462550729481487e-08,1657.4970290251238,0.31710003540380016,0.928405648872979,0.8040989732897997,0.7065418354903427,0.010826632339065305,0.04153922977299676,0.033384962512906624,0.01768626302758886
543,0.27155000000000024,2.4606446411836758e-08,1657.4625805309129,0.31736856592347934,0.9284338012661713,0.8041760056623807,0.7066572293657348,0.010826693877929259,0.04153924639322552,0.033385001679782436,0.017686295960421237
544,0.27205000000000024,2.458744476044214e-08,1657.428170998923,0.31763688534255746,0.928461931527849,0.8042529774773005,0.7067725325262373,0.01082675188776923,0.04153926206018541,0.03338503860026069,0.017686327004448197
545,0.27255000000000024,2.4568502063150756e-08,1657.3938003285652,0.31790499390986615,0.9284900396840989,0.8043298888059408,0.7068877450787789,0.010826806384640422,0.04153927677824098,0.033385073284616915,0.01768635616830243
546,0.27305000000000024,2.4549618046932864e-08,1657.359468417725,0.3181728918738464,0.9285181257609678,0.8044067397195712,0.7070028671301206,0.010826857384757211,0.04153929055179783,0.033385105743224196,0.017686383460699125
547,0.27355000000000024,2.453079243611716e-08,1657.3251751682765,0.31844057948254895,0.9285461897844608,0.8044835302893488,0.7071178987868557,0.010826904903850186,0.041539303385129074,0.033385135986143934,0.017686408890091886
548,0.27405000000000024,2.451202495593339e-08,1657.2909204833059,0.31870805698363497,0.9285742317805422,0.8045602605863191,0.7072328401554099,0.010826948957489665,0.0415393152824627,0.03338516402333188,0.017686432464845938
549,0.27455000000000024,2.4493315343101307e-08,1657.2567042588273,0.31897532462437733,0.9286022517751363,0.804636930681417,0.7073476913420423,0.010826989562051739,0.041539326248242504,0.03338518986525294,0.017686454193755124
550,0.27505000000000024,2.4474663321085058e-08,1657.2225264030917,0.3192423826516608,0.9286302497941258,0.8047135406454649,0.707462452452845,0.010827026732467401,0.04153933628652024,0.03338521352144875,0.0176864740848374
551,0.27555000000000024,2.4456068628349573e-08,1657.1883868145012,0.3195092313119832,0.9286582258633531,0.8047900905491749,0.7075771235937439,0.010827060484796957,0.0415393454016509,0.033385235002176154,0.017686492146712557
552,0.27605000000000024,2.443753100068588e-08,1657.1542853953986,0.3197758708514558,0.9286861800086206,0.8048665804631481,0.7076917048704989,0.010827090834622691,0.041539353597858625,0.03338525431738428,0.017686508387742085
553,0.27655000000000024,2.441905016769922e-08,1657.1202220548084,0.32004230151580443,0.9287141122556892,0.8049430104578748,0.707806196388704,0.010827117796729563,0.04153936087915056,0.03338527147651141,0.017686522815858384
554,0.27705000000000024,2.4400625870420537e-08,1657.0861966946457,0.32030852355037015,0.9287420226302807,0.8050193806037353,0.7079205982537881,0.010827141386712534,0.0415393672497509,0.033385286489507934,0.01768653543942489
555,0.27755000000000024,2.4382257850716136e-08,1657.052209217982,0.32057453720010975,0.9287699111580761,0.8050956909709993,0.7080349105710149,0.010827161620013334,0.04153937271384081,0.03338529936622342,0.01768654626672067
556,0.27805000000000024,2.436394585128316e-08,1657.0182595290346,0.32084034270959677,0.9287977778647156,0.8051719416298266,0.7081491334454834,0.010827178511921654,0.04153937727555877,0.03338531011640737,0.017686555305941102
557,0.27855000000000024,2.4345689612135106e-08,1656.9843475359082,0.3211059403230223,0.9288256227758007,0.8052481326502678,0.7082632669821283,0.01082719207725563,0.0415393809389143,0.03338531874950597,0.01768656256502692
558,0.27905000000000024,2.432748887762514e-08,1656.95047314508,0.32137133028419546,0.9288534459168915,0.8053242641022633,0.7083773112857199,0.010827202331004659,0.0415393837079616,0.03338532527507121,0.017686568052008234
559,0.27955000000000024,2.43093433929238e-08,1656.9166362641454,0.32163651283654426,0.9288812473135087,0.8054003360556447,0.7084912664608652,0.010827209288009513,0.04153938558671316,0.033385329702557344,0.01768657177483339
560,0.28005000000000024,2.4291252911018726e-08,1656.8828367963122,0.3219014882231164,0.9289090269911333,0.8054763485801337,0.7086051326120074,0.010827212963604038,0.04153938657931311,0.033385332041729374,0.017686573741712387
561,0.28055000000000024,2.427321717868626e-08,1656.8490746513883,0.3221662566865801,0.928936784975206,0.8055523017453438,0.7087189098434267,0.010827213372334442,0.04153938668969135,0.03338533230184796,0.01768657396043157
562,0.28105000000000024,2.4255235947003882e-08,1656.8153497375263,0.3224308184692246,0.9289645212911284,0.8056281956207799,0.7088325982592405,0.010827210528921726,0.041539385921823484,0.03338533049228201,0.017686572438868696
563,0.28155000000000024,2.4237308971332894e-08,1656.781661961219,0.32269517381296103,0.9289922359642621,0.8057040302758379,0.7089461979634037,0.010827204448262162,0.041539384279731,0.033385326622509044,0.017686569184993194
564,0.28205000000000024,2.4219436000826165e-08,1656.7480112355256,0.32295932295932306,0.9290199290199289,0.8057798057798058,0.709059709059709,0.01082719514446842,0.04153938176722232,0.03338532070150495,0.017686564206353107
565,0.28255000000000025,2.4201616795895385e-08,1656.7143974663409,0.323223266149468,0.929047600483412,0.8058555222018634,0.7091731316517875,0.01082718263247021,0.041539378388325075,0.03338531273876276,0.017686557510931646
566,0.28305000000000025,2.418385111073545e-08,1656.6808205661087,0.3234870036241769,0.9290752503799541,0.805931179611083,0.7092864658431083,0.010827166926415803,0.04153937414685448,0.03338530274327532,0.017686549106291853
567,0.28355000000000025,2.41661387072821e-08,1656.6472804428417,0.32375053562385586,0.929102878734759,0.8060067780764287,0.7093997117369795,0.010827148040952009,0.041539369046758985,0.03338529072435002,0.017686539000261573
568,0.28405000000000025,2.4148479344737863e-08,1656.6137770083394,0.3240138623885364,0.9291304855729919,0.8060823176667576,0.7095128694365486,0.0108271259902661,0.04153936309186159,0.03338527669099904,0.017686527200420778
569,0.28455000000000025,2.413087278305971e-08,1656.5803101754384,0.3242769841578764,0.9291580709197774,0.8061577984508194,0.7096259390448018,0.01082710078840668,0.04153935628594651,0.0333852606521436,0.017686513714273332
570,0.28505000000000025,2.411331878990783e-08,1656.5468798525283,0.32453990117116077,0.9291856348002023,0.806233220497257,0.7097389206645657,0.010827072449922799,0.04153934863293179,0.03338524261702078,0.01768649854958899
571,0.28555000000000025,2.4095817126720894e-08,1656.5134859544974,0.32480261366730206,0.929213177239314,0.8063085838746064,0.7098518143985065,0.010827040988588044,0.041539340136524716,0.03338522259437151,0.017686481713720694
572,0.28605000000000025,2.4078367562622822e-08,1656.4801283917755,0.32506512188484127,0.9292406982621203,0.8063838886512966,0.7099646203491311,0.010827006418678061,0.04153933080056695,0.03338520059325368,0.017686463214288205
573,0.28655000000000025,2.4060969860518357e-08,1656.44680708127,0.32532742606194875,0.9292681978935914,0.8064591348956511,0.7100773386187867,0.010826968753695527,0.0415393206286901,0.03338517662223071,0.01768644305849585
574,0.28705000000000025,2.4043623794445935e-08,1656.4135219326836,0.3255895264364245,0.9292956761586574,0.8065343226758867,0.7101899693096617,0.01082692800796528,0.04153930962474657,0.03338515069038676,0.01768642125398613
575,0.28755000000000025,2.4026329132217256e-08,1656.380272862181,0.3258514232456993,0.9293231330822105,0.8066094520601143,0.7103025125237855,0.010826884195041216,0.04153929779237936,0.033385122806312895,0.01768639780798726
576,0.28805000000000025,2.400908564928379e-08,1656.347059781448,0.3261131167268353,0.9293505686891039,0.8066845231163388,0.7104149683630295,0.010826837328981811,0.04153928513536653,0.0333850929789189,0.017686372727995735
577,0.28855000000000025,2.3991893114872798e-08,1656.3138826086101,0.32637460711652644,0.929377983004152,0.8067595359124597,0.7105273369291064,0.010826787423077081,0.04153927165727742,0.0333850612166231,0.017686346021095138
578,0.28905000000000025,2.39747513092903e-08,1656.2807412545742,0.32663589465109977,0.9294053760521315,0.8068344905162718,0.7106396183235717,0.010826734491441161,0.04153925736190278,0.033385027528365974,0.017686317694808388
579,0.28955000000000025,2.3957660003156904e-08,1656.2476356393995,0.3268969795665156,0.9294327478577799,0.8069093869954637,0.710751812647823,0.01082667854710371,0.04153924225273932,0.0333849919223955,0.017686287756076426
580,0.29005000000000025,2.394061897814985e-08,1656.2145656759162,0.3271578620983684,0.9294600984457966,0.8069842254176195,0.7108639200031006,0.010826619603919693,0.04153922633350553,0.03338495440748267,0.017686256212280232
581,0.29055000000000025,2.3923628013166552e-08,1656.181531280634,0.3274185424818877,0.929487427840843,0.8070590058502188,0.7109759404904886,0.01082655767529766,0.0415392096077982,0.033384914992112075,0.0176862230705603
582,0.29105000000000025,2.3906686884333386e-08,1656.1485323737304,0.32767902095193846,0.929514736067542,0.8071337283606367,0.7110878742109137,0.01082649277420131,0.04153919207909292,0.033384873684483014,0.017686188337817495
583,0.29155000000000025,2.3889795375346638e-08,1656.1155688708673,0.3279392977430221,0.9295420231504782,0.8072083930161436,0.7111997212651465,0.01082642491410344,0.04153917375100169,0.033384830493116656,0.01768615202122359
584,0.29205000000000025,2.3872953274002906e-08,1656.0826406859153,0.3281993730892769,0.9295692891141986,0.8072829998839055,0.7113114817538022,0.01082635410866826,0.04153915462718712,0.033384785426653865,0.017686114128051277
585,0.29255000000000025,2.3856160358426697e-08,1656.0497477418385,0.3284592472244789,0.9295965339832115,0.8073575490309852,0.7114231557773394,0.010826280370482888,0.04153913471101994,0.03338473849304787,0.01768607466499536
586,0.29305000000000025,2.383941641772424e-08,1656.0168899543485,0.3287189203820426,0.9296237577819884,0.8074320405243418,0.711534743436062,0.010826203712962626,0.041539114006093475,0.033384689700776966,0.01768603363919237
587,0.29355000000000026,2.382272123820618e-08,1655.9840672427881,0.3289783927950216,0.929650960534962,0.80750647443083,0.7116462448301187,0.010826124149082182,0.04153909251588108,0.033384639058037,0.01768599105754161
588,0.29405000000000026,2.380607460682832e-08,1655.9512795274054,0.3292376646961092,0.9296781422665275,0.8075808508172018,0.7117576600595031,0.010826041691693985,0.0415390702438221,0.03338458657294401,0.01768594692687554
589,0.29455000000000026,2.3789476314617903e-08,1655.918526726624,0.3294967363176395,0.9297053030010429,0.8076551697501062,0.7118689892240547,0.010825956353845832,0.04153904719340763,0.0333845322537364,0.017685901254129773
590,0.29505000000000026,2.377292614980392e-08,1655.885808762476,0.3297556078915873,0.9297324427628277,0.8077294312960889,0.7119802324234586,0.010825868148147958,0.041539023368009693,0.033384476108372176,0.017685854046004368
591,0.29555000000000026,2.3756423908100268e-08,1655.853125552445,0.3300142796495698,0.9297595615761646,0.8078036355215933,0.712091389757246,0.010825777087723932,0.04153899877113796,0.03338441814513417,0.01768580530947278
592,0.29605000000000026,2.3739969382411357e-08,1655.820477017609,0.3302727518228465,0.9297866594652986,0.8078777824929595,0.7122024613247947,0.010825683185261253,0.041538973406183434,0.0333843583720258,0.017685755051273764
593,0.29655000000000026,2.3723562366260958e-08,1655.787863079918,0.33053102464232015,0.9298137364544368,0.8079518722764258,0.7123134472253289,0.010825586453329096,0.04153894727650425,0.03338429679697336,0.017685703278081433
594,0.29705000000000026,2.3707202653788948e-08,1655.7552836621853,0.3307890983385376,0.92984079256775,0.808025904938129,0.71242434755792,0.010825486904379114,0.041538920385425865,0.0333842334278265,0.017685649996505726
595,0.29755000000000026,2.3690890043163593e-08,1655.7227386853704,0.33104697314169024,0.9298678278293707,0.8080998805441024,0.7125351624214867,0.010825384551062276,0.04153889273632674,0.03338416827256001,0.017685595213261997
596,0.29805000000000026,2.3674624336566607e-08,1655.690228068577,0.33130464928161485,0.9298948422633949,0.8081737991602789,0.7126458919147952,0.010825279406229106,0.04153886433263836,0.033384101339273956,0.017685538935171188
597,0.29855000000000026,2.3658405326535773e-08,1655.6577517398862,0.3315621269877942,0.9299218358938817,0.8082476608524892,0.71275653613646,0.010825171481667046,0.04153883517750419,0.03338403263539,0.017685481168484007
598,0.29905000000000026,2.364223281985525e-08,1655.625309617382,0.33181940648935776,0.9299488087448521,0.8083214656864631,0.712867095184943,0.010825060790312204,0.04153880527437716,0.03338396216905932,0.017685421920064812
599,0.29955000000000026,2.3626106613663892e-08,1655.5929016281102,0.33207648801508227,0.9299757608402909,0.808395213727829,0.7129775691585549,0.010824947344039574,0.04153877462642274,0.03338388994775595,0.0176853611962088
600,0.30005000000000026,2.3610026512505592e-08,1655.5605276945282,0.33233337179339273,0.9300026922041462,0.8084689050421139,0.7130879581554557,0.010824831155242281,0.041538743236945556,0.03338381597928219,0.017685299003487358
601,0.30055000000000026,2.3593992324901665e-08,1655.528187737215,0.3325900580523626,0.9300296028603283,0.8085425396947445,0.7131982622736536,0.010824712236515991,0.04153871110930418,0.03338374027156766,0.01768523534857918
602,0.30105000000000026,2.357800384974027e-08,1655.4958816856815,0.332846547019715,0.9300564928327121,0.8086161177510474,0.7133084816110066,0.010824590599398814,0.041538678246570676,0.03338366283186717,0.017685170237595745
603,0.30155000000000026,2.356206089329179e-08,1655.463609464838,0.33310283892282294,0.9300833621451347,0.8086896392762477,0.7134186162652223,0.010824466255948668,0.041538644651956794,0.033383583667764914,0.01768510367692568
604,0.30205000000000026,2.3546163269182902e-08,1655.4313709949993,0.33335893398871025,0.9301102108213969,0.8087631043354709,0.7135286663338581,0.010824339218742842,0.04153861032881385,0.033383502787174245,0.017685035673234574
605,0.30255000000000026,2.3530310781410035e-08,1655.3991662053866,0.33361483244405216,0.9301370388852636,0.808836512993743,0.713638631914322,0.010824209499304072,0.04153857528020751,0.03338342019733566,0.01768496623262246
606,0.30305000000000026,2.351450324132025e-08,1655.3669950206138,0.33387053451517607,0.930163846360462,0.8089098653159894,0.7137485131038718,0.010824077109676035,0.041538539509343476,0.033383335905819864,0.017684895361467196
607,0.30355000000000026,2.3498740460810405e-08,1655.334857366084,0.334126040428062,0.930190633270684,0.8089831613670363,0.7138583099996165,0.010823942061793964,0.04153850301939745,0.0333832499201271,0.017684823066087586
608,0.30405000000000026,2.348302225232442e-08,1655.3027531679868,0.3343813504083434,0.9302173996395846,0.80905640121161,0.7139680226985163,0.010823804367485455,0.041538465813515335,0.0333831622476877,0.01768474935274382
609,0.30455000000000026,2.3467348425467455e-08,1655.270682355985,0.33463646468130787,0.9302441454907823,0.8091295849143383,0.7140776512973823,0.01082366403815703,0.041538427894728606,0.0333830728956625,0.017684674227469693
610,0.30505000000000027,2.34517187971569e-08,1655.2386448551217,0.3348913834718978,0.9302708708478603,0.8092027125397495,0.7141871958928777,0.010823521085737699,0.041538389266209216,0.033382981871543684,0.01768459769657775
611,0.30555000000000027,2.3436133184840018e-08,1655.2066405912103,0.3351461070047108,0.9302975757343649,0.8092757841522731,0.7142966565815174,0.01082337552205056,0.041538349931099866,0.03338288918275468,0.017684519766322914
612,0.30605000000000027,2.3420591399738684e-08,1655.1746694962133,0.33540063550400073,0.9303242601738064,0.8093487998162398,0.7144060334596685,0.010823227358186025,0.04153830989234463,0.03338279483625109,0.01768444044256692
613,0.30655000000000027,2.340509326373947e-08,1655.142731494771,0.33565496919367815,0.9303509241896598,0.8094217595958823,0.7145153266235507,0.010823076606072086,0.04153826915311326,0.03338269883952058,0.01768435973161902
614,0.30705000000000027,2.338963859249834e-08,1655.1108265176597,0.33590910829731085,0.9303775678053633,0.8094946635553345,0.7146245361692362,0.010822923276905521,0.04153822771637734,0.033382601199583965,0.017684277639396118
615,0.30755000000000027,2.337422720893874e-08,1655.0789544910228,0.3361630530381249,0.9304041910443196,0.8095675117586326,0.7147336621926504,0.01082276738240748,0.041538185585249514,0.03338250192379475,0.01768419417209497
616,0.30805000000000027,2.3358858929757287e-08,1655.0471153471226,0.3364168036390048,0.9304307939298958,0.8096403042697146,0.7148427047895723,0.010822608933569875,0.04153814276264476,0.03338240101904087,0.01768410933552108
617,0.30855000000000027,2.3343533578904053e-08,1655.015309013581,0.3366703603224945,0.9304573764854228,0.8097130411524206,0.7149516640556342,0.010822447941909914,0.04153809925161946,0.033382298492543594,0.01768402313576033
618,0.30905000000000027,2.3328250980832e-08,1654.9835354187533,0.33692372331079806,0.9304839387341965,0.809785722470494,0.7150605400863222,0.010822284418843524,0.041538055055202035,0.033382194351458554,0.017683935578843592
619,0.30955000000000027,2.3313010953772947e-08,1654.9517944970917,0.33717689282578,0.930510480699477,0.8098583482875799,0.7151693329769768,0.010822118375060318,0.04153801017622404,0.03338208860247772,0.017683846670412028
620,0.31005000000000027,2.3297813329908488e-08,1654.9200861730312,0.33742986908896616,0.9305370024044882,0.8099309186672264,0.7152780428227931,0.01082194982240205,0.041537964617827904,0.033381981253025696,0.01768375641672293
621,0.31055000000000027,2.328265792847266e-08,1654.8884103824591,0.33768265232154454,0.93056350387242,0.8100034336728854,0.7153866697188204,0.01082177877135982,0.04153791838279044,0.03338187230966582,0.017683664823309603
622,0.31105000000000027,2.3267544579272595e-08,1654.8567670539248,0.33793524274436537,0.9305899851264254,0.8100758933679112,0.7154952137599635,0.010821605233264727,0.041537871474114973,0.03338176177949535,0.017683571896154403
623,0.31155000000000027,2.3252473112597324e-08,1654.8251561166871,0.33818764057794226,0.930616446189623,0.8101482978155619,0.7156036750409821,0.010821429219349588,0.04153782389477778,0.033381649669547944,0.017683477641186322
624,0.31205000000000027,2.3237443349165897e-08,1654.793577508745,0.3384398460424528,0.930642887085096,0.8102206470789987,0.7157120536564918,0.010821250739812915,0.04153777564747501,0.03338153598619743,0.017683382063779757
625,0.31255000000000027,2.3222455126938926e-08,1654.7620311553994,0.3386918593577389,0.930669307835892,0.8102929412212868,0.7158203497009639,0.010821069806318313,0.04153772673529841,0.03338142073674987,0.01768328517009297
626,0.3130500000000003,2.3207508270952503e-08,1654.7305169933572,0.3389436807433077,0.9306957084650243,0.810365180305396,0.7159285632687256,0.010820886429184223,0.041537677160975554,0.03338130392765351,0.017683186965563192
627,0.3135500000000003,2.3192602620105935e-08,1654.699034949306,0.3391953104183322,0.9307220889954704,0.810437364394199,0.7160366944539607,0.01082070061988186,0.041537626927545215,0.03338118556608995,0.01768308745624431
628,0.3140500000000003,2.3177737997045473e-08,1654.6675849639953,0.33944674860165147,0.930748449450173,0.8105094935504737,0.7161447433507097,0.010820512388227958,0.041537576037598445,0.03338106565818599,0.017682986647303514
629,0.3145500000000003,2.3162914241606423e-08,1654.6361669654764,0.3396979955117722,0.9307747898520407,0.8105815678369023,0.7162527100528698,0.01082032174550438,0.04153752449412189,0.03338094421100079,0.017682884544692
630,0.3150500000000003,2.3148131187398736e-08,1654.6047808878259,0.3399490513668683,0.9308011102239458,0.8106535873160716,0.7163605946541958,0.010820128702275458,0.0415374722999078,0.03338082123113555,0.017682781153976056
631,0.3155500000000003,2.31333886718306e-08,1654.5734266631173,0.3401999163847822,0.9308274105887272,0.8107255520504733,0.7164683972482992,0.010819933269323866,0.041537419457807034,0.033380696725329735,0.0176826764808383
632,0.3160500000000003,2.3118686526097503e-08,1654.5421042294306,0.34045059078302514,0.9308536909691884,0.8107974621025038,0.7165761179286503,0.010819735456717055,0.04153736597047662,0.03338057069986627,0.017682570530577674
633,0.3165500000000003,2.3104024591854118e-08,1654.5108135174958,0.340701074778778,0.9308799513880978,0.810869317534465,0.7166837567885763,0.010819535275364459,0.041537311840800874,0.0333804431615637,0.017682463308943505
634,0.3170500000000003,2.308940270453801e-08,1654.4795544640365,0.34095136858889197,0.9309061918681903,0.8109411184085648,0.7167913139212635,0.010819332735461587,0.04153725707147063,0.03338031411678491,0.01768235482130216
635,0.3175500000000003,2.3074820703367675e-08,1654.4483270037601,0.34120147242988896,0.9309324124321658,0.8110128647869153,0.7168987894197564,0.010819127847424304,0.041537201665235925,0.03338018357203238,0.01768224507313746
636,0.3180500000000003,2.306027843132985e-08,1654.4171310693562,0.34145138651796225,0.9309586131026895,0.8110845567315352,0.7170061833769584,0.010818920621888823,0.04153714562490601,0.03338005153394825,0.01768213407005073
637,0.3185500000000003,2.3045775725200434e-08,1654.3859665994873,0.34170111106897744,0.9309847939023929,0.8111561943043495,0.717113495885632,0.01081871106878008,0.04153708895309741,0.03337991800872067,0.017682021817261754
638,0.3190500000000003,2.303131243216364e-08,1654.3548335254632,0.34195064629847255,0.9310109548538722,0.8112277775671884,0.7172207270383989,0.01081849919886562,0.04153703165265416,0.033379783003073996,0.017681908320441163
639,0.3195500000000003,2.3016888389870698e-08,1654.3237317872183,0.34219999242165905,0.9310370959796901,0.8112993065817894,0.7173278769277406,0.010818285021892714,0.041536973726144025,0.03337964652308173,0.017681793584712537
640,0.3200500000000003,2.3002503443048542e-08,1654.2926613199897,0.3424491496534224,0.9310632173023751,0.8113707814097952,0.7174349456459984,0.010818068548141536,0.041536915176278506,0.03337950857515626,0.01768167761548443
641,0.3205500000000003,2.2988157433535458e-08,1654.2616220623022,0.3426981182083224,0.9310893188444209,0.811442202112756,0.7175419332853736,0.010817849787494501,0.04153685600566123,0.033379369165455815,0.017681560417951835
642,0.3210500000000003,2.2973850213536453e-08,1654.2306139453242,0.3429468983005944,0.9311154006282881,0.8115135687521291,0.7176488399379283,0.01081762875067693,0.04153679621712345,0.033379228300675134,0.01768144199776084
643,0.3215500000000003,2.2959581625732064e-08,1654.199636908822,0.3431954901441491,0.9311414626764027,0.8115848813892779,0.7177556656955848,0.010817405447397326,0.04153673581322111,0.03337908598686034,0.01768132236001235
644,0.3220500000000003,2.2945351513230234e-08,1654.1686908931702,0.34344389395257374,0.9311675050111567,0.8116561400854733,0.7178624106501267,0.010817179887278736,0.04153667479648668,0.03337894223000243,0.01768120150976102
645,0.3225500000000003,2.2931159729481053e-08,1654.1377758313852,0.34369210993913285,0.9311935276549091,0.811727344901894,0.7179690748931988,0.01081695208078769,0.04153661316968049,0.033378797036629375,0.017681079452512995
646,0.3230500000000003,2.2917006121726315e-08,1654.1068916624026,0.34394013831676823,0.9312195306299837,0.8117984958996258,0.7180756585163071,0.010816722037686185,0.04153655093537206,0.03337865041281955,0.017680956193396533
647,0.3235500000000003,2.290289053762105e-08,1654.0760383257577,0.34418797929809997,0.9312455139586718,0.8118695931396623,0.7181821616108195,0.010816489767651975,0.04153648809610776,0.03337850236459705,0.01768083173749434
648,0.3240500000000003,2.2888812828531058e-08,1654.04521575893,0.3444356330954271,0.9312714776632305,0.8119406366829048,0.7182885842679658,0.010816255280588194,0.041536424654494676,0.03337835289812906,0.017680706090009487
649,0.3245500000000003,2.2874772846223367e-08,1654.0144238999947,0.34468309992072793,0.9312974217658828,0.8120116265901627,0.7183949265788382,0.010816018586314332,0.041536360613117024,0.03337820201952893,0.017680579256099848
650,0.3250500000000003,2.2860770439568914e-08,1653.9836626902647,0.34493037998566106,0.9313233462888193,0.812082562922154,0.7185011886343912,0.010815779694258043,0.041536295974452686,0.03337804973465967,0.017680451240712956
651,0.3255500000000003,2.2846805464431004e-08,1653.9529320663412,0.3451774735015655,0.9313492512541964,0.8121534457395044,0.7186073705254423,0.010815538614382291,0.041536230741124176,0.03337789604972508,0.017680322049082833
652,0.3260500000000003,2.2832877773769048e-08,1653.9222319680573,0.3454243806794617,0.931375136684137,0.8122242751027487,0.7187134723426718,0.010815295356259066,0.041536164915647954,0.03337774097067919,0.017680191686233648
653,0.3265500000000003,2.2818987224225592e-08,1653.8915623331793,0.3456711017300518,0.9314010026007312,0.8122950510723305,0.7188194941766236,0.010815049929687329,0.041536098500601665,0.033377584503620265,0.017680060157310867
654,0.3270500000000003,2.2805133666252298e-08,1653.860923105338,0.3459176368637204,0.9314268490260352,0.8123657737086017,0.7189254361177048,0.010814802343768165,0.04153603149837388,0.03337742665420119,0.017679927467085625
655,0.3275500000000003,2.2791316957269683e-08,1653.8303142234438,0.34616398629053535,0.9314526759820723,0.8124364430718242,0.7190312982561863,0.010814552608139127,0.041535963911498094,0.03337726742841642,0.017679793620616238
656,0.3280500000000003,2.277753695507853e-08,1653.7997356269764,0.3464101502202479,0.9314784834908326,0.8125070592221679,0.7191370806822034,0.010814300732357488,0.04153589574248588,0.03337710683220881,0.017679658622917697
657,0.3285500000000003,2.276379351785812e-08,1653.7691872559794,0.34665612886229363,0.9315042715742727,0.8125776222197132,0.7192427834857552,0.010814046725900773,0.041535826993827046,0.03337694487146995,0.017679522478961967
658,0.3290500000000003,2.2750086500885022e-08,1653.7386690536969,0.346901922425793,0.9315300402543171,0.81264813212445,0.719348406756706,0.010813790597859555,0.041535757667906424,0.033376781551844266,0.017679385193513322
659,0.3295500000000003,2.273641576637364e-08,1653.7081809586493,0.3471475311195519,0.9315557895528562,0.812718588996277,0.7194539505847843,0.010813532357861456,0.04153568776725402,0.03337661687931829,0.017679246771623604
660,0.3300500000000003,2.272278117362821e-08,1653.6777229125503,0.3473929551520621,0.9315815194917483,0.812788992895004,0.7195594150595842,0.010813272015147922,0.041535617294295155,0.03337645085963191,0.017679107218137428
661,0.3305500000000003,2.2709182582324484e-08,1653.6472948576622,0.34763819473150215,0.9316072300928188,0.8128593438803502,0.7196648002705649,0.010813009578882777,0.04153554625143393,0.033376283498475164,0.017678966537857527
662,0.3310500000000003,2.2695619852508007e-08,1653.6168967367917,0.3478832500657377,0.9316329213778596,0.8129296420119454,0.7197701063070508,0.010812745058152742,0.04153547464105341,0.03337611480148855,0.017678824735545055
663,0.3315500000000003,2.2682092847862018e-08,1653.5865284906529,0.34812812136232224,0.9316585933686305,0.8129998873493298,0.7198753332582329,0.010812478462274962,0.041535402465598864,0.033375944774459196,0.01767868181608446
664,0.3320500000000003,2.2668601432428327e-08,1653.556190060499,0.3483728088284976,0.9316842460868588,0.8130700799519539,0.7199804812131678,0.010812209800489995,0.04153532972749468,0.03337577342312508,0.017678537784318906
665,0.3325500000000003,2.2655145467339953e-08,1653.5258813907521,0.34861731267119445,0.9317098795542381,0.813140219879179,0.7200855502607783,0.010811939081655475,0.041535256429061425,0.03337560075297967,0.017678392644886073
666,0.3330500000000003,2.2641724817356744e-08,1653.4956024237335,0.3488616330970333,0.9317354937924309,0.8132103071902781,0.7201905404898542,0.010811666314860623,0.041535182572682204,0.033375426769663784,0.017678246402547566
667,0.3335500000000003,2.262833935085401e-08,1653.4653530996634,0.3491057703123244,0.9317610888230663,0.8132803419444341,0.7202954519890519,0.010811391509426064,0.04153510816080264,0.03337525147896564,0.01767809906218888
668,0.3340500000000003,2.2614988926771594e-08,1653.4351333671748,0.34934972452306895,0.931786664667741,0.813350324200742,0.7204002848468948,0.010811114673678143,0.04153503319559903,0.03337507488603892,0.017677950628162235
669,0.3345500000000003,2.260167341744715e-08,1653.404943164908,0.3495934959349595,0.93181222134802,0.8134202540182084,0.7205050391517741,0.01081083581709515,0.0415349576795594,0.033374896996771874,0.017677801105437284
670,0.3350500000000003,2.258839268578348e-08,1653.3747824399036,0.34983708475338016,0.9318377588854351,0.8134901314557507,0.7206097149919479,0.010810554948162346,0.04153488161490283,0.03337471781641906,0.017677650498451093
671,0.3355500000000003,2.25751466015466e-08,1653.3446511344653,0.3500804911834077,0.9318632773014863,0.8135599565721988,0.7207143124555427,0.01081027207590433,0.04153480500399428,0.03337453735057886,0.01767749881192974
672,0.3360500000000003,2.2561935034840473e-08,1653.314549191409,0.35032371542981194,0.9318887766176418,0.8136297294262941,0.7208188316305528,0.01080998720927255,0.04153472784917881,0.03337435560480277,0.017677346050559938
673,0.3365500000000003,2.254875785285513e-08,1653.2844765566858,0.350566757697056,0.9319142568553366,0.81369945007669,0.7209232726048409,0.010809700356840011,0.04153465015269892,0.033374172584400674,0.01767719221882533
674,0.3370500000000003,2.2535614926371556e-08,1653.2544331741253,0.35080961818929746,0.9319397180359748,0.8137691185819529,0.7210276354661382,0.0108094115274136,0.041534571916860295,0.03337398829483144,0.017677037321334837
675,0.3375500000000003,2.2522506126504097e-08,1653.224418988063,0.35105229711038854,0.9319651601809279,0.8138387350005608,0.7211319203020449,0.010809120729728476,0.041534493143949136,0.03337380274150802,0.017676881362658783
676,0.3380500000000003,2.2509431321454236e-08,1653.194433945951,0.35129479466387664,0.9319905833115353,0.8139082993909047,0.7212361272000299,0.010808827972143194,0.041534413836149545,0.0333736159296029,0.017676724347165405
677,0.3385500000000003,2.2496390386246925e-08,1653.1644779904984,0.3515371110530052,0.9320159874491054,0.8139778118112883,0.721340256247432,0.010808533263556373,0.041534333995791824,0.033373427864632974,0.017676566279512473
678,0.3390500000000003,2.2483383192987484e-08,1653.1345510675278,0.35177924648071407,0.9320413726149136,0.8140472723199282,0.7214443075314589,0.010808236612490717,0.041534253625104385,0.03337323855187517,0.01767640716415605
679,0.3395500000000003,2.2470409617347625e-08,1653.104653120736,0.35202120114964,0.9320667388302042,0.8141166809749544,0.7215482811391886,0.010807938027703929,0.04153417272637923,0.033373047996756236,0.01767624700567815
680,0.3400500000000003,2.2457469525605938e-08,1653.0747841021491,0.35226297526211725,0.9320920861161899,0.8141860378344092,0.7216521771575689,0.01080763751696948,0.04153409130164164,0.03337285620407466,0.01767608580813276
681,0.3405500000000003,2.2444562800556864e-08,1653.0449439512054,0.3525045690201784,0.9321174144940509,0.8142553429562492,0.7217559956734177,0.01080733508951605,0.04153400935331111,0.033372663179557546,0.01767592357635438
682,0.3410500000000003,2.2431689312361642e-08,1653.0151326182788,0.35274598262555473,0.9321427239849372,0.8143245963983448,0.7218597367734239,0.010807030753284234,0.041533926883458076,0.03337246892810979,0.01767576031448648
683,0.3415500000000003,2.241884894120522e-08,1652.985350046384,0.35298721627967666,0.9321680146099661,0.8143937982184788,0.7219634005441468,0.01080672451706016,0.04153384389438204,0.03337227345517591,0.017675596027126053
684,0.3420500000000003,2.2406041561118305e-08,1652.9555961842327,0.35322827018367436,0.9321932863902238,0.814462948474349,0.7220669870720167,0.010806416388952819,0.041533760388198976,0.0333720767657681,0.017675430718506777
685,0.3425500000000003,2.239326704645021e-08,1652.925870981006,0.3534691445383786,0.9322185393467656,0.8145320472235671,0.7221704964433355,0.010806106377004005,0.041533676367006576,0.03337187886485559,0.017675264392826222
686,0.3430500000000003,2.2380525281545676e-08,1652.8961743785292,0.3537098395443209,0.9322437735006143,0.8146010945236588,0.7222739287442762,0.010805794490100612,0.041533591833131586,0.03337167975794701,0.017675097054735328
687,0.3435500000000003,2.2367816138146243e-08,1652.8665063295227,0.35395035540173436,0.9322689888727624,0.8146700904320644,0.7223772840608835,0.010805480735846387,0.04153350678855292,0.033371479449731845,0.017674928708196563
688,0.3440500000000003,2.235513950120479e-08,1652.8368667767456,0.3541906923105541,0.9322941854841712,0.8147390350061383,0.7224805624790746,0.010805165122994422,0.041533421235561,0.033371277945633264,0.017674759357789036
689,0.3445500000000003,2.234249524630356e-08,1652.8072556712325,0.3544308504704177,0.9323193633557696,0.8148079283031497,0.7225837640846381,0.010804847659320143,0.04153333517618125,0.03337107525045023,0.017674589007567274
690,0.3450500000000003,2.2329883258992686e-08,1652.7776729566644,0.3546708300806663,0.932344522508457,0.8148767703802834,0.7226868889632356,0.01080452835344417,0.04153324861266815,0.03337087136952134,0.017674417662039307
691,0.3455500000000003,2.2317303412242996e-08,1652.7481185875854,0.3549106313403443,0.9323696629631006,0.814945561294638,0.7227899372004014,0.010804207212707868,0.04153316154692942,0.03337066630736836,0.01767424532502669
692,0.3460500000000003,2.230475559541709e-08,1652.718592505984,0.3551502544482004,0.932394784740537,0.8150143011032279,0.7228929088815423,0.010803884245904605,0.04153307398126641,0.033370460069440194,0.017674072001130182
693,0.3465500000000003,2.2292239685302904e-08,1652.6890946647006,0.3553896996026885,0.9324198878615723,0.8150829898629831,0.7229958040919388,0.010803559460549879,0.041532985917634,0.03337025266036978,0.017673897694264768
694,0.3470500000000003,2.2279755568629112e-08,1652.6596250092216,0.3556289670019674,0.9324449723469804,0.8151516276307487,0.7230986229167441,0.010803232865004432,0.04153289735821628,0.03337004408532983,0.017673722408799088
695,0.3475500000000003,2.2267303125988257e-08,1652.6301834906758,0.35586805684390205,0.9324700382175058,0.8152202144632853,0.7232013654409856,0.010802904466959046,0.04153280830501568,0.03336983434906522,0.01767354614874222
696,0.3480500000000003,2.2254882241477144e-08,1652.6007700580324,0.3561069693260637,0.9324950854938617,0.8152887504172694,0.7233040317495643,0.010802574274344029,0.04153271876009957,0.03336962345647386,0.017673368918231843
697,0.3485500000000003,2.22424928026866e-08,1652.571384658105,0.35634570464573073,0.9325201141967299,0.8153572355492936,0.7234066219272552,0.010802242295328965,0.0415326287256003,0.03336941141260652,0.017673190721534088
698,0.3490500000000003,2.2230134691078258e-08,1652.5420272433316,0.35658426299988893,0.9325451243467626,0.8154256699158668,0.723509136058708,0.010801908537415516,0.04153253820346902,0.03336919822208741,0.01767301156255663
699,0.3495500000000003,2.2217807791608818e-08,1652.5126977639864,0.3568226445852323,0.9325701159645808,0.8154940535734134,0.7236115742284466,0.010801573008345684,0.04153244719572215,0.0333689838896943,0.017672831445336167
700,0.3500500000000003,2.2205511995920653e-08,1652.4833961655909,0.35706084959816314,0.932595089070775,0.8155623865782748,0.7237139365208696,0.010801235716403595,0.041532355704523155,0.033368768420551365,0.017672650374200505
701,0.3505500000000003,2.2193247189526777e-08,1652.4541223992808,0.3572988782347934,0.9326200436859058,0.8156306689867091,0.7238162230202511,0.010800896669206903,0.04153226373185479,0.0333685518193571,0.017672468353119728
702,0.3510500000000003,2.218101325502461e-08,1652.4248764192002,0.3575367306909442,0.9326449798305022,0.8156989008548906,0.7239184338107398,0.010800555874010347,0.04153217127960139,0.03336833409057825,0.017672285385869138
703,0.3515500000000003,2.216881008808095e-08,1652.395658169564,0.3577744071621473,0.9326698975250638,0.815767082238911,0.7240205689763606,0.010800213339214925,0.0415320783499583,0.03336811523941396,0.017672101476839515
704,0.3520500000000003,2.2156637568652063e-08,1652.366467607942,0.358011907843645,0.9326947967900597,0.8158352131947784,0.7241226286010134,0.010799869071652179,0.041531984944695094,0.03336789527006076,0.017671916629579076
705,0.3525500000000003,2.214449559294604e-08,1652.3373046793895,0.3582492329303909,0.9327196776459281,0.8159032937784185,0.7242246127684744,0.010799523079601492,0.041531891065974276,0.03336767418764034,0.017671730848413485
706,0.3530500000000003,2.2132384047856074e-08,1652.3081693371344,0.3584863826170505,0.932744540113078,0.8159713240456747,0.7243265215623962,0.010799175370377346,0.041531796715696546,0.03336745199665801,0.017671544137150427
707,0.3535500000000003,2.2120302823739385e-08,1652.27906153223,0.35872335709800174,0.9327693842118873,0.8160393040523071,0.7244283550663072,0.01079882595153609,0.041531701895828346,0.03336722870177375,0.017671356499727533
708,0.3540500000000003,2.210825181122062e-08,1652.2499812161395,0.35896015656733515,0.9327942099627043,0.8161072338539935,0.7245301133636128,0.010798474830574651,0.041531606608320025,0.03336700430760971,0.017671167940050633
709,0.3545500000000003,2.2096230904375644e-08,1652.2209283381542,0.3591967812188551,0.9328190173858477,0.8161751135063304,0.7246317965375956,0.010798122015231755,0.04153151085518763,0.03336677881894268,0.017670978462155516
710,0.3550500000000003,2.2084239991171956e-08,1652.191902853128,0.3594332312460796,0.9328438065016051,0.8162429430648315,0.7247334046714144,0.010797767512585599,0.041531414638268024,0.03336655224012751,0.017670788069723355
711,0.3555500000000003,2.207227896621098e-08,1652.1629047111594,0.3596695068422413,0.932868577330235,0.8163107225849288,0.724834937848106,0.010797411330257715,0.04153131795954561,0.03336632457586642,0.017670596766727237
712,0.3560500000000003,2.2060347724350024e-08,1652.1339338627488,0.3599056082002878,0.9328933298919658,0.816378452121972,0.7249363961505846,0.010797053475811171,0.041531220820989,0.03336609583082448,0.017670404557108978
713,0.3565500000000003,2.2048446154345007e-08,1652.1049902639438,0.3601415355128821,0.9329180642069957,0.8164461317312299,0.7250377796616417,0.010796693956150473,0.04153112322438816,0.033365866009245945,0.017670211444456796
714,0.3570500000000003,2.2036574154748384e-08,1652.0760738634622,0.3603772889724035,0.9329427802954939,0.81651376146789,0.7251390884639476,0.010796332779023825,0.041531025171762104,0.03336563511591458,0.017670017432812216
715,0.3575500000000003,2.2024731618008957e-08,1652.0471846155642,0.36061286877094784,0.9329674781775994,0.8165813413870577,0.7252403226400501,0.01079596995152158,0.04153092666495141,0.03336540315519381,0.017669822525863542
716,0.3580500000000003,2.2012918440006842e-08,1652.0183224723262,0.3608482751003278,0.9329921578734214,0.8166488715437575,0.7253414822723758,0.010795605480977502,0.041530827705862826,0.03336517013160287,0.01766962672742997
717,0.3585500000000003,2.2001134513701242e-08,1651.9894873887824,0.361083508152074,0.93301681940304,0.8167163519929336,0.72544256744323,0.010795239374368996,0.04153072829630641,0.033364936049433316,0.017669430041139394
718,0.3590500000000003,2.1989379741816186e-08,1651.9606793126443,0.3613185681174351,0.9330414627865053,0.8167837827894485,0.7255435782347964,0.010794871639516436,0.04153062843832124,0.033364700913515934,0.01766923247107275
719,0.3595500000000003,2.1977654014638852e-08,1651.9318982022842,0.36155345518737836,0.9330660880438381,0.8168511639880844,0.7256445147291384,0.010794502282985471,0.04153052813360579,0.033364464727879455,0.01766903402063702
720,0.3600500000000003,2.1965957232215676e-08,1651.9031440087483,0.36178816955259013,0.9330906951950297,0.8169184956435426,0.7257453770081983,0.010794131312185132,0.04153042738408766,0.03336422749709209,0.017668834693692466
721,0.3605500000000003,2.1954289291667962e-08,1651.8744166860306,0.3620227114034767,0.933115284260042,0.8169857778104442,0.7258461651537982,0.010793758734169533,0.041530326191598174,0.03336398922549534,0.017668634493908826
722,0.3610500000000003,2.1942650090362045e-08,1651.8457161885003,0.36225708093016434,0.9331398552588076,0.8170530105433307,0.7259468792476398,0.010793384555937898,0.04153022455795386,0.033363749917395824,0.017668433424926515
723,0.3615500000000003,2.1931039529069427e-08,1651.8170424683378,0.3624912783225003,0.9331644082112299,0.817120193896662,0.7260475193713049,0.010793008784733795,0.041530122485037735,0.03336350957725668,0.017668231490517414
724,0.3620500000000003,2.19194575056384e-08,1651.7883954806587,0.36272530377005263,0.9331889431371828,0.8171873279248192,0.7261480856062553,0.01079263142744731,0.041530019974636935,0.033363268209315226,0.017668028694263645
725,0.3625500000000003,2.190790392131699e-08,1651.7597751783878,0.3629591574621116,0.9332134600565117,0.8172544126821034,0.7262485780338337,0.01079225249121329,0.04152991702860518,0.033363025817965575,0.01766782503987905
726,0.3630500000000003,2.189637867443134e-08,1651.731181517377,0.36319283958768955,0.933237958989032,0.8173214482227358,0.7263489967352629,0.010791871982814038,0.04152981364870058,0.03336278240737661,0.017667620530888183
727,0.3635500000000003,2.1884881666701948e-08,1651.7026144512847,0.3634263503355214,0.9332624399545305,0.8173884346008582,0.7264493417916469,0.010791489909277016,0.04152970983674795,0.03336253798187429,0.017667415170947557
728,0.3640500000000003,2.1873412800081582e-08,1651.6740739341333,0.36365968989406566,0.9332869029727652,0.8174553718705327,0.7265496132839706,0.010791106277576285,0.041529605594557734,0.03336229254575069,0.01766720896368518
729,0.3645500000000003,2.186197197360308e-08,1651.6455599228634,0.3638928584515043,0.9333113480634642,0.8175222600857425,0.7266498112931004,0.010790721094334781,0.04152950092384514,0.033362046103073535,0.017667001912540534
730,0.3650500000000003,2.1850559089685678e-08,1651.6170723722153,0.3641258561957439,0.933335775246328,0.817589099300392,0.726749935899784,0.010790334366421208,0.04152939582639224,0.03336179865806804,0.017666794021085386
731,0.3655500000000003,2.1839174054125773e-08,1651.5886112347362,0.3643586833144156,0.9333601845410274,0.8176558895683059,0.7268499871846509,0.010789946100949575,0.04152929030404794,0.0333615502151167,0.017666585293023607
732,0.3660500000000003,2.1827816766649044e-08,1651.5601764684347,0.36459133999487586,0.9333845759672046,0.8177226309432305,0.7269499652282128,0.01078955630438605,0.041529184358485245,0.03336130077818776,0.017666375731711006
733,0.3665500000000003,2.1816487133504282e-08,1651.5317680265669,0.3648238264242071,0.9334089495444734,0.8177893234788335,0.7270498701108632,0.010789164983740527,0.04152907799152503,0.033361050351597706,0.01766616534079592
734,0.3670500000000003,2.1805185058017183e-08,1651.5033858652923,0.36505614278921783,0.933433305292418,0.8178559672287041,0.7271497019128782,0.0107887721456736,0.04152897120489346,0.0333607989394398,0.017665954123739117
735,0.3675500000000003,2.179391044373888e-08,1651.4750299411187,0.36528828927644347,0.9334576432305949,0.8179225622463531,0.7272494607144163,0.010788377796794726,0.04152886400030289,0.03336054654577489,0.0176657420839741
736,0.3680500000000003,2.1782663197584744e-08,1651.446700208353,0.36552026607214666,0.9334819633785317,0.8179891085852127,0.7273491465955193,0.010787981943959636,0.04152875637953279,0.03336029317482176,0.017665529225067006
737,0.3685500000000003,2.1771443223549107e-08,1651.4183966241937,0.36575207336231785,0.9335062657557269,0.8180556062986372,0.7274487596361113,0.010787584593676078,0.041528648344268206,0.03336003883057679,0.017665315550397107
738,0.3690500000000003,2.1760250425848936e-08,1651.3901191461812,0.3659837113326761,0.9335305503816516,0.8181220554399037,0.7275482999160002,0.01078718575240165,0.04152853989618068,0.033359783517004575,0.017665101063316917
739,0.3695500000000003,2.174908471205777e-08,1651.3618677296508,0.3662151801686688,0.9335548172757475,0.8181884560622104,0.7276477675148773,0.010786785426840724,0.04152843103700904,0.03335952723822799,0.017664885767311903
740,0.3700500000000003,2.173794598996346e-08,1651.3336423302774,0.36644648005547253,0.9335790664574285,0.8182548082186781,0.7277471625123171,0.010786383623647589,0.04152832176847862,0.033359269998338235,0.017664669665840845
741,0.3705500000000003,2.17268341675673e-08,1651.3054429040765,0.36667761117799436,0.9336032979460801,0.8183211119623508,0.7278464849877787,0.010785980349426707,0.041528212092301425,0.03335901180139491,0.017664452762335987
742,0.3710500000000003,2.171574914995307e-08,1651.277269409937,0.36690857372087105,0.9336275117610591,0.8183873673461944,0.7279457350206047,0.01078557561043682,0.04152810201009558,0.03335875265123666,0.017664235060043863
743,0.3715500000000003,2.1704690848679502e-08,1651.2491218020014,0.3671393678684702,0.9336517079216945,0.8184535744230981,0.7280449126900223,0.010785169413480246,0.04152799152362723,0.033358492552050485,0.017664016562503645
744,0.3720500000000003,2.1693659166129137e-08,1651.2210000423584,0.36736999380489066,0.933675886447287,0.8185197332458731,0.7281440180751432,0.010784761764421955,0.041527880634407745,0.033358231507423564,0.01766379727275055
745,0.3725500000000003,2.168265401740821e-08,1651.1929040832752,0.36760045171396316,0.9337000473571091,0.8185858438672543,0.7282430512549635,0.010784352670262747,0.0415277693442576,0.03335796952167075,0.01766357719443104
746,0.3730500000000003,2.167167531157187e-08,1651.1648338824245,0.36783074177925074,0.9337241906704054,0.8186519063399004,0.7283420123083647,0.01078394213736263,0.04152765765482318,0.03335770659869691,0.017663356330847164
747,0.3735500000000003,2.1660722954761332e-08,1651.1367894003342,0.3680608641840488,0.9337483164063922,0.8187179207163919,0.7284409013141131,0.010783530171738108,0.04152754556765758,0.03335744274218734,0.017663134685116412
748,0.3740500000000003,2.164979685957247e-08,1651.1087705927894,0.36829081911138617,0.9337724245842581,0.818783887049234,0.7285397183508605,0.010783116779949307,0.04152743308446198,0.0333571779561758,0.017662912260649005
749,0.3745500000000003,2.1638896938801257e-08,1651.0807774158993,0.3685206067440254,0.933796515223164,0.8188498053908552,0.7286384634971446,0.010782701968508423,0.04152732020692472,0.0333569122446658,0.017662689060829677
750,0.3750500000000003,2.16280230992082e-08,1651.052809831154,0.36875022726446327,0.9338205883422421,0.8189156757936075,0.728737136831388,0.010782285743289698,0.04152720693656071,0.03335664561125256,0.017662465088700174
751,0.37555000000000033,2.1617175253996442e-08,1651.0248677953,0.368979680854931,0.9338446439605976,0.8189814983097671,0.7288357384319,0.010781868110711097,0.04152709327503304,0.033356378059879975,0.01766224034759506
752,0.37605000000000033,2.1606353316566747e-08,1650.996951265402,0.3692089676973949,0.9338686820973077,0.8190472729915338,0.728934268376876,0.010781449077143476,0.04152697922399213,0.03335610959446218,0.017662014840823862
753,0.37655000000000033,2.159555719740397e-08,1650.9690602013663,0.3694380879735572,0.9338927027714213,0.8191129998910319,0.7290327267443973,0.010781028648616152,0.0415268647849957,0.0333558402186949,0.017661788571512592
754,0.37705000000000033,2.158478681030636e-08,1650.9411945608858,0.36966704186485616,0.9339167060019608,0.8191786790603102,0.7291311136124324,0.010780606831407068,0.04152674995966927,0.03335556993643351,0.01766156154292134
755,0.37755000000000033,2.1574042069267293e-08,1650.9133543019645,0.3698958295524665,0.9339406918079199,0.8192443105513413,0.7292294290588364,0.010780183631747889,0.04152663474962602,0.033355298751504184,0.017661333758285592
756,0.37805000000000033,2.1563322888474576e-08,1650.8855393829183,0.3701244512172999,0.9339646602082652,0.8193098944160226,0.7293276731613512,0.010779759055824335,0.04152651915646681,0.03335502666770406,0.0176611052208164
757,0.37855000000000033,2.1552629179203064e-08,1650.8577497648898,0.3703529070400059,0.9339886112219361,0.8193754307061768,0.7294258459976063,0.010779333109482262,0.04152640318170015,0.03335475368861289,0.017660875933542184
758,0.37905000000000033,2.154196085913647e-08,1650.8299854042862,0.3705811972009718,0.9340125448678438,0.8194409194735506,0.7295239476451181,0.010778905799110693,0.041526286826982665,0.03335447981815892,0.017660645899784024
759,0.37955000000000033,2.1531317839937522e-08,1650.8022462628583,0.3708093218803235,0.9340364611648726,0.8195063607698163,0.729621978181291,0.010778477130465218,0.041526170093798706,0.03335420505986486,0.017660415122522324
760,0.38005000000000033,2.1520700036568154e-08,1650.7745323001384,0.3710372812579256,0.9340603601318794,0.8195717546465708,0.7297199376834175,0.010778047109550836,0.04152605298370072,0.033353929417413684,0.017660183604872044
761,0.38055000000000033,2.151010736728108e-08,1650.7468434734428,0.37126507551338245,0.9340842417876933,0.8196371011553366,0.7298178262286771,0.010777615742621566,0.04152593549830922,0.0333536528946484,0.017659951350082526
762,0.38105000000000033,2.149953974741371e-08,1650.7191797429052,0.3714927048260383,0.934108106151117,0.8197024003475618,0.7299156438941385,0.010777183035593055,0.04152581763915273,0.03335337549519557,0.017659718361221252
763,0.38155000000000033,2.1488997095589617e-08,1650.6915410664424,0.3717201693749776,0.9341319532409251,0.8197676522746192,0.7300133907567588,0.010776748994630245,0.04152569940782796,0.033353097222842035,0.017659484641490242
764,0.38205000000000033,2.1478479324422853e-08,1650.6639274072925,0.3719474693390255,0.9341557830758654,0.819832856987808,0.7301110668933829,0.010776313625267339,0.04152558080575996,0.03335281808097065,0.01765925019375221
765,0.38255000000000033,2.1467986352909428e-08,1650.6363387239621,0.37217460489674886,0.9341795956746591,0.819898014538353,0.7302086723807458,0.010775876933581651,0.04152546183452196,0.03335253807331294,0.01765901502116262
766,0.38305000000000033,2.1457518100225863e-08,1650.6087749752505,0.3724015762264562,0.9342033910559995,0.819963124977405,0.7303062072954702,0.010775438925606694,0.0415253424956755,0.03335225720357279,0.017658779126853687
767,0.38355000000000034,2.1447074479545976e-08,1650.5812361252674,0.37262838350619804,0.934227169238553,0.8200281883560407,0.730403671714069,0.01077499960674687,0.041525222790610924,0.03335197547505111,0.017658542513619136
768,0.38405000000000034,2.143665541350393e-08,1650.5537221308832,0.37285502691376776,0.9342509302409597,0.8200932047252629,0.7305010657129442,0.010774558983242274,0.041525102720946463,0.03335169289158517,0.01765830518470307
769,0.38455000000000034,2.142626082181796e-08,1650.526232951768,0.3730815066267019,0.9342746740818317,0.8201581741360008,0.730598389368387,0.010774117060996928,0.04152498228820907,0.0333514094567972,0.01765806714316897
770,0.38505000000000034,2.1415890621297154e-08,1650.498768550383,0.3733078228222809,0.9342984007797552,0.8202230966391106,0.7306956427565793,0.010773673845579698,0.04152486149383454,0.033351125174094914,0.017657828391900086
771,0.38555000000000034,2.1405544732018737e-08,1650.4713288869673,0.373533975677529,0.9343221103532894,0.8202879722853742,0.7307928259535925,0.010773229342809686,0.04152474033932709,0.033350840047047005,0.01765758893391479
772,0.38605000000000034,2.139522307115232e-08,1650.4439139245462,0.3737599653692148,0.9343458028209659,0.8203528011255005,0.7308899390353882,0.010772783558171661,0.04152461882610006,0.03335055407900812,0.017657348772051672
773,0.38655000000000034,2.1384925562213498e-08,1650.416523621419,0.37398579207385246,0.934369478201291,0.8204175832101258,0.7309869820778191,0.010772336497692775,0.04152449695571483,0.03335026727368132,0.017657107909441857
774,0.38705000000000034,2.1374652125805856e-08,1650.3891579386695,0.3742114559677014,0.9343931365127429,0.8204823185898129,0.7310839551566275,0.010771888167066047,0.04152437472964196,0.0333499796345558,0.017656866349036803
775,0.38755000000000034,2.1364402682707015e-08,1650.3618168376604,0.37443695722676684,0.934416777773774,0.8205470073150518,0.731180858347447,0.01077143857194298,0.04152425214934091,0.033349691165094605,0.01765662409376595
776,0.38805000000000034,2.1354177153867976e-08,1650.3345002800295,0.3746622960268004,0.9344404020028099,0.8206116494362596,0.7312776917258026,0.010770987717933788,0.041524129216260135,0.03334940186873475,0.01765638114653681
777,0.38855000000000034,2.1343975460412366e-08,1650.307208227689,0.3748874725433007,0.9344640092182493,0.8206762450037809,0.7313744553671097,0.010770535610607665,0.04152400593183711,0.03334911174888742,0.017656137510235145
778,0.38905000000000034,2.1333797523635784e-08,1650.2799406428246,0.3751124869515138,0.9344875994384652,0.8207407940678882,0.7314711493466759,0.010770082255492993,0.041523882297498434,0.03334882080893802,0.017655893187725057
779,0.38955000000000034,2.132364326807853e-08,1650.2526974853984,0.3753373394264332,0.9345111726818035,0.820805296678781,0.7315677737397,0.010769627658368721,0.041523758314739256,0.03334852905243332,0.01765564818200603
780,0.39005000000000034,2.131351261537365e-08,1650.2254787181387,0.37556203014280076,0.9345347289665838,0.8208697528865868,0.7316643286212725,0.010769171824681959,0.04152363398496451,0.03334823648270757,0.017655402495899076
781,0.39055000000000034,2.130340548732412e-08,1650.1982843040403,0.37578655927510707,0.9345582683111,0.8209341627413613,0.7317608140663767,0.010768714759839787,0.041523509309568385,0.033347943103069815,0.017655156132203937
782,0.39105000000000034,2.1293321808971205e-08,1650.1711142038757,0.3760109269975919,0.9345817907336186,0.8209985262930879,0.7318572301498868,0.010768256469500088,0.04152338429001377,0.03334764891699056,0.017654909093855933
783,0.39155000000000034,2.1283261505518898e-08,1650.1439683786832,0.3762351334842444,0.9346052962523804,0.8210628435916785,0.7319535769465704,0.010767796959280646,0.041523258927752854,0.0333473539279151,0.017654661383769112
784,0.39205000000000034,2.1273224496201e-08,1650.1168467947448,0.37645917890880376,0.9346287848856005,0.8211271146869725,0.7320498545310874,0.01076733623417849,0.041523133224068705,0.03334705813889071,0.01765441300452324
785,0.39255000000000034,2.126321071268316e-08,1650.0897494086523,0.3766830634447597,0.9346522566514668,0.8211913396287386,0.7321460629779901,0.010766874300313178,0.0415230071805509,0.033346761553685815,0.017654163959303606
786,0.39305000000000034,2.1253220074527225e-08,1650.0626761872102,0.37690678726535315,0.9346757115681419,0.821255518466674,0.7322422023617243,0.010766411162603172,0.04152288079846157,0.03334646417529822,0.017653914250648318
787,0.39355000000000034,2.1243252507590378e-08,1650.0356270925076,0.37713035054357597,0.934699149653762,0.8213196512504037,0.7323382727566288,0.010765946826508827,0.04152275407921092,0.033346166007074136,0.017653663881387994
788,0.39405000000000034,2.123330793788932e-08,1650.0086020868941,0.37735375345217187,0.9347225709264373,0.8213837380294824,0.7324342742369355,0.010765481297451527,0.041522627024198795,0.03334586705233526,0.0176534128543326
789,0.39455000000000034,2.1223386294658587e-08,1649.9816011304963,0.3775769961636371,0.9347459754042523,0.8214477788533936,0.7325302068767704,0.010765014581103582,0.04152249963489375,0.033345567314564964,0.0176531611724278
790,0.39505000000000035,2.1213487498112702e-08,1649.9546241911405,0.3778000788502206,0.934769363105265,0.8215117737715494,0.7326260707501524,0.010764546682229528,0.04152237191251687,0.033345266796664136,0.017652908838130085
791,0.39555000000000035,2.1203611477803524e-08,1649.9276712294643,0.3780230016839241,0.9347927340475082,0.8215757228332916,0.732721865930995,0.010764077606425006,0.041522243858516286,0.03334496550206791,0.0176526558543445
792,0.39605000000000035,2.1193758160379558e-08,1649.9007422088398,0.3782457648365032,0.9348160882489884,0.821639626087891,0.7328175924931057,0.010763607358957745,0.04152211547425091,0.03334466343400135,0.017652402223799626
793,0.39655000000000035,2.1183927472645684e-08,1649.8738370928909,0.37846836847946735,0.9348394257276861,0.8217034835845476,0.7329132505101859,0.010763135945057576,0.04152198676106956,0.03334436059566572,0.017652147949203972
794,0.39705000000000035,2.11741193446144e-08,1649.846955843017,0.3786908127840809,0.9348627465015569,0.8217672953723919,0.733008840055832,0.010762663370205762,0.04152185772038993,0.03334405699042427,0.017651893033402043
795,0.39755000000000035,2.116433370034687e-08,1649.8200984258174,0.3789130979213626,0.9348860505885299,0.8218310615004831,0.7331043612035348,0.010762189639267821,0.04152172835346188,0.03334375262124523,0.01765163747890658
796,0.39805000000000035,2.11545704701625e-08,1649.7932648031883,0.3791352240620866,0.934909338006509,0.8218947820178105,0.73319981402668,0.010761714757650134,0.0415215986616832,0.03334344749144483,0.017651381288522436
797,0.39855000000000035,2.1144829581481385e-08,1649.7664549397487,0.3793571913767832,0.9349326087733725,0.8219584569732937,0.7332951985985485,0.010761238730432929,0.04152146864636285,0.03334314160413025,0.01765112446487892
798,0.39905000000000035,2.1135110964923204e-08,1649.7396687978894,0.3795790000357387,0.9349558629069726,0.8220220864157821,0.7333905149923163,0.010760761562948147,0.041521338308878844,0.03334283496257096,0.0176508670107415
799,0.39955000000000035,2.1125414548209946e-08,1649.7129063427185,0.37980065020899595,0.9349791004251367,0.8220856703940553,0.7334857632810546,0.01076028326020232,0.04152120765052053,0.03334252756982786,0.017650608928700472
800,0.40005000000000035,2.11157402592158e-08,1649.6861675395824,0.380022142066355,0.9350023213456664,0.8221492089568231,0.733580943537731,0.010759803827165645,0.041521076672567596,0.03334221942893897,0.017650350221326876
801,0.40055000000000035,2.1106088029008515e-08,1649.6594523516023,0.3802434757773733,0.9350255256863376,0.8222127021527257,0.7336760558352077,0.010759323269060254,0.041520945376368835,0.033341910543104786,0.017650090891328084
802,0.40105000000000035,2.109645779184187e-08,1649.6327607396765,0.38046465151136666,0.9350487134649014,0.8222761500303345,0.7337711002462439,0.01075884159135971,0.04152081376334199,0.033341600915687976,0.01764983094154756
803,0.40155000000000035,2.108684946995201e-08,1649.6060926748012,0.3806856694374088,0.9350718846990832,0.8223395526381507,0.7338660768434948,0.010758358798349753,0.04152068183458052,0.033341290549288194,0.0176495703741881
804,0.40205000000000035,2.107726300092524e-08,1649.5794481158882,0.38090652972433237,0.9350950394065831,0.8224029100246069,0.7339609856995114,0.010757874895719824,0.04152054959156169,0.03334097944740797,0.017649309192210458
805,0.40255000000000035,2.1067698313371105e-08,1649.5528270294785,0.3811272325407295,0.9351181776050765,0.8224662222380663,0.7340558268867421,0.010757389888260012,0.041520417035517294,0.03334066761297222,0.01764904739809038
806,0.40305000000000035,2.1058155336047797e-08,1649.526229382344,0.38134777805495185,0.9351412993122127,0.8225294893268237,0.7341506004775311,0.01075690378072532,0.041520284167669785,0.03334035504888381,0.017648784994285047
807,0.40355000000000035,2.1048634003929093e-08,1649.49965513657,0.38156816643511116,0.9351644045456166,0.8225927113391045,0.7342453065441203,0.010756416578410298,0.04152015098938934,0.033340041758393064,0.01764852198354327
808,0.40405000000000035,2.1039134249092928e-08,1649.4731042569372,0.38178839784907964,0.9351874933228875,0.8226558883230656,0.7343399451586484,0.010755928286286668,0.04152001750195818,0.03333972774454331,0.017648258368439994
809,0.40455000000000035,2.1029656000727747e-08,1649.4465767109132,0.3820084724644905,0.9352105656615999,0.822719020326795,0.7344345163931509,0.010755438909004216,0.041519883706570795,0.03333941301017134,0.01764799415137675
810,0.40505000000000035,2.1020199194227652e-08,1649.420072461282,0.38222839044873863,0.9352336215793032,0.8227821073983134,0.7345290203195617,0.010754948451752048,0.041519749604569355,0.03333909755846135,0.01764772933504662
811,0.40555000000000035,2.1010763762093416e-08,1649.3935914735143,0.38244815196898035,0.9352566610935221,0.8228451495855716,0.7346234570097115,0.010754456919397465,0.04151961519720836,0.033338781392391145,0.017647463921969354
812,0.40605000000000036,2.1001349633938797e-08,1649.367133715761,0.38266775719213414,0.9352796842217559,0.8229081469364532,0.7347178265353294,0.010753964316486841,0.04151948048565477,0.03333846451473261,0.017647197914491777
813,0.40655000000000036,2.0991956748598877e-08,1649.3406991490397,0.38288720628488154,0.9353026909814796,0.8229710994987736,0.7348121289680425,0.010753470648392011,0.041519345471301594,0.03333814692878916,0.01764693131540686
814,0.40705000000000036,2.0982585035964162e-08,1649.3142877419525,0.38310649941366703,0.9353256813901425,0.82303400732028,0.7349063643793754,0.010752975919591004,0.04151921015529766,0.03333782863728981,0.01764666412702532
815,0.40755000000000036,2.0973234429091615e-08,1649.2878994608711,0.38332563674469844,0.93534865546517,0.823096870448652,0.7350005328407517,0.010752480134814677,0.041519074538861195,0.033337509643126755,0.01764639635179476
816,0.40805000000000036,2.0963904867218898e-08,1649.261534267493,0.3835446184439475,0.9353716132239625,0.8231596889315012,0.7350946344234937,0.010751983299332166,0.04151893862335796,0.03333718994953907,0.017646127992453933
817,0.40855000000000036,2.0954596280649688e-08,1649.235192131085,0.38376344467715034,0.9353945546838949,0.8232224628163715,0.7351886691988215,0.010751485417520634,0.041518802409909995,0.03333686955919249,0.01764585905126023
818,0.40905000000000036,2.094530860284849e-08,1649.208873018682,0.38398211560980816,0.9354174798623186,0.82328519215074,0.7352826372378554,0.010750986494010246,0.0415186658997088,0.03333654847491603,0.01764558953060805
819,0.40955000000000036,2.093604177345088e-08,1649.1825768926503,0.3842006314071869,0.9354403887765599,0.8233478769820156,0.7353765386116137,0.010750486533969183,0.041518529094093336,0.033336226699885556,0.01764531943318284
820,0.41005000000000036,2.092679572618511e-08,1649.156303720465,0.3844189922343181,0.9354632814439203,0.8234105173575405,0.7354703733910144,0.01074998554196089,0.04151839199423744,0.0333359042368883,0.017645048761343794
821,0.41055000000000036,2.0917570394914558e-08,1649.1300534698169,0.3846371982559995,0.9354861578816774,0.8234731133245897,0.7355641416468754,0.010749483522516133,0.04151825460130621,0.033335581088690974,0.017644777517432805
822,0.41105000000000036,2.090836571966414e-08,1649.1038261037306,0.38485524963679546,0.9355090181070834,0.823535664930371,0.7356578434499133,0.010748980480703456,0.04151811691661225,0.03333525725840706,0.017644505704082755
823,0.41155000000000036,2.0899181631545825e-08,1649.0776215927667,0.3850731465410367,0.9355318621373667,0.8235981722220256,0.735751478870745,0.010748476420703064,0.04151797894122528,0.033334932748578724,0.01764423332344692
824,0.41205000000000036,2.0890018070842917e-08,1649.0514399003803,0.3852908891328213,0.9355546899897315,0.8236606352466274,0.7358450479798876,0.010747971347518133,0.04151784067644054,0.03333460756227848,0.01764396037812368
825,0.41255000000000036,2.0880874971942235e-08,1649.025280995118,0.38550847757601514,0.9355775016813564,0.823723054051184,0.7359385508477577,0.010747465265549422,0.04151770212338869,0.03333428170219162,0.017643686870386276
826,0.41305000000000036,2.087175227237138e-08,1648.9991448432984,0.3857259120342523,0.9356002972293974,0.8237854286826369,0.7360319875446729,0.010746958179450527,0.041517563283269825,0.03333395517116669,0.017643412802644986
827,0.41355000000000036,2.0862649909784755e-08,1648.9730314114524,0.3859431926709351,0.9356230766509851,0.8238477591878605,0.7361253581408511,0.010746450093842912,0.041517424157275565,0.033333627972032195,0.017643138177293134
828,0.41405000000000036,2.0853567824968672e-08,1648.9469406638884,0.3861603196492346,0.935645839963226,0.8239100456136629,0.7362186627064106,0.010745941013600446,0.041517284746666924,0.03333330010777975,0.017642862996860888
829,0.41455000000000036,2.0844505949817328e-08,1648.9208725724216,0.38637729313209157,0.9356685871832032,0.8239722880067866,0.7363119013113711,0.010745430942712245,0.04151714505246289,0.0333329715808317,0.017642587263400577
830,0.41505000000000036,2.0835464225369576e-08,1648.8948271017748,0.3865941132822163,0.9356913183279744,0.8240344864139076,0.7364050740256529,0.010744919885989001,0.04151700507590774,0.033332642394140105,0.017642310979409027
831,0.41555000000000036,2.082644259278398e-08,1648.868804216883,0.38681078026208915,0.9357140334145739,0.8240966408816363,0.7364981809190775,0.010744407848209462,0.0415168648182373,0.03333231255063705,0.01764203414736625
832,0.41605000000000036,2.0817440987337644e-08,1648.8428038877457,0.3870272942339609,0.9357367324600122,0.8241587514565165,0.7365912220613681,0.010743894833553183,0.04151672428052354,0.03333198205286923,0.017641756769428696
833,0.41655000000000036,2.0808459347435886e-08,1648.8168260821333,0.3872436553598533,0.935759415481275,0.824220818185027,0.736684197522149,0.010743380846452832,0.04151658346390805,0.033331650903546915,0.017641478847890073
834,0.41705000000000036,2.0799497611607517e-08,1648.7908707680197,0.3874598638015597,0.9357820824953248,0.8242828411135812,0.7367771073709467,0.010742865891310212,0.041516442369524204,0.033331319105361044,0.01764120038502779
835,0.41755000000000037,2.0790555724497317e-08,1648.7649379087345,0.38767591972064497,0.9358047335190999,0.8243448202885261,0.7368699516771896,0.010742349973063076,0.041516300998652556,0.033330986661348504,0.0176409213834095
836,0.41805000000000037,2.078163362187679e-08,1648.7390274750803,0.3878918232784459,0.9358273685695143,0.824406755756144,0.7369627305102077,0.010741833095768092,0.041516159352332514,0.03333065357397901,0.01764064184512681
837,0.41855000000000037,2.0772731242638613e-08,1648.713139435635,0.38810757463607215,0.9358499876634592,0.8244686475626519,0.7370554439392338,0.010741315263735136,0.04151601743167312,0.033330319845886,0.017640361772408648
838,0.41905000000000037,2.0763848528789713e-08,1648.687273756753,0.3883231739544063,0.9358725908178007,0.8245304957542017,0.7371480920334027,0.01074079648152685,0.041515875237853,0.03332998547986637,0.017640081167621058
839,0.41955000000000037,2.075498542245311e-08,1648.6614304049904,0.388538621394104,0.9358951780493818,0.8245923003768801,0.737240674861752,0.010740276753675341,0.04151573277204269,0.03332965047869793,0.01763980003311401
840,0.42005000000000037,2.074614185988736e-08,1648.6356093519364,0.3887539171155947,0.9359177493750221,0.8246540614767087,0.7373331924932223,0.010739756084117109,0.04151559003524974,0.033329314844775186,0.01763951837091568
841,0.42055000000000037,2.0737317786442752e-08,1648.6098105621224,0.38896906127908215,0.9359403048115167,0.8247157790996444,0.7374256449966563,0.01073923447760698,0.04151544702870631,0.03332897858102067,0.01763923618349735
842,0.42105000000000037,2.0728513141604242e-08,1648.584034005111,0.3891840540445447,0.9359628443756378,0.8247774532915803,0.7375180324408008,0.010738711938304555,0.04151530375348168,0.0333286416899738,0.0176389534730087
843,0.42155000000000037,2.0719727864976224e-08,1648.5582796506558,0.3893988955717353,0.9359853680841336,0.8248390840983435,0.7376103548943056,0.010738188470340092,0.041515160210637364,0.03332830417415565,0.01763867024158395
844,0.42205000000000037,2.0710961902251985e-08,1648.532547463876,0.38961358602018226,0.9360078759537287,0.8249006715656974,0.7377026124257233,0.010737664078378839,0.04151501640138184,0.03332796603643281,0.01763838649164719
845,0.42255000000000037,2.070221519326582e-08,1648.5068374149125,0.38982812554918994,0.9360303680011248,0.8249622157393413,0.7377948051035114,0.010737138766492118,0.04151487232676101,0.03332762727928949,0.017638102225301565
846,0.42305000000000037,2.0693487677970142e-08,1648.4811494740918,0.3900425143178386,0.9360528442429993,0.8250237166649098,0.7378869329960297,0.010736612538722443,0.04151472798781317,0.03332728790519188,0.017637817444635034
847,0.42355000000000037,2.068477930239737e-08,1648.4554836071122,0.3902567524849849,0.9360753046960065,0.8250851743879738,0.7379789961715431,0.01073608539964695,0.04151458338572352,0.03332694791695152,0.017637532152025275
848,0.42405000000000037,2.067609000672728e-08,1648.4298397846808,0.3904708402092625,0.9360977493767777,0.8251465889540397,0.73807099469822,0.010735557353250186,0.041514438521515006,0.03332660731699835,0.017637246349529696
849,0.42455000000000037,2.0667419737213792e-08,1648.4042179728763,0.39068477764908227,0.93612017830192,0.82520796040855,0.7381629286441334,0.010735028404051088,0.04151429339635746,0.03332626610810761,0.017636960039495348
850,0.42505000000000037,2.065876843426233e-08,1648.3786181427806,0.39089856496263303,0.936142591488018,0.8252692887968844,0.7382547980772605,0.01073449855597687,0.04151414801125866,0.033325924292673406,0.017636673223949424
851,0.4255500000000004,2.0650136041370466e-08,1648.3530402632534,0.3911122023078814,0.9361649889516327,0.8253305741643577,0.7383466030654836,0.01073396781320786,0.04151400236729611,0.033325581873253664,0.017636385905056517
852,0.4260500000000004,2.0641522502146324e-08,1648.327484303341,0.39132568984257227,0.9361873707093018,0.8253918165562217,0.7384383436765891,0.010733436179895944,0.04151385646553981,0.03332523885238858,0.017636098084966252
853,0.4265500000000004,2.0632927760308156e-08,1648.301950232273,0.3915390277242299,0.9362097367775403,0.825453016017665,0.7385300199782693,0.010732903660164796,0.04151371030705226,0.0333248952326007,0.01763580976581338
854,0.4270500000000004,2.0624351762656405e-08,1648.2764380170638,0.3917522161101575,0.9362320871728391,0.8255141725938124,0.7386216320381207,0.010732370258390654,0.04151356389296564,0.033324551016576165,0.01763552094986984
855,0.4275500000000004,2.0615794450153448e-08,1648.2509476297116,0.3919652551574378,0.9362544219116669,0.8255752863297259,0.7387131799236455,0.010731835978360223,0.04151341722425055,0.03332420620662123,0.01763523163908878
856,0.4280500000000004,2.0607255769815514e-08,1648.2254790375962,0.3921781450229336,0.936276741010469,0.8256363572704039,0.7388046637022515,0.010731300824393782,0.04151327030202435,0.033323860805387094,0.017634941835712663
857,0.4285500000000004,2.059873566282489e-08,1648.2000322130743,0.3923908858632881,0.9362990444856674,0.8256973854607819,0.7388960834412517,0.010730764800222925,0.04151312312724309,0.03332351481514559,0.017634651541665602
858,0.4290500000000004,2.0590234079379517e-08,1648.1746071214932,0.39260347783492544,0.9363213323536616,0.8257583709457333,0.7389874392078655,0.01073022791039267,0.041512975701086426,0.03332316823869414,0.01763436075931263
859,0.4295500000000004,2.058175096087632e-08,1648.1492037355677,0.3928159210940508,0.9363436046308279,0.8258193137700677,0.7390787310692176,0.010729690158579715,0.04151282802449588,0.03332282107827029,0.017634069490548937
860,0.4300500000000004,2.057328625475464e-08,1648.1238220234,0.3930282157966506,0.9363658613335197,0.8258802139785322,0.7391699590923394,0.010729151548993798,0.041512680098559636,0.03332247333645626,0.017633777737558833
861,0.4305500000000004,2.0564839905591992e-08,1648.098461955664,0.3932403620984937,0.9363881024780679,0.8259410716158121,0.7392611233441684,0.01072861208553742,0.04151253192428181,0.03332212501563646,0.017633485502360616
862,0.4310500000000004,2.0556411861035108e-08,1648.0731235008207,0.393452360155131,0.9364103280807798,0.8260018867265294,0.7393522238915482,0.010728071772365767,0.041512383502736165,0.03332177611835909,0.017633192787109904
863,0.4315500000000004,2.0548002065870593e-08,1648.0478066298938,0.39366421012189606,0.9364325381579407,0.8260626593552445,0.7394432608012295,0.01072753061332736,0.04151223483491258,0.033321426646974885,0.01763289959379659
864,0.4320500000000004,2.0539610464990825e-08,1648.0225113140823,0.39387591215390544,0.9364547327258128,0.8261233895464545,0.7395342341398696,0.010726988612244161,0.04151208592179385,0.033321076603818,0.01763260592439657
865,0.4325500000000004,2.0531237006352588e-08,1647.997237522371,0.39408746640605924,0.9364769118006353,0.8261840773445953,0.7396251439740325,0.010726445773190856,0.041511936764432524,0.03332072599138638,0.017632311781023105
866,0.4330500000000004,2.0522881638012857e-08,1647.971985223919,0.39429887303304156,0.9364990753986253,0.8262447227940408,0.7397159903701895,0.010725902100215321,0.04151178736387409,0.03332037481216124,0.01763201716577534
867,0.4335500000000004,2.0514544308128413e-08,1647.9467543880603,0.39451013218932046,0.9365212235359771,0.8263053259391023,0.7398067733947195,0.01072535759733874,0.04151163772115697,0.03332002306860721,0.01763172208073841
868,0.4340500000000004,2.050622495904468e-08,1647.9215449890662,0.3947212440291484,0.9365433562288622,0.8263658868240298,0.7398974931139081,0.010724812267998369,0.04151148783715943,0.03331967076281222,0.017631426527681387
869,0.4345500000000004,2.0497923542078396e-08,1647.8963569942277,0.39493220870656315,0.93656547349343,0.8264264054930117,0.7399881495939494,0.010724266116441903,0.041511337712982696,0.033319317897388345,0.017631130508812973
870,0.4350500000000004,2.0489640002734187e-08,1647.8711903757712,0.3951430263753878,0.9365875753458068,0.8264868819901745,0.7400787429009443,0.010723719146333391,0.04151118734956793,0.03331896447457119,0.01763083402602598
871,0.4355500000000004,2.0481374292523464e-08,1647.8460451013323,0.3953536971892308,0.9366096618020968,0.8265473163595836,0.7401692731009022,0.010723171361867921,0.04151103674800252,0.033318610496940064,0.017630537081501474
872,0.4360500000000004,2.047312635714961e-08,1647.8209211434742,0.39556422130148694,0.9366317328783819,0.8266077086452422,0.7402597402597405,0.010722622766657782,0.041510885909213965,0.03331825596669829,0.017630239677105027
873,0.4365500000000004,2.0464896142418424e-08,1647.795818474923,0.3957745988653372,0.9366537885907209,0.8266680588910932,0.7403501444432843,0.010722073364289975,0.04151073483412305,0.03331790088603338,0.01762994181468891
874,0.4370500000000004,2.0456683600134232e-08,1647.770737063819,0.39598483003374985,0.9366758289551512,0.8267283671410182,0.7404404857172681,0.01072152315888218,0.04151058352379677,0.03331754525747639,0.017629643496393486
875,0.4375500000000004,2.0448488679246493e-08,1647.7456768808468,0.3961949149594799,0.9366978539876875,0.826788633438837,0.7405307641473341,0.010720972154248257,0.04151043197921888,0.03331718908336265,0.01762934472419485
876,0.4380500000000004,2.0440311328801223e-08,1647.7206378968556,0.39640485379506984,0.9367198637043217,0.8268488578283092,0.7406209797990333,0.010720420354176672,0.041510280201366455,0.03331683236601163,0.01762904550005576
877,0.4385500000000004,2.0432151494996005e-08,1647.6956200852294,0.39661464669285057,0.9367418581210247,0.8269090403531333,0.7407111327378264,0.010719867762153164,0.041510128191133554,0.03331647510754767,0.017628745825775186
878,0.4390500000000004,2.042400913295958e-08,1647.670623412404,0.39682429380494094,0.9367638372537438,0.8269691810569473,0.7408012230290818,0.01071931438247092,0.04150997594963668,0.033316117310617746,0.01762844570359043
879,0.4395500000000004,2.0415884183195043e-08,1647.6456478568246,0.39703379528324845,0.936785801118405,0.8270292799833282,0.7408912507380779,0.010718760218011054,0.0415098234776041,0.033315758976956406,0.01762814513497337
880,0.4400500000000004,2.0407776603961902e-08,1647.6206933828853,0.3972431512794697,0.9368077497309123,0.8270893371757926,0.7409812159300027,0.010718205273293886,0.041509670776215396,0.033315400109358656,0.01762784412228535
881,0.4405500000000004,2.039968634184037e-08,1647.595759964616,0.39745236194509054,0.9368296831071466,0.8271493526777967,0.7410711186699526,0.010717649551705668,0.0415095178463384,0.03331504070988682,0.017627542667273042
882,0.4410500000000004,2.039161334938756e-08,1647.5708475714728,0.397661427431387,0.936851601262968,0.8272093265327367,0.7411609590229348,0.010717093057162211,0.04150936468898696,0.033314680780946244,0.017627240771970778
883,0.4415500000000004,2.038355757043704e-08,1647.5459561801633,0.3978703478894248,0.9368735042142139,0.827269258783948,0.7412507370538657,0.010716535792724387,0.04150921130493988,0.03331432032438989,0.017626938437949498
884,0.4420500000000004,2.0375518963608155e-08,1647.521085755736,0.39807912347006014,0.9368953919766997,0.8273291494747061,0.7413404528275718,0.010715977762812457,0.04150905769535045,0.03331395934295056,0.01762663566751805
885,0.4425500000000004,2.0367497475858358e-08,1647.4962362728513,0.39828775432394037,0.9369172645662196,0.8273889986482271,0.74143010640879,0.010715418970715342,0.04150890386106083,0.03331359783862988,0.017626332462371913
886,0.4430500000000004,2.035949305717709e-08,1647.4714077039603,0.3984962406015039,0.9369391219985448,0.8274488063476664,0.741519697862167,0.010714859419974715,0.04150874980298301,0.0333132358135935,0.01762602882434411
887,0.4435500000000004,2.035150566057971e-08,1647.4466000193129,0.39870458245298074,0.9369609642894254,0.8275085726161201,0.7416092272522601,0.010714299114384462,0.041508595522098735,0.03331287327017084,0.01762572475540491
888,0.4440500000000004,2.0343535236237563e-08,1647.421813191673,0.3989127800283926,0.9369827914545897,0.8275682974966242,0.7416986946435374,0.010713738057438176,0.041508441019307334,0.03331251021049761,0.01762542025736207
889,0.4445500000000004,2.0335581737344936e-08,1647.397047191602,0.39912083347755367,0.9370046035097436,0.8276279810321553,0.7417881001003773,0.010713176252881615,0.04150828629557791,0.03331214663687328,0.0176251153321606
890,0.4450500000000004,2.0327645114253754e-08,1647.372301992173,0.3993287429500711,0.937026400470572,0.8276876232656311,0.7418774436870698,0.010712613704160817,0.041508131351797234,0.03331178255140393,0.017624809981583264
891,0.4455500000000004,2.0319725320335947e-08,1647.3475775642573,0.39953650859534456,0.9370481823527378,0.8277472242399088,0.7419667254678151,0.01071205041497395,0.04150797618892187,0.0333114179563594,0.01762450420755009
892,0.4460500000000004,2.03118223090501e-08,1647.3228738788805,0.39974413056256713,0.9370699491718819,0.8278067839977871,0.7420559455067252,0.010711486388995415,0.04150782080790212,0.03331105285399475,0.01762419801196863
893,0.4465500000000004,2.0303936028088708e-08,1647.298190911923,0.39995160900072596,0.9370917009436245,0.8278663025820054,0.7421451038678235,0.010710921629325354,0.041507665209530344,0.03331068724619389,0.017623891396435096
894,0.4470500000000004,2.029606643108951e-08,1647.2735286347115,0.40015894405860214,0.9371134376835631,0.8279257800352441,0.7422342006150445,0.010710356139591742,0.041507509394744596,0.03331032113518294,0.017623584362832647
895,0.4475500000000004,2.0288213474699887e-08,1647.2488870163768,0.40036613588477105,0.9371351594072744,0.8279852164001245,0.7423232358122345,0.010709789923674103,0.041507353364552566,0.033309954523351504,0.017623276913181454
896,0.4480500000000004,2.0280377106879664e-08,1647.2242660332454,0.40057318462760283,0.9371568661303133,0.8280446117192087,0.742412209523152,0.010709222984603561,0.041507197119728424,0.03330958741254047,0.017622969049041443
897,0.4485500000000004,2.027255728444784e-08,1647.1996656547485,0.40078009043526297,0.9371785578682131,0.8281039660350005,0.7425011218114668,0.01070865532621331,0.041507040661267675,0.03330921980511062,0.017622660772408483
898,0.4490500000000004,2.0264753961383147e-08,1647.1750858528183,0.40098685345571256,0.937200234636486,0.8281632793899453,0.7425899727407612,0.010708086952038339,0.041506883990083926,0.03330885170323025,0.017622352085116942
899,0.4495500000000004,2.025696708590995e-08,1647.150526604218,0.40119347383670817,0.9372218964506226,0.828222551826429,0.7426787623745301,0.010707517865041845,0.041506727106933435,0.03330848310869791,0.017622042988691026
900,0.4500500000000004,2.024919661801899e-08,1647.1259878764856,0.4013999517258027,0.937243543326092,0.8282817833867797,0.7427674907761801,0.010706948069262538,0.041506570012869254,0.03330811402400928,0.017621733485239512
901,0.4505500000000004,2.0241442506107213e-08,1647.101469646676,0.40160628727034586,0.9372651752783427,0.8283409741132673,0.7428561580090312,0.010706377567618646,0.04150641270863579,0.03330774445093489,0.01762142357626298
902,0.4510500000000004,2.023370470741229e-08,1647.076971884964,0.40181248061748404,0.9372867923228008,0.828400124048103,0.7429447641363152,0.010705806363829054,0.0415062551951985,0.03330737439176444,0.017621113263697336
903,0.4515500000000004,2.0225983176335772e-08,1647.052494564012,0.4020185319141609,0.9373083944748717,0.8284592332334403,0.7430333092211774,0.010705234461315733,0.04150609747344127,0.03330700384859592,0.017620802549317614
904,0.4520500000000004,2.0218277867362216e-08,1647.0280376566284,0.4022244413071177,0.93732998174994,0.8285183017113736,0.7431217933266763,0.010704661863478338,0.04150593954424209,0.03330663282351342,0.01762049143488714
905,0.4525500000000004,2.021058873214618e-08,1647.003601138099,0.40243020894289366,0.9373515541633679,0.8285773295239406,0.7432102165157827,0.01070408857342071,0.041505781408397675,0.03330626131840991,0.017620179922008917
906,0.4530500000000004,2.0202915728252285e-08,1646.9791849791802,0.40263583496782646,0.937373111730498,0.8286363167131208,0.7432985788513816,0.010703514594772102,0.04150562306684992,0.0333058893355194,0.01761986801257183
907,0.4535500000000004,2.0195258807501836e-08,1646.9547891554416,0.40284131952805224,0.9373946544666506,0.8286952633208353,0.7433868803962712,0.010702939930592568,0.04150546452038398,0.0333055168767076,0.017619555708155876
908,0.4540500000000004,2.0187617927621216e-08,1646.9304136379262,0.403046662769506,0.9374161823871255,0.8287541693889481,0.7434751212131632,0.01070236458446728,0.04150530576993018,0.03330514394418111,0.01761924301062683
909,0.4545500000000004,2.0179993046413952e-08,1646.9060583978217,0.40325186483792247,0.9374376955072016,0.8288130349592657,0.7435633013646833,0.010701788559959098,0.04150514681641298,0.0333047705401327,0.01761892992183878
910,0.4550500000000004,2.0172384113038797e-08,1646.8817234134476,0.40345692587883597,0.937459193842136,0.828871860073537,0.7436514209133708,0.010701211859789955,0.041504987660525086,0.03330439666621057,0.017618616443189156
911,0.4555500000000004,2.016479108836875e-08,1646.8574086539422,0.40366184603758054,0.9374806774071657,0.8289306447734535,0.7437394799216791,0.010700634487752535,0.04150482830325495,0.03330402232475761,0.017618302576657776
912,0.4560500000000004,2.0157213927538692e-08,1646.833114093244,0.40386662545929075,0.9375021462175065,0.8289893891006491,0.7438274784519764,0.010700056447071735,0.04150466874543462,0.03330364751774924,0.017617988323916263
913,0.4565500000000004,2.0149652582860004e-08,1646.8088397077534,0.404071264288902,0.9375236002883527,0.8290480930967011,0.7439154165665444,0.010699477740678658,0.04150450898781533,0.033303272246970876,0.017617673686476907
914,0.4570500000000004,2.014210701543709e-08,1646.7845854670327,0.4042757626711508,0.9375450396348788,0.8291067568031297,0.7440032943275797,0.01069889837230093,0.04150434903136847,0.03330289651472503,0.01761735866628546
915,0.4575500000000004,2.01345771748385e-08,1646.7603513500785,0.4044801207505748,0.9375664642722377,0.8291653802613976,0.744091111797194,0.01069831834455506,0.041504188876758955,0.03330252032259423,0.017617043264683923
916,0.4580500000000004,2.012706302522439e-08,1646.7361373244057,0.40468433867151343,0.9375878742155618,0.829223963512911,0.7441788690374129,0.010697737661398274,0.041504028525022156,0.03330214367303108,0.017616727483743752
917,0.4585500000000004,2.0119564519222886e-08,1646.7119433669595,0.40488841657810853,0.937609269479963,0.8292825065990196,0.744266566110178,0.010697156325677437,0.04150386797688712,0.03330176656776861,0.017616411324933003
918,0.4590500000000004,2.0112081615342478e-08,1646.6877694501757,0.405092354614304,0.9376306500805319,0.8293410095610158,0.7443542030773449,0.010696574340762917,0.04150370723322778,0.03330138900887995,0.01761609479000485
919,0.4595500000000004,2.01046142692687e-08,1646.6636155489439,0.40529615292384663,0.9376520160323387,0.8293994724401358,0.7444417800006852,0.010695991709732238,0.041503546294837435,0.03330101099824887,0.017615777880553574
920,0.4600500000000004,2.0097162436765574e-08,1646.639481638287,0.40549981165028615,0.9376733673504334,0.8294578952775591,0.7445292969418857,0.01069540843564244,0.04150338516250399,0.03330063253774635,0.01761546059816272
921,0.4605500000000004,2.008972607657063e-08,1646.6153676910435,0.4057033309369759,0.9376947040498442,0.829516278114409,0.7446167539625484,0.010694824521801621,0.04150322383708502,0.03330025362940684,0.017615142944552787
922,0.4610500000000004,2.0082305147495027e-08,1646.5912736801863,0.40590671092707314,0.9377160261455803,0.8295746209917526,0.7447041511241915,0.010694239971497028,0.04150306231943258,0.03329987427525185,0.017614824921433368
923,0.4615500000000004,2.0074899605530236e-08,1646.5671995811367,0.4061099517635389,0.9377373336526291,0.8296329239506005,0.7447914884882488,0.010693654787724074,0.04150290061031841,0.033299494477114076,0.01761450653035567
924,0.4620500000000004,2.006750940963719e-08,1646.5431453671324,0.40631305358913866,0.937758626585958,0.8296911870319073,0.7448787661160698,0.010693068973729132,0.04150273871058386,0.033299114236989634,0.017614187773007866
925,0.4625500000000004,2.006013451884974e-08,1646.5191110115447,0.406516016546443,0.9377799049605142,0.8297494102765717,0.7449659840689208,0.010692482532738076,0.041502576621064886,0.033298733556861936,0.01761386865106736
926,0.4630500000000004,2.0052774889384434e-08,1646.4950964901857,0.40671884077782733,0.9378011687912239,0.8298075937254366,0.7450531424079834,0.01069189546768564,0.04150241434251729,0.03329835243852594,0.01761354916605356
927,0.4635500000000004,2.0045430477534458e-08,1646.4711017789932,0.4069215264254725,0.937822418092993,0.8298657374192888,0.7451402411943563,0.010691307781486852,0.04150225187569165,0.03329797088376434,0.017613229319475496
928,0.4640500000000004,2.0038101245445018e-08,1646.44712684942,0.40712407363136527,0.9378436528807078,0.8299238413988594,0.7452272804890545,0.010690719477578018,0.04150208922148295,0.03329758889469886,0.017612909113126327
929,0.4645500000000004,2.0030787149555417e-08,1646.4231716776626,0.40732648253729825,0.937864873169233,0.829981905704824,0.7453142603530095,0.010690130558834209,0.041501926380631285,0.03329720647308736,0.01761258854849414
930,0.4650500000000004,2.0023488152152287e-08,1646.3992362354347,0.407528753284871,0.9378860789734139,0.8300399303778029,0.7454011808470702,0.010689541028651418,0.04150176335402108,0.03329682362102654,0.01761226762735099
931,0.4655500000000004,2.0016204206935414e-08,1646.3753205014912,0.4077308860154893,0.9379072703080755,0.8300979154583604,0.7454880420320017,0.010688950889595093,0.041501600142307346,0.033296440340074306,0.017611946351017208
932,0.4660500000000004,2.000893527633501e-08,1646.3514244478004,0.4079328808703661,0.9379284471880222,0.8301558609870059,0.7455748439684867,0.010688360145021766,0.041501436746364154,0.03329605663230286,0.017611624721244154
933,0.4665500000000004,2.0001681319965373e-08,1646.327548048764,0.4081347379905221,0.9379496096280386,0.8302137670041935,0.7456615867171253,0.010687768797998001,0.04150127316698564,0.033295672499596654,0.01761130273962576
934,0.4670500000000004,1.9994442294629974e-08,1646.3036912812074,0.40833645751678554,0.9379707576428888,0.8302716335503221,0.7457482703384344,0.010687176851301144,0.041501109404886244,0.03329528794365282,0.017610980407598866
935,0.4675500000000004,1.998721816296782e-08,1646.2798541174836,0.40853803958979273,0.937991891247317,0.8303294606657355,0.7458348948928487,0.010686584308228683,0.04150094546092454,0.03329490296650693,0.01761065772688393
936,0.4680500000000004,1.9980008881925044e-08,1646.2560365346653,0.4087394843499883,0.9380130104560473,0.8303872483907225,0.7459214604407209,0.010685991171519443,0.04150078133580483,0.03329451756983219,0.017610334698897594
937,0.4685500000000004,1.9972814414278656e-08,1646.232238505358,0.40894079193762567,0.9380341152837833,0.830444996765517,0.7460079670423208,0.01068539744443204,0.041500617030375525,0.03329413175564007,0.017610011325339972
938,0.4690500000000004,1.9965634717116494e-08,1646.2084600068804,0.40914196249276763,0.9380552057452095,0.8305027058302986,0.7460944147578368,0.010684803129667193,0.041500452545330906,0.03329374552558005,0.017609687607607716
939,0.4695500000000004,1.995846975335263e-08,1646.1847010120855,0.40934299615528585,0.9380762818549897,0.8305603756251915,0.7461808036473752,0.010684208230445054,0.04150028788150928,0.03329335888163977,0.01760936354738079
940,0.4700500000000004,1.9951319480215652e-08,1646.1609614985352,0.4095438930648619,0.9380973436277676,0.8306180061902656,0.7462671337709601,0.01068361274942863,0.04150012303959504,0.03329297182544528,0.017609039146036082
941,0.4705500000000004,1.9944183860755753e-08,1646.1372414393295,0.4097446533609875,0.9381183910781681,0.8306755975655367,0.746353405188535,0.010683016689799991,0.041499958020416505,0.033292584358960556,0.017608714405233608
942,0.4710500000000004,1.9937062855214533e-08,1646.113540809981,0.4099452771829647,0.9381394242207947,0.8307331497909656,0.7464396179599606,0.010682420054453396,0.04149979282472264,0.03329219648396309,0.01760838932647702
943,0.4715500000000004,1.9929956423902095e-08,1646.089859586124,0.4101457646699061,0.938160443070232,0.8307906629064593,0.7465257721450173,0.010681822846264412,0.04149962745325745,0.03329180820221872,0.01760806391126015
944,0.4720500000000004,1.9922864527196836e-08,1646.0661977435113,0.4103461159607352,0.9381814476410449,0.83084813695187,0.7466118678034036,0.010681225068090092,0.041499461906760106,0.03329141951548182,0.017607738161067144
945,0.4725500000000004,1.991578712554519e-08,1646.042555258015,0.4105463311941871,0.9382024379477777,0.830905571966996,0.7466979049947371,0.010680626722769012,0.04149929618596495,0.03329103042549528,0.017607412077372448
946,0.4730500000000004,1.990872418233056e-08,1646.0189321033415,0.41074641050880845,0.9382234140049558,0.8309629679915822,0.7467838837785548,0.010680027813389401,0.04149913029167569,0.03329064093416486,0.01760708566178697
947,0.4735500000000004,1.9901675660999843e-08,1645.9953282533204,0.4109463540429577,0.9382443758270843,0.8310203250653185,0.7468698042143125,0.010679428343020705,0.04149896422469119,0.03329025104338474,0.017606758915911798
948,0.4740500000000004,1.9894641516461907e-08,1645.9717436887454,0.41114616193480563,0.9382653234286489,0.8310776432278416,0.7469556663613852,0.0106788283139104,0.04149879798558282,0.033289860754515,0.017606431840900372
949,0.4745500000000004,1.9887621715165304e-08,1645.948178381397,0.41134583432233573,0.9382862568241159,0.8311349225187346,0.7470414702790683,0.010678227729359422,0.04149863157521406,0.033289470069601416,0.017606104438480718
950,0.4750500000000004,1.988061621788716e-08,1645.9246323077396,0.41154537134334446,0.9383071760279313,0.8311921629775262,0.7471272160265754,0.010677626592114704,0.0414984649942952,0.033289078990330005,0.017605776710079308
951,0.4755500000000004,1.9873624985471316e-08,1645.9011054443513,0.4117447731354412,0.938328081054522,0.8312493646436923,0.7472129036630409,0.010677024904905278,0.04149829824353184,0.03328868751837566,0.017605448657113186
952,0.4760500000000004,1.9866647981691153e-08,1645.877597765648,0.4119440398360491,0.9383489719182956,0.8313065275566547,0.7472985332475189,0.010676422670709606,0.04149813132369894,0.03328829565557608,0.017605120281135807
953,0.4765500000000004,1.9859685167520184e-08,1645.8541092484406,0.41214317158240504,0.9383698486336393,0.8313636517557821,0.7473841048389829,0.010675819892220838,0.04149796423549268,0.0332879034035839,0.017604791583545446
954,0.4770500000000004,1.9852736506859e-08,1645.8306398673785,0.41234216851156036,0.9383907112149217,0.8314207372803901,0.7474696184963272,0.010675216572381447,0.041497796979678606,0.033287510764214504,0.017604462565876708
955,0.4775500000000004,1.9845801960809947e-08,1645.8071895995,0.41254103076038057,0.9384115596764915,0.8314777841697406,0.7475550742783663,0.01067461271384906,0.041497629556943576,0.03328711773909846,0.01760413322950926
956,0.4780500000000004,1.9838881493399982e-08,1645.7837584196848,0.41273975846554595,0.9384323940326781,0.8315347924630425,0.7476404722438347,0.010674008319530533,0.041497461968043804,0.0332867243300291,0.017603803575959073
957,0.4785500000000004,1.9831975065859386e-08,1645.7603463051983,0.41293835176355226,0.9384532142977918,0.8315917621994522,0.7477258124513882,0.010673403392048333,0.04149729421365692,0.03328633053861514,0.017603473606587382
958,0.4790500000000004,1.982508264234065e-08,1645.7369532311477,0.4131368107907104,0.9384740204861229,0.8316486934180723,0.7478110949596025,0.010672797934274086,0.04149712629452992,0.03328593636662807,0.017603143322891725
959,0.4795500000000004,1.981820418420114e-08,1645.7135791750216,0.4133351356831471,0.9384948126119429,0.8317055861579535,0.7478963198269745,0.010672191948795465,0.04149695821133129,0.03328554181565502,0.01760281272621511
960,0.4800500000000004,1.9811339655718026e-08,1645.6902241121534,0.413533326576805,0.938515590689504,0.8317624404580928,0.7479814871119221,0.010671585438449196,0.041496789964798886,0.033285146887445806,0.017602481818036794
961,0.4805500000000004,1.9804489021229008e-08,1645.666888017988,0.41373138360744327,0.9385363547330384,0.8318192563574347,0.7480665968727839,0.010670978406054528,0.041496621555665976,0.033284751583739426,0.017602150599826893
962,0.4810500000000004,1.979765224227903e-08,1645.6435708703482,0.4139293069106379,0.9385571047567605,0.831876033894872,0.7481516491678202,0.01067037085414738,0.04149645298458746,0.0332843559060909,0.017601819072901318
963,0.4815500000000004,1.979082928332921e-08,1645.620272644901,0.4141270966217815,0.9385778407748642,0.8319327731092439,0.7482366440552125,0.010669762785512647,0.04149628425228764,0.03328395985621791,0.017601487238712195
964,0.4820500000000004,1.9784020108900617e-08,1645.5969933174258,0.41432475287608395,0.9385985628015248,0.8319894740393374,0.7483215815930636,0.01066915420291796,0.04149611535948623,0.03328356343582745,0.01760115509870262
965,0.4825500000000004,1.9777224683574036e-08,1645.5737328638127,0.4145222758085732,0.9386192708508988,0.8320461367238878,0.7484064618393984,0.010668545109113796,0.041495946306898485,0.03328316664661587,0.017600822654306725
966,0.4830500000000004,1.9770442969140604e-08,1645.5504912623203,0.4147196655540948,0.9386399649371229,0.8321027612015778,0.7484912848521629,0.010667935506568239,0.04149577709516155,0.03328276949009609,0.01760048990680489
967,0.4835500000000004,1.9763674930302896e-08,1645.5272684890556,0.4149169222473124,0.938660645074315,0.8321593475110378,0.7485760506892253,0.010667325397998119,0.04149560772498186,0.033282371967943605,0.01760015685761361
968,0.4840500000000004,1.9756920534669855e-08,1645.504064517979,0.41511404602270835,0.9386813112765744,0.8322158956908461,0.748660759408376,0.01066671478636842,0.041495438197135005,0.033281974081996124,0.017599823508285265
969,0.4845500000000004,1.9750179741366678e-08,1645.480879329928,0.41531103701458366,0.9387019635579805,0.8322724057795291,0.7487454110673268,0.010666103673832035,0.041495268512171384,0.033281575833562754,0.017599489859929266
970,0.4850500000000004,1.9743452515275664e-08,1645.4577129013312,0.41550789535705884,0.9387226019325949,0.8323288778155619,0.748830005723713,0.010665492063055775,0.04149509867078432,0.03328117722428794,0.01759915591393592
971,0.4855500000000004,1.9736738827026253e-08,1645.434565204222,0.4157046211840735,0.9387432264144593,0.8323853118373667,0.7489145434350915,0.010664879957219058,0.041494928673809765,0.033280778256150785,0.01759882167197585
972,0.4860500000000004,1.973003863592511e-08,1645.4114362197524,0.4159012146293868,0.9387638370175969,0.8324417078833148,0.7489990242589414,0.010664267358425687,0.04149475852178522,0.033280378930429906,0.017598487135132738
973,0.4865500000000004,1.972335190702952e-08,1645.388325924673,0.4160976758265784,0.9387844337560123,0.8324980659917258,0.7490834482526656,0.010663654269292791,0.041494588215391,0.03327997924873894,0.017598152304770902
974,0.4870500000000004,1.9716678608296172e-08,1645.3652342935902,0.4162940049090483,0.9388050166436905,0.8325543862008674,0.7491678154735887,0.010663040692685371,0.041494417755376545,0.0332795792128537,0.017597817182390424
975,0.4875500000000004,1.97100187048952e-08,1645.3421613034698,0.4164902020100167,0.9388255856945985,0.8326106685489565,0.7492521259789587,0.01066242663118745,0.0414942471424135,0.03327917882436733,0.017597481769338334
976,0.48805000000000043,1.9703372159214785e-08,1645.3191069336258,0.416686267262525,0.9388461409226843,0.8326669130741575,0.7493363798259469,0.010661812087102903,0.041494076377095936,0.03327877808469086,0.01759714606680898
977,0.48855000000000043,1.969673893938146e-08,1645.2960711589842,0.41688220079943583,0.9388666823418763,0.8327231198145847,0.749420577071647,0.010661197063247627,0.04149390546016045,0.03327837699556966,0.01759681007627677
978,0.48905000000000043,1.9690119007899897e-08,1645.2730539590643,0.4170780027534336,0.9388872099660858,0.8327792888083008,0.7495047177730768,0.010660581561893563,0.041493734392192706,0.0332779755583949,0.017596473798919335
979,0.48955000000000043,1.96835123330089e-08,1645.250055309001,0.41727367325702414,0.9389077238092042,0.8328354200933169,0.7495888019871774,0.010659965585824329,0.04149356317392086,0.03327757377489199,0.017596137236194194
980,0.49005000000000043,1.9676918880164563e-08,1645.2270751862761,0.41746921244253565,0.9389282238851044,0.8328915137075937,0.749672829770813,0.010659349137543682,0.041493391805995546,0.033277171646604306,0.01759580038940637
981,0.49055000000000043,1.9670338617714363e-08,1645.2041135662344,0.41766462044211883,0.9389487102076415,0.8329475696890409,0.7497568011807723,0.01065873221980289,0.04149322028913643,0.03327676917523724,0.017595463259996478
982,0.49105000000000043,1.9663771505557054e-08,1645.1811704310405,0.41785989738774704,0.9389691827906509,0.8330035880755172,0.7498407162737669,0.01065811483454743,0.04149304862383945,0.03327636636197098,0.01759512584896518
983,0.49155000000000043,1.965721751498659e-08,1645.1582457540037,0.41805504341121674,0.9389896416479502,0.8330595689048307,0.749924575106433,0.010657496984760319,0.041492876810889236,0.03327596320866315,0.01759478815788049
984,0.49205000000000043,1.9650676611681654e-08,1645.135339513014,0.4182500586441475,0.9390100867933382,0.8331155122147382,0.7500083777353308,0.010656878672882173,0.04149270485091988,0.03327555971681799,0.01759445018801437
985,0.49255000000000043,1.9644148761376815e-08,1645.1124516860602,0.41844494321798276,0.939030518240595,0.8331714180429466,0.7500921242169443,0.010656259901338084,0.0414925327445614,0.03327515588793015,0.017594111940630677
986,0.49305000000000043,1.9637633929862346e-08,1645.0895822512314,0.41863969726399,0.9390509360034829,0.8332272864271124,0.7501758146076823,0.010655640672537752,0.04149236049243978,0.03327475172348468,0.017593773416985186
987,0.49355000000000043,1.9631132085813124e-08,1645.0667311844827,0.41883432091326056,0.9390713400957451,0.833283117404841,0.7502594489638781,0.010655020989138024,0.041492188095250016,0.03327434722512851,0.017593434618469156
988,0.49405000000000043,1.962464319229935e-08,1645.043898466334,0.4190288142967104,0.9390917305311066,0.8333389110136876,0.750343027341789,0.010654400853255235,0.04149201555353698,0.03327394239415623,0.017593095546178703
989,0.49455000000000043,1.9618167220931747e-08,1645.0210840707089,0.4192231775450806,0.9391121073232747,0.8333946672911579,0.750426549797598,0.010653780267777772,0.041491842868060576,0.033273537232366916,0.017592756201632417
990,0.49505000000000043,1.961170413488973e-08,1644.9982879783229,0.419417410788937,0.939132470485937,0.8334503862747065,0.7505100163874119,0.010653159234791541,0.04149167003935771,0.0332731317410363,0.01759241658591048
991,0.49555000000000043,1.9605253903061947e-08,1644.9755101655287,0.41961151415867093,0.9391528200327639,0.8335060680017387,0.750593427167263,0.010652537756891909,0.0414914970681073,0.033272725921773175,0.017592076700372005
992,0.49605000000000044,1.959881649156353e-08,1644.9527506110057,0.4198054877844994,0.9391731559774074,0.8335617125096088,0.7506767821931087,0.01065191583639693,0.0414913239549113,0.03327231977600583,0.017591736546224805
993,0.49655000000000044,1.9592391872211035e-08,1644.93000928908,0.4199993317964653,0.9391934783335004,0.8336173198356219,0.7507600815208313,0.010651293476133155,0.041491150700513506,0.03327191330549512,0.0175913961249552
994,0.49705000000000044,1.9585980005577667e-08,1644.9072861830753,0.4201930463244382,0.9392137871146589,0.8336728900170336,0.750843325206239,0.010650670677865062,0.04149097730536228,0.03327150651130875,0.017591055437468923
995,0.49755000000000044,1.95795808664063e-08,1644.8845812652894,0.42038663149811384,0.9392340823344797,0.8337284230910488,0.750926513305065,0.010650047444650578,0.04149080377026635,0.03327109939535976,0.017590714485379588
996,0.49805000000000044,1.9573194415379086e-08,1644.861894519233,0.4205800874470146,0.9392543640065417,0.8337839190948233,0.7510096458729681,0.010649423778224936,0.041490630095666385,0.03327069195869766,0.017590373269577603
997,0.49855000000000044,1.956682062733829e-08,1644.8392259174025,0.4207734143004906,0.9392746321444063,0.8338393780654633,0.7510927229655334,0.010648799681615658,0.04149045628236316,0.03327028420321671,0.017590031791660715
998,0.49905000000000044,1.956045946589323e-08,1644.816575441275,0.4209666121877191,0.9392948867616158,0.8338948000400254,0.751175744638271,0.010648175156790096,0.0414902823308625,0.033269876130119044,0.01758969005264701
999,0.49955000000000044,1.955411089752825e-08,1644.7939430701983,0.42115968123770486,0.9393151278716949,0.8339501850555168,0.7512587109466173,0.010647550205962544,0.04149010824173918,0.033269467740768575,0.017589348053689984
1000,0.5000500000000004,1.9547774894415042e-08,1644.7713287791798,0.4213526215792809,0.9393353554881506,0.8340055331488951,0.7513416219459353,0.01064692483185454,0.04148993401570955,0.0332690590368612,0.017589005796221097
1001,0.5005500000000004,1.9541451425954917e-08,1644.7487325455438,0.4215454333411084,0.9393555696244709,0.8340608443570691,0.751424477691513,0.010646299036911604,0.04148975965341334,0.03326865001991297,0.01758866328152114
1002,0.5010500000000003,1.9535140455968007e-08,1644.7261543511354,0.4217381166516773,0.9393757702941277,0.8341161187168983,0.7515072782385666,0.010645672823043554,0.04148958515534122,0.033268240691090314,0.01758832051057803
1003,0.5015500000000003,1.9528841956773756e-08,1644.70359417125,0.42193067163930614,0.9393959575105723,0.8341713562651926,0.7515900236422363,0.010645046192927688,0.04148941052219802,0.03326783105206175,0.017587977484800125
1004,0.5020500000000002,1.952255589229669e-08,1644.6810519879148,0.42212309843214285,0.939416131287241,0.8342265570387138,0.7516727139575915,0.010644419148445515,0.04148923575446697,0.0332674211039761,0.017587634205160498
1005,0.5025500000000002,1.9516282237767358e-08,1644.6585277744032,0.42231539715816446,0.9394362916375494,0.8342817210741739,0.7517553492396258,0.01064379169250545,0.04148906085291782,0.033267010848654036,0.017587290673194773
1006,0.5030500000000001,1.951002095721131e-08,1644.636021512926,0.42250756794517824,0.9394564385748979,0.8343368484082366,0.7518379295432622,0.010643163826960567,0.04148888581802636,0.033266600287226736,0.01758694688986114
1007,0.50355,1.9503772020331174e-08,1644.6135331813618,0.4226996109208207,0.9394765721126666,0.8343919390775165,0.7519204549233479,0.010642535554170296,0.0414887106504098,0.03326618942115694,0.017586602856395364
1008,0.50405,1.949753539968764e-08,1644.5910627554786,0.42289152621255943,0.9394966922642201,0.83444699311858,0.7520029254346599,0.010641906876739434,0.041488535350753974,0.03326577825206833,0.017586258574167925
1009,0.5045499999999999,1.9491311059459283e-08,1644.5686102177528,0.42308331394769194,0.9395167990429031,0.8345020105679438,0.7520853411318997,0.010641277796479337,0.04148835991952378,0.033265366781066195,0.01758591404411517
1010,0.5050499999999999,1.9485098972303836e-08,1644.5461755441347,0.42327497425334704,0.9395368924620446,0.8345569914620777,0.7521677020696987,0.010640648315966584,0.041488184357397664,0.03326495500975678,0.01758556926759283
1011,0.5055499999999998,1.947889910530907e-08,1644.5237587150748,0.42346650725648427,0.9395569725349538,0.8346119358374016,0.7522500083026135,0.010640018437244476,0.041488008664905665,0.033264542939397984,0.01758522424566493
1012,0.5060499999999998,1.947271143122642e-08,1644.5013597067068,0.4236579130838949,0.9395770392749246,0.8346668437302879,0.7523322598851301,0.010639388162861202,0.04148783284271883,0.0332641305715785,0.01758487897967239
1013,0.5065499999999997,1.9466535917240655e-08,1644.4789784996601,0.4238491918622016,0.9395970926952307,0.8347217151770601,0.7524144568716602,0.010638757494832389,0.04148765689135993,0.0332637179075391,0.01758453347066476
1014,0.5070499999999997,1.9460372536196313e-08,1644.4566150702528,0.4240403437178593,0.9396171328091306,0.8347765502139942,0.7524965993165457,0.010638126435678111,0.041487480811492686,0.03326330494885107,0.01758418771996827
1015,0.5075499999999996,1.9454221252571e-08,1644.4342694014867,0.42423136877715484,0.9396371596298629,0.8348313488773174,0.7525786872740537,0.010637494987127797,0.04148730460356049,0.03326289169656883,0.017583841728476334
1016,0.5080499999999996,1.944808203930443e-08,1644.411941469857,0.4244222671662079,0.939657173170651,0.8348861112032094,0.7526607207983821,0.01063686315167409,0.041487128268219854,0.033262478152246686,0.017583495497500833
1017,0.5085499999999995,1.9441954869379666e-08,1644.3896312519528,0.4246130390109706,0.9396771734446984,0.8349408372278014,0.7527426999436543,0.01063623093179542,0.041486951806123676,0.03326206431743021,0.01758314902834627
1018,0.5090499999999994,1.943583970742039e-08,1644.3673387310346,0.42480368443722855,0.9396971604651935,0.8349955269871774,0.7528246247639243,0.010635598329180986,0.041486775217704726,0.03326165019314879,0.017582802321884954
1019,0.5095499999999994,1.9429736526503932e-08,1644.3450638838654,0.42499420357060025,0.9397171342453048,0.8350501805173726,0.7529064953131726,0.010634965346282199,0.04148659850360882,0.033261235780931285,0.01758245537940726
1020,0.5100499999999993,1.9423645299750585e-08,1644.3228066873007,0.4251845965365383,0.9397370947981857,0.8351047978543756,0.7529883116453098,0.010634331985536477,0.041486421664478086,0.03326082108229786,0.01758210820219625
1021,0.5105499999999993,1.9417565991928685e-08,1644.300567124856,0.4253748634603287,0.9397570421369699,0.8351593790341265,0.7530700738141733,0.010633698248593372,0.041486244700734934,0.033260406098253315,0.01758176079110347
1022,0.5110499999999992,1.9411498576251887e-08,1644.2783451735575,0.42556500446709217,0.939776976274776,0.8352139240925184,0.7531517818735316,0.010633064137863668,0.04148606761301452,0.033259990830301345,0.017581413147398046
1023,0.5115499999999992,1.940544302597635e-08,1644.256140810524,0.42575501968178325,0.9397968972247029,0.8352684330653963,0.7532334358770796,0.010632429655744357,0.041485890401948465,0.03325957527993712,0.01758106527234194
1024,0.5120499999999991,1.9399399308809365e-08,1644.233954017334,0.42594490922919187,0.9398168049998348,0.8353229059885585,0.7533150358784432,0.010631794804103551,0.041485713068020826,0.03325915944830992,0.017580717166907473
1025,0.5125499999999991,1.93933673953022e-08,1644.211784773464,0.4261346732339423,0.9398366996132358,0.8353773428977553,0.7533965819311755,0.010631159585054145,0.04148553561178433,0.0332587433367298,0.017580368832201505
1026,0.513049999999999,1.9387347258845594e-08,1644.1896330562895,0.4263243118204947,0.9398565810779552,0.8354317438286903,0.7534780740887611,0.0106305240009533,0.04148535803386013,0.03325832694666727,0.017580020269465153
1027,0.513549999999999,1.938133887007923e-08,1644.167498845459,0.4265138251131442,0.9398764494070231,0.8354861088170195,0.7535595124046114,0.010629888053887447,0.041485180334794036,0.03325791027941602,0.017579671479791465
1028,0.5140499999999989,1.937534219689595e-08,1644.1453821228831,0.4267032132360222,0.9398963046134541,0.8355404378983521,0.7536408969320696,0.010629251745673021,0.041485002515056574,0.033257493336093236,0.01757932246412567
1029,0.5145499999999988,1.936935721561106e-08,1644.1232828640148,0.42689247631309585,0.9399161467102438,0.8355947311082498,0.7537222277244062,0.010628615078884835,0.041484824575330474,0.033257076118313536,0.017578973223829345
1030,0.5150499999999988,1.93633838942067e-08,1644.1012010509326,0.42708161446816895,0.9399359757103727,0.8356489884822282,0.7538035048348238,0.010627978055313486,0.04148464651607952,0.033256658627178096,0.017578623759834208
1031,0.5155499999999987,1.9357422203502876e-08,1644.0791366636158,0.42727062782488157,0.939955791626802,0.8357032100557551,0.7538847283164525,0.010627340676993982,0.04148446833783604,0.03325624086394872,0.017578274073206383
1032,0.5160499999999987,1.9351472119941762e-08,1644.0570896777751,0.42745951650671105,0.9399755944724779,0.8357573958642525,0.753965898222354,0.010626702946461666,0.04148429004127243,0.03325582283021561,0.017577924165286828
1033,0.5165499999999986,1.9345533611639676e-08,1644.0350600757342,0.4276482806369715,0.9399953842603276,0.8358115459430943,0.7540470146055187,0.010626064865469059,0.04148411162684254,0.03325540452705637,0.017577574036987356
1034,0.5170499999999986,1.9339606649547844e-08,1644.0130478377223,0.427836920338815,0.940015161003263,0.8358656603276094,0.7541280775188688,0.010625426436012862,0.04148393309506863,0.033254985955709054,0.017577223689354035
1035,0.5175499999999985,1.9333691204661765e-08,1643.9910529440465,0.42802543573523055,0.9400349247141773,0.8359197390530787,0.7542090870152545,0.010624787660077292,0.04148375444646974,0.033254567117403995,0.017576873123426415
1036,0.5180499999999985,1.9327787253591703e-08,1643.9690753707541,0.4282138269490459,0.9400546754059486,0.8359737821547378,0.7542900431474588,0.01062414854014609,0.04148357568170481,0.033254148013699504,0.017576522340518527
1037,0.5185499999999984,1.9321894767416243e-08,1643.9471150983215,0.4284020941029265,0.9400744130914357,0.8360277896677749,0.754370945968193,0.010623509078177848,0.0414833968012862,0.03325372864581008,0.017576171341656545
1038,0.5190499999999983,1.9316013714474313e-08,1643.9251721094715,0.4285902373193767,0.9400941377834832,0.8360817616273327,0.7544517955301009,0.0106228692758631,0.041483217805651444,0.03325330901477482,0.017575820127719792
1039,0.5195499999999983,1.9310144071500184e-08,1643.9032463805006,0.42877825672073905,0.940113849494916,0.8361356980685068,0.7545325918857553,0.010622229135647447,0.04148303869544957,0.03325288912212851,0.0175754687000024
1040,0.5200499999999982,1.9304285806919313e-08,1643.8813378942912,0.4289661524291958,0.9401335482385449,0.8361895990263477,0.7546133350876615,0.010621588659196827,0.04148285947111166,0.03325246896889497,0.017575117059370808
1041,0.5205499999999982,1.9298438897547166e-08,1643.8594466273055,0.4291539245667679,0.940153234027161,0.8362434645358585,0.7546940251882538,0.010620947848931582,0.04148268013328017,0.03325204855659339,0.01757476520710598
1042,0.5210499999999981,1.9292603311895182e-08,1643.8375725625822,0.42934157325531636,0.9401729068735414,0.8362972946319975,0.7547746622398999,0.010620306706493303,0.04148250068237979,0.033251627886232496,0.017574413144061603
1043,0.5215499999999981,1.928677902408014e-08,1643.815715678909,0.4295290986165416,0.9401925667904437,0.8363510893496761,0.7548552462948962,0.010619665234022229,0.041482321118975055,0.03325120695914863,0.017574060871365496
1044,0.522049999999998,1.928096600547999e-08,1643.7938759573165,0.4297165007719844,0.9402122137906115,0.8364048487237605,0.7549357774054727,0.01061902343339119,0.041482141443555796,0.03325078577650307,0.017573708389998926
1045,0.522549999999998,1.9275164233071037e-08,1643.772053374592,0.4299037798430257,0.9402318478867687,0.8364585727890707,0.7550162556237886,0.010618381306970725,0.04148196165675148,0.03325036433978425,0.017573355701216868
1046,0.5230499999999979,1.9269373678311973e-08,1643.7502479119264,0.43009093595088727,0.9402514690916255,0.8365122615803813,0.7550966810019367,0.010617738856609119,0.04148178175904553,0.03324994265013829,0.017573002805987784
1047,0.5235499999999979,1.9263594309928173e-08,1643.7284595527428,0.43027796921663136,0.9402710774178725,0.8365659151324207,0.7551770535919394,0.010617096083888337,0.04148160175084707,0.0332495207085369,0.017572649705134127
1048,0.5240499999999978,1.9257826105016462e-08,1643.7066882740664,0.4304648797611619,0.9402906728781865,0.8366195334798725,0.7552573734457528,0.010616452991142394,0.04148142163277595,0.03324909851644591,0.017572296399891774
1049,0.5245499999999977,1.925206903793507e-08,1643.6849340551641,0.4306516677052236,0.940310255485225,0.836673116657374,0.755337640615263,0.010615809580438309,0.04148124140537758,0.03324867607515636,0.017571942891350306
1050,0.5250499999999977,1.924632308030769e-08,1643.6631968775334,0.43083833316940345,0.9403298252516311,0.8367266646995178,0.7554178551522899,0.01061516585357681,0.041481061069122936,0.03324825338578487,0.017571589180453276
1051,0.5255499999999976,1.924058820380014e-08,1643.6414767227473,0.4310248762741297,0.9403493821900296,0.8367801776408506,0.7554980171085833,0.010614521812347075,0.041480880624480014,0.03324783044944095,0.017571235268138224
1052,0.5260499999999976,1.9234864382892187e-08,1643.6197735703001,0.43121129713967343,0.9403689263130305,0.8368336555158741,0.7555781265358276,0.010613877458780688,0.04148070007198488,0.033247407267393655,0.017570881155476163
1053,0.5265499999999975,1.922915159210219e-08,1643.5980873997669,0.43139759588614757,0.940388457633225,0.8368870983590446,0.7556581834856371,0.01061323279489728,0.04148051941217054,0.033246983840904694,0.017570526843531886
1054,0.5270499999999975,1.9223449805986972e-08,1643.5764181907984,0.43158377263350817,0.9404079761631905,0.8369405062047737,0.7557381880095606,0.010612587822704574,0.041480338645566835,0.03324656017122841,0.017570172333363967
1055,0.5275499999999974,1.9217758996372336e-08,1643.5547659252718,0.4317698275015538,0.9404274819154853,0.8369938790874273,0.7558181401590777,0.010611942543944958,0.04148015777262952,0.03324613625944527,0.01756981762588545
1056,0.5280499999999974,1.9212079137894177e-08,1643.5331305829889,0.43195576060992674,0.9404469749026537,0.837047217041327,0.7558980399856022,0.010611296960602916,0.04147997679388235,0.03324571210679522,0.017569462722142742
1057,0.5285499999999973,1.920641020522652e-08,1643.5115121438305,0.4321415720781122,0.9404664551372213,0.8371005201007488,0.755977887540479,0.010610651074651211,0.04147979570984609,0.03324528771451096,0.017569107623176154
1058,0.5290499999999972,1.9200752170314435e-08,1643.4899105898942,0.43232726202543964,0.9404859226316995,0.8371537882999246,0.7560576828749874,0.010610004887797812,0.04147961452096742,0.03324486308365163,0.0175687523298807
1059,0.5295499999999972,1.9195105007910276e-08,1643.4683259012095,0.4325128305710819,0.9405053773985811,0.8372070216730407,0.7561374260403381,0.010609358401992586,0.04147943322776109,0.03324443821543572,0.01756839684328471
1060,0.5300499999999971,1.918946869556948e-08,1643.446758055739,0.4326982778340567,0.9405248194503448,0.8372602202542399,0.7562171170876766,0.010608711619426685,0.04147925183080972,0.03324401311124078,0.0175680411645495
1061,0.5305499999999971,1.918384320258834e-08,1643.4252070379457,0.4328836039332255,0.940544248799451,0.8373133840776188,0.7562967560680796,0.01060806454152106,0.04147907033048017,0.033243587771938594,0.01756768529441318
1062,0.531049999999997,1.9178228506598297e-08,1643.4036728259402,0.4330688089872952,0.9405636654583456,0.8373665131772311,0.756376343032559,0.010607417170444035,0.04147888872734908,0.03324316219889257,0.017567329234025143
1063,0.531549999999997,1.9172624579739152e-08,1643.3821554021897,0.43325389311481716,0.9405830694394566,0.8374196075870846,0.7564558780320584,0.010606769507847091,0.041478707021848395,0.03324273639312683,0.017566972984250855
1064,0.5320499999999969,1.916703139971541e-08,1643.3606547449567,0.4334388564341884,0.9406024607551974,0.837472667341144,0.7565353611174567,0.010606121555875554,0.04147852521454875,0.033242310355990574,0.0175666165462277
1065,0.5325499999999969,1.9161448935981703e-08,1643.3391708389877,0.4336236990636509,0.9406218394179633,0.8375256924733284,0.7566147923395642,0.010605473315906335,0.04147834330580545,0.03324188408832821,0.0175662599206707
1066,0.5330499999999968,1.9155877169078043e-08,1643.317703660558,0.43380842112129303,0.9406412054401357,0.8375786830175138,0.7566941717491272,0.010604824790314434,0.04147816129625403,0.03324145759164088,0.017565903108844223
1067,0.5335499999999967,1.915031607129596e-08,1643.296253192424,0.43399302272504847,0.9406605588340775,0.8376316390075311,0.7567734993968237,0.010604175980706815,0.04147797918631477,0.03324103086692508,0.017565546111590447
1068,0.5340499999999967,1.9144765617725893e-08,1643.274819415277,0.4341775039926979,0.9406798996121378,0.837684560477168,0.7568527753332678,0.010603526888931637,0.04147779697647578,0.03324060391533636,0.017565188929884516
1069,0.5345499999999966,1.9139225783495023e-08,1643.2534023098822,0.4343618650418677,0.9406992277866473,0.8377374474601671,0.7569319996090053,0.010602877516825997,0.04147761466722236,0.033240176738023444,0.017564831564695817
1070,0.5350499999999966,1.913369654376711e-08,1643.2320018570763,0.4345461059900317,0.9407185433699228,0.837790299990228,0.7570111722745183,0.01060222786621596,0.041477432259036835,0.033239749336128194,0.017564474016987953
1071,0.5355499999999965,1.912817787098594e-08,1643.2106180398946,0.43473022695451013,0.940737846374263,0.8378431181010058,0.7570902933802214,0.010601577938665209,0.04147724975232814,0.03323932171062025,0.017564116287580412
1072,0.5360499999999965,1.9122669745901917e-08,1643.189250835061,0.434914228052471,0.9407571368119527,0.8378959018261121,0.7571693629764652,0.01060092773648092,0.041477067147714146,0.0332388938629589,0.01756375837770221
1073,0.5365499999999964,1.911717213827582e-08,1643.1679002278797,0.4350981094009293,0.9407764146952586,0.8379486511991144,0.7572483811135329,0.01060027726095369,0.041476884445527495,0.03323846579393492,0.01756340028802312
1074,0.5370499999999964,1.911168502617318e-08,1643.1465661973446,0.4352818711167483,0.9407956800364334,0.8380013662535373,0.7573273478416442,0.010599626514117461,0.04147670164630974,0.03323803750482866,0.017563042019622357
1075,0.5375499999999963,1.9106208384939135e-08,1643.125248724647,0.43546551331663874,0.940814932847712,0.8380540470228606,0.7574062632109518,0.010598975497744008,0.0414765187505291,0.033237608996748366,0.01756268357343515
1076,0.5380499999999963,1.9100742189954756e-08,1643.103947791048,0.43564903611716,0.9408341731413153,0.8381066935405218,0.7574851272715447,0.010598324213594372,0.04147633575865088,0.033237180270795634,0.017562324950391096
1077,0.5385499999999962,1.909528641663694e-08,1643.0826633778795,0.43583243963471957,0.9408534009294462,0.8381593058399137,0.7575639400734451,0.010597672663418963,0.04147615267113771,0.03323675132806548,0.017561966151414247
1078,0.5390499999999961,1.90898410404383e-08,1643.0613954665403,0.43601572398557414,0.9408726162242942,0.8382118839543871,0.7576427016666121,0.010597020848957563,0.04147596948844934,0.03323632216964633,0.01756160717742308
1079,0.5395499999999961,1.908440603959722e-08,1643.0401440363828,0.43619888928582884,0.9408918190380303,0.8382644279172481,0.7577214121009378,0.01059636877218982,0.04147578621111323,0.03323589279678496,0.017561248029468488
1080,0.540049999999996,1.9078981386885686e-08,1643.0189090710649,0.43638193565143846,0.9409110093828122,0.8383169377617606,0.7578000714262519,0.010595716434583811,0.04147560283951319,0.033235463210391725,0.017560888708319893
1081,0.540549999999996,1.907356705786282e-08,1642.9976905521912,0.4365648631982069,0.9409301872707796,0.8383694135211446,0.7578786796923169,0.01059506383784783,0.041475419374100805,0.03323503341153554,0.01756052921487931
1082,0.5410499999999959,1.9068163030870845e-08,1642.9764884593226,0.4367476720417882,0.9409493527140586,0.8384218552285776,0.7579572369488331,0.01059441098392977,0.04147523581539517,0.03323460340144353,0.017560169550181023
1083,0.5415499999999959,1.9062769281536986e-08,1642.9553027742036,0.43693036229768584,0.9409685057247573,0.8384742629171933,0.758035743245434,0.010593757874516774,0.04147505216384233,0.033234173181171535,0.017559809715116004
1084,0.5420499999999958,1.9057385785523532e-08,1642.9341334786463,0.43711293408125396,0.9409876463149703,0.8385266366200833,0.758114198631691,0.01059310451128569,0.0414748684198856,0.03323374275176898,0.0175594497105698
1085,0.5425499999999958,1.9052012518527783e-08,1642.9129805545292,0.4372953875076967,0.9410067744967745,0.8385789763702954,0.7581926031571092,0.010592450895903112,0.04147468458396564,0.033233312114278955,0.017559089537422624
1086,0.5430499999999957,1.904664945902657e-08,1642.8918439816898,0.43747772269206936,0.9410258902822333,0.8386312822008356,0.7582709568711313,0.010591797030274921,0.04147450065659058,0.033232881269902606,0.01755872919668682
1087,0.5435499999999956,1.9041296582784453e-08,1642.8707237421424,0.43765993974927764,0.9410449936833919,0.838683554144666,0.7583492598231342,0.010591142916046974,0.041474316638195674,0.03323245021967018,0.017558368689231756
1088,0.5440499999999956,1.9035953862857482e-08,1642.8496198200753,0.43784203879407896,0.9410640847122826,0.8387357922347071,0.7584275120624326,0.010590488554605764,0.04147413252914332,0.03323201896444138,0.017558008015784103
1089,0.5445499999999955,1.903062128056653e-08,1642.828532193421,0.43802401994108153,0.9410831633809197,0.8387879965038355,0.7585057136382757,0.010589833948075592,0.0414739483300038,0.03323158750556257,0.017557647177477497
1090,0.5450499999999955,1.9025298811777476e-08,1642.8074608443958,0.4382058833047458,0.9411022297013042,0.8388401669848868,0.7585838645998506,0.010589179098071753,0.04147376404120427,0.03323115584404503,0.017557286175165294
1091,0.5455499999999954,1.901998642964971e-08,1642.7864057573815,0.43838762899938366,0.9411212836854191,0.8388923037106526,0.7586619649962788,0.01058852400595072,0.04147357966309937,0.03323072398072984,0.017556925009558463
1092,0.5460499999999954,1.9014684112860093e-08,1642.7653669126194,0.43856925713915945,0.9411403253452346,0.8389444067138834,0.7587400148766205,0.010587868673557025,0.04147339519618116,0.03323029191678018,0.01755656368163727
1093,0.5465499999999953,1.900939184011655e-08,1642.7443442904182,0.43875076783808953,0.9411593546927028,0.838996476027286,0.7588180142898702,0.01058721310272483,0.04147321064093909,0.03322985965335284,0.01755620219237661
1094,0.5470499999999953,1.9004109587419418e-08,1642.723337873255,0.43893216121004325,0.9411783717397627,0.8390485116835262,0.7588959632849611,0.010586557295029485,0.041473025997789896,0.03322942719143434,0.017555840542608947
1095,0.5475499999999952,1.8998837330802978e-08,1642.7023476436705,0.43911343736874237,0.9411973764983358,0.8391005137152268,0.7589738619107613,0.010585901252036574,0.04147284126714781,0.0332289945320052,0.017555478733161628
1096,0.5480499999999952,1.8993575049072362e-08,1642.681373582172,0.43929459642776225,0.9412163689803301,0.8391524821549687,0.7590517102160776,0.010585244975550172,0.04147265644949435,0.033228561676203555,0.017555116764993807
1097,0.5485499999999951,1.8988322718327126e-08,1642.6604156714304,0.43947563850053095,0.9412353491976362,0.8392044170352905,0.759129508249652,0.01058458846711609,0.04147247154523858,0.033228128624997647,0.01755475463892249
1098,0.549049999999995,1.898308031470043e-08,1642.639473894178,0.4396565637003307,0.9412543171621316,0.8392563183886894,0.7592072560601653,0.01058393172827049,0.04147228655478695,0.033227695379349706,0.017554392355759615
1099,0.549549999999995,1.8977847819828523e-08,1642.6185482290261,0.43983737214029694,0.9412732728856762,0.8393081862476197,0.7592849536962335,0.010583274761035634,0.041472101478683125,0.03322726194054307,0.017554029916585584
1100,0.5500499999999949,1.8972625204438946e-08,1642.5976386630227,0.4400180639334197,0.9412922163801167,0.8393600206444949,0.7593626012064121,0.010582617566432397,0.041471916317188794,0.03322682830920077,0.0175536673219286
1101,0.5505499999999949,1.8967412450231684e-08,1642.5767451749057,0.4401986391925427,0.9413111476572826,0.8394118216116856,0.7594401986391917,0.010581960146463494,0.041471731070842476,0.03322639448659404,0.01755330457285885
1102,0.5510499999999948,1.8962209536201408e-08,1642.555867745575,0.4403790980303647,0.94133006672899,0.8394635891815218,0.7595177460430025,0.010581302502873726,0.041471545740110236,0.03322596047382437,0.017552941670304502
1103,0.5515499999999948,1.895701643590936e-08,1642.5350063601709,0.44055944055943863,0.9413489736070378,0.8395153233862905,0.7595952434662103,0.010580644636903343,0.041471360325316155,0.03322552627166064,0.017552578614915604
1104,0.5520499999999947,1.8951833131145892e-08,1642.5141609976315,0.440739666892173,0.9413678683032118,0.8395670242582386,0.7596726909571205,0.010579986550525326,0.041471174826990975,0.03322509188135571,0.017552215407746798
1105,0.5525499999999947,1.894665959553749e-08,1642.493331643219,0.44091977714083086,0.9413867508292806,0.83961869182957,0.7597500885639744,0.010579328244961139,0.041470989245453845,0.0332246573036668,0.017551852049438276
1106,0.5530499999999946,1.894149581093503e-08,1642.4725182760008,0.4410997714175313,0.9414056211969994,0.8396703261324485,0.7598274363349531,0.010578669722164305,0.04147080358123043,0.03322422253983474,0.01755148854103453
1107,0.5535499999999945,1.893634175102982e-08,1642.4517208813609,0.4412796498342486,0.9414244794181066,0.8397219271989952,0.7599047343181735,0.010578010983337665,0.041470617834635,0.033223787590605174,0.017551124883165976
1108,0.5540499999999945,1.8931197397732916e-08,1642.4309394384943,0.4414594125028133,0.9414433255043273,0.839773495061291,0.7599819825616929,0.010577352030415457,0.04147043200618818,0.03322335245720701,0.01755076107686704
1109,0.5545499999999944,1.8926062727527372e-08,1642.4101739308248,0.4416390595349116,0.9414621594673697,0.8398250297513744,0.7600591811135046,0.010576692864828664,0.04147024609626894,0.03322291714053728,0.017550397122894617
1110,0.5550499999999944,1.892093771965526e-08,1642.3894243397579,0.4418185910420867,0.9414809813189285,0.8398765313012438,0.760136330021542,0.010576033488245592,0.041470060105323316,0.03322248164165009,0.017550033022136886
1111,0.5555499999999943,1.8915822350662248e-08,1642.3686906488385,0.4419980071357377,0.941499791070682,0.8399279997428556,0.7602134293336752,0.010575373902078716,0.041469874033725415,0.033222045961430996,0.01754966877534105
1112,0.5560499999999943,1.8910716597126238e-08,1642.3479728416717,0.4421773079271211,0.9415185887342951,0.8399794351081258,0.7602904790977146,0.010574714107731496,0.04146968788184694,0.03322161010075989,0.017549304383249552
1113,0.5565499999999942,1.890562044110601e-08,1642.3272708977688,0.44235649352735007,0.9415373743214156,0.8400308374289287,0.7603674793614073,0.010574054107090551,0.04146950165019614,0.03322117406083628,0.017548939846871968
1114,0.5570499999999942,1.8900533861962914e-08,1642.306584798783,0.44253556404739525,0.9415561478436787,0.8400822067370984,0.7604444301724407,0.010573393901786637,0.04146931533920923,0.03322073784269102,0.017548575167076853
1115,0.5575499999999941,1.8895456833641576e-08,1642.285914530577,0.4427145195980846,0.9415749093127023,0.8401335430644274,0.7605213315784395,0.01057273349294955,0.041469128949181304,0.03322030144702436,0.017548210344456312
1116,0.558049999999994,1.8890389335565758e-08,1642.2652600749211,0.4428933602901041,0.9415936587400917,0.8401848464426682,0.7605981836269688,0.0105720728821921,0.04146894248054385,0.03321986487485602,0.01754784537986948
1117,0.558549999999994,1.8885331349909495e-08,1642.2446214115778,0.44307208623399735,0.9416123961374351,0.8402361169035315,0.760674986365531,0.010571412071363364,0.041468755933795336,0.03321942812736228,0.017547480274306332
1118,0.5590499999999939,1.8880282850710614e-08,1642.2239985265833,0.44325069754016655,0.9416311215163079,0.8402873544786884,0.7607517398415694,0.010570751061566405,0.04146856930922376,0.03321899120522675,0.01754711502834493
1119,0.5595499999999939,1.887524382292132e-08,1642.2033913977536,0.44342919431887184,0.9416498348882687,0.8403385591997685,0.7608284441024644,0.010570089854877254,0.04146838260739205,0.03321855410977651,0.01754674964310122
1120,0.5600499999999938,1.8870214237920426e-08,1642.1828000133103,0.44360757668023243,0.9416685362648632,0.8403897310983617,0.7609050991955378,0.010569428452135958,0.04146819582851429,0.03321811684152199,0.017546384119008405
1121,0.5605499999999938,1.8865194080716532e-08,1642.1622243511908,0.44378584473422605,0.9416872256576203,0.8404408702060164,0.7609817051680486,0.010568766855400149,0.0414680089731486,0.0332176794017789,0.017546018457172827
1122,0.5610499999999937,1.8860183325469733e-08,1642.1416643976636,0.44396399859068997,0.9417059030780563,0.8404919765542418,0.7610582620671975,0.010568105065737713,0.041467822041573725,0.03321724179120898,0.01754565265815408
1123,0.5615499999999937,1.8855181954525456e-08,1642.1211201328551,0.4441420383593202,0.9417245685376705,0.8405430501745054,0.7611347699401225,0.010567443084942885,0.04146763503427381,0.03321680401095459,0.017545286722913493
1124,0.5620499999999936,1.8850189947538175e-08,1642.10059153902,0.44431996414967284,0.9417432220479497,0.8405940910982357,0.7612112288339034,0.010566780914555733,0.04146744795166134,0.03321636606199038,0.017544920652272165
1125,0.5625499999999936,1.884520728147489e-08,1642.080078600533,0.4444977760711634,0.9417618636203637,0.8406450993568199,0.7612876387955574,0.010566118555862834,0.04146726079407741,0.03321592794512378,0.01754455444691134
1126,0.5630499999999935,1.8840233936048517e-08,1642.059581299764,0.4446754742330677,0.9417804932663701,0.8406960749816059,0.7613639998720442,0.010565456010386779,0.041467073561929926,0.033215489661318605,0.017544188107642966
1127,0.5635499999999934,1.883526989099997e-08,1642.039099619142,0.4448530587445213,0.9417991109974094,0.8407470180039006,0.7614403121102608,0.01056479327964128,0.04146688625562453,0.0332150512115332,0.017543821635274365
1128,0.5640499999999934,1.8830315123384614e-08,1642.0186335432118,0.4450305297145209,0.9418177168249096,0.840797928454972,0.7615165755570465,0.010564130364887066,0.04146669887549547,0.03321461259655889,0.0175434550304732
1129,0.5645499999999933,1.882536961571407e-08,1641.9981830524596,0.44520788725192306,0.9418363107602822,0.840848806366047,0.7615927902591788,0.010563467267864649,0.04146651142201286,0.0332141738175048,0.017543088294172723
1130,0.5650499999999933,1.8820433347812806e-08,1641.97774812949,0.44538513146544606,0.941854892814926,0.8408996517683135,0.7616689562633773,0.010562803990061374,0.04146632389557537,0.03321373487531293,0.017542721427166456
1131,0.5655499999999932,1.8815506296821622e-08,1641.957328759019,0.4455622624636685,0.9418734630002232,0.8409504646929187,0.7617450736162998,0.010562140532712112,0.041466136296510546,0.03321329577075856,0.017542354430108528
1132,0.5660499999999932,1.881058844533304e-08,1641.9369249217111,0.44573928035503096,0.9418920213275437,0.841001245170971,0.7618211423645468,0.010561476897530866,0.0414659486252815,0.033212856504934406,0.017541987303918337
1133,0.5665499999999931,1.880567977054441e-08,1641.9165366023951,0.44591618524783516,0.9419105678082407,0.841051993233538,0.7618971625546571,0.010560813085735461,0.04146576088221131,0.03321241707860517,0.017541620049241084
1134,0.5670499999999931,1.880078024968336e-08,1641.8961637859516,0.4460929772502449,0.9419291024536549,0.8411027089116486,0.7619731342331122,0.01056014909853564,0.041465573067620824,0.03321197749253049,0.017541252666717674
1135,0.567549999999993,1.8795889868133235e-08,1641.8758064511683,0.44626965647028555,0.9419476252751104,0.8411533922362915,0.7620490574463322,0.010559484937862924,0.04146538518203532,0.03321153774794821,0.017540885157388685
1136,0.568049999999993,1.8791008605883387e-08,1641.8554645809936,0.44644622301584524,0.9419661362839195,0.8412040432384165,0.7621249322406801,0.010558820605153021,0.04146519722583996,0.03321109784576833,0.017540517522020595
1137,0.5685499999999929,1.878613643753616e-08,1641.835138162525,0.44662267699467406,0.941984635491377,0.841254661948933,0.7622007586624577,0.010558156101347128,0.04146500919928021,0.033210657786573734,0.01754014976110649
1138,0.5690499999999928,1.878127334584586e-08,1641.8148271767711,0.4467990185143852,0.9420031229087663,0.8413052483987119,0.7622765367579099,0.010557491428107706,0.04146482110280573,0.03321021757142521,0.017539781875538802
1139,0.5695499999999928,1.8776419310885305e-08,1641.7945316068453,0.44697524768245417,0.9420215985473539,0.8413558026185841,0.7623522665732204,0.010556826586845553,0.041464632936795184,0.03320977720121731,0.01753941386607099
1140,0.5700499999999927,1.8771574312754277e-08,1641.7742514359165,0.4471513646062202,0.9420400624183942,0.8414063246393421,0.7624279481545164,0.010556161578963125,0.04146444470162503,0.03320933667683937,0.017539045733452108
1141,0.5705499999999927,1.8766738331579436e-08,1641.7539866472093,0.44732736939288525,0.942058514533125,0.8414568144917378,0.7625035815478641,0.010555496405854549,0.04146425639766958,0.03320889599917558,0.01753867747842688
1142,0.5710499999999926,1.8761911350217833e-08,1641.7337372219627,0.4475032621495153,0.9420769549027719,0.8415072722064855,0.7625791667992734,0.010554831069148084,0.04146406802536955,0.033208455169265606,0.017538309101869886
1143,0.5715499999999926,1.8757093343441738e-08,1641.7135031475932,0.44767904298303957,0.9420953835385444,0.841557697814259,0.7626547039546931,0.01055416556973644,0.04146387958495765,0.03320801418766212,0.01753794060424872
1144,0.5720499999999925,1.8752284296864487e-08,1641.69328440341,0.44785471200025184,0.9421138004516395,0.8416080913456944,0.7627301930600162,0.010553499909473706,0.041463691076938876,0.03320757305555513,0.017537571986563503
1145,0.5725499999999925,1.8747484188015855e-08,1641.6730809748965,0.4480302693078095,0.942132205653238,0.8416584528313877,0.7628056341610747,0.01055283408947876,0.04146350250161032,0.0332071317736478,0.01753720324940753
1146,0.5730499999999924,1.8742692999856543e-08,1641.6528928435155,0.4482057150122347,0.9421505991545086,0.8417087823018968,0.7628810273036447,0.010552168111346643,0.041463313859404,0.03320669034295924,0.01753683439363801
1147,0.5735499999999923,1.8737910709970605e-08,1641.6327199948562,0.44838104921991406,0.9421689809666037,0.8417590797877402,0.7629563725334422,0.010551501976180266,0.041463125150612797,0.0332062487641827,0.017536465419839848
1148,0.5740499999999923,1.8733137298670657e-08,1641.6125624125223,0.4485562720370991,0.9421873511006638,0.8418093453193983,0.7630316698961268,0.010550835685316645,0.04146293637559597,0.0332058070381669,0.017536096328727817
1149,0.5745499999999922,1.872837275169309e-08,1641.5924200761099,0.4487313835699061,0.9422057095678126,0.8418595789273118,0.7631069194372982,0.010550169240567833,0.04146274753484765,0.0332053651660759,0.01753572712128013
1150,0.5750499999999922,1.8723617044002663e-08,1641.572292973398,0.44890638392431714,0.9422240563791624,0.8419097806418837,0.7631821212025005,0.010549502642771312,0.04146255862858594,0.03320492314842793,0.017535357797935323
1151,0.5755499999999921,1.8718870158687906e-08,1641.552181086122,0.4490812732061792,0.942242391545809,0.8419599504934776,0.7632572752372174,0.010548835893481455,0.041462369657232254,0.033204480986216894,0.017534988359529345
1152,0.5760499999999921,1.871413207886064e-08,1641.532084396074,0.44925605152120535,0.9422607150788362,0.8420100885124195,0.7633323815868776,0.010548168994244234,0.04146218062120582,0.03320403868043147,0.01753461880689374
1153,0.576549999999992,1.8709402782263856e-08,1641.5120028891579,0.44943071897497416,0.9422790269893117,0.842060194728996,0.7634074402968494,0.010547501946115215,0.04146199152078705,0.0332035962317355,0.017534249140588567
1154,0.577049999999992,1.870468224936449e-08,1641.491936549298,0.44960527567293085,0.9422973272882913,0.842110269173456,0.7634824514124462,0.010546834750383528,0.041461802356322665,0.03320315364094796,0.017533879361303507
1155,0.5775499999999919,1.869997046604463e-08,1641.4718853564232,0.4497797217203864,0.9423156159868146,0.8421603118760094,0.7635574149789217,0.010546167408812078,0.04146161312829397,0.03320271090920252,0.017533509469991104
1156,0.5780499999999918,1.8695267407430688e-08,1641.4518492986153,0.44995405722251863,0.9423338930959093,0.8422103228668285,0.7636323310414741,0.010545499922192406,0.041461423836906916,0.03320226803698878,0.017533139467065733
1157,0.5785499999999918,1.8690573059453396e-08,1641.4318283559105,0.450128282284372,0.9423521586265873,0.8422603021760467,0.7637071996452427,0.010544832292271445,0.04146123448263864,0.0332018250254305,0.017532769353471575
1158,0.5790499999999917,1.8685887399985772e-08,1641.411822514468,0.4503023970108581,0.9423704125898482,0.84231024983376,0.7637820208353112,0.010544164520066238,0.04146104506575936,0.03320138187516752,0.01753239912974845
1159,0.5795499999999917,1.8681210409620972e-08,1641.3918317584732,0.45047640150675533,0.9423886549966759,0.8423601658700254,0.7638567946567046,0.010543496606826968,0.04146085558660563,0.03320093858699463,0.017532028796565628
1160,0.5800499999999916,1.8676542074360187e-08,1641.3718560681266,0.4506502958767099,0.9424068858580423,0.8424100503148627,0.7639315211543927,0.010542828554276506,0.041460666045648235,0.033200495162020754,0.017531658354854724
1161,0.5805499999999916,1.8671882374843345e-08,1641.351895427722,0.45082408022523507,0.9424251051849035,0.8424599031982529,0.7640062003732864,0.010542160363649106,0.04146047644321959,0.033200051601030865,0.0175312878052767
1162,0.5810499999999915,1.8667231286355765e-08,1641.3319498256355,0.45099775465671255,0.9424433129882039,0.84250972455014,0.7640808323582418,0.010541492035691654,0.041460286779513855,0.03319960790448665,0.01753091714822241
1163,0.5815499999999915,1.8662588797659725e-08,1641.3120192402105,0.4511713192753914,0.9424615092788715,0.8425595144004291,0.7641554171540563,0.010540823572343455,0.04146009705506383,0.03319916407364177,0.01753054638474427
1164,0.5820499999999914,1.8657954886780203e-08,1641.292103657908,0.45134477418538943,0.9424796940678233,0.8426092727789884,0.7642299548054727,0.010540154974576211,0.041459907270127806,0.03319872010910782,0.017530175515358272
1165,0.5825499999999914,1.8653329534457842e-08,1641.2722030632212,0.45151811949069237,0.9424978673659595,0.8426589997156478,0.7643044453571753,0.010539486243594227,0.041459717425030324,0.03319827601165113,0.017529804540709647
1166,0.5830499999999913,1.8648712726832836e-08,1641.2523174366725,0.4516913552951551,0.9425160291841697,0.8427086952402001,0.7643788888537937,0.010538817381073222,0.04145952752022982,0.033197831782351424,0.017529433461705372
1167,0.5835499999999912,1.8644104439318563e-08,1641.2324467668795,0.4518644817025008,0.9425341795333266,0.8427583593823994,0.7644532853398994,0.010538148387723418,0.041459337555910886,0.033197387421647545,0.017529062278717023
1168,0.5840499999999912,1.8639504658102332e-08,1641.2125910344664,0.4520374988163222,0.942552318424292,0.8428079921719634,0.7645276348600095,0.01053747926520534,0.041459147532528,0.03319694293060981,0.01752869099264362
1169,0.5845499999999911,1.863491336670567e-08,1641.1927502221224,0.45221040674008084,0.9425704458679116,0.8428575936385715,0.7646019374585831,0.010536810014932207,0.04145895745046568,0.03319649831014465,0.017528319604247264
1170,0.5850499999999911,1.86303305406183e-08,1641.1729243186091,0.4523832055771081,0.9425885618750195,0.8429071638118663,0.7646761931800247,0.010536140637592704,0.04145876730990275,0.03319605356067743,0.017527948113888168
1171,0.585549999999991,1.8625756168779678e-08,1641.1531133027006,0.45255589543060454,0.9426066664564342,0.8429567027214522,0.7647504020686814,0.010535471135063266,0.041458577111355595,0.03319560868342299,0.017527576522585946
1172,0.586049999999991,1.8621190226729438e-08,1641.1333171632534,0.45272847640364117,0.9426247596229625,0.8430062103968972,0.7648245641688459,0.010534801508018282,0.04145838685499928,0.03319516367879778,0.01752720483069329
1173,0.5865499999999909,1.861663270076754e-08,1641.1135358811516,0.4529009485991585,0.9426428413853956,0.8430556868677309,0.7648986795247535,0.010534131758080172,0.04145819654127838,0.03319471854784855,0.01752683303908932
1174,0.5870499999999909,1.861208357184915e-08,1641.0937694413383,0.4530733121199679,0.9426609117545129,0.8431051321634471,0.7649727481805854,0.010533461886386373,0.041458006170499814,0.03319427329130005,0.01752646114838418
1175,0.5875499999999908,1.8607542823635144e-08,1641.0740178268045,0.4532455670687505,0.9426789707410785,0.843154546313501,0.7650467701804653,0.010532791894305555,0.041457815743036405,0.03319382791003107,0.01752608915931662
1176,0.5880499999999907,1.8603010437127398e-08,1641.0542810225927,0.45341771354805893,0.9426970183558451,0.8432039293473119,0.7651207455684632,0.010532121782960629,0.04145762525919125,0.03319338240475735,0.017525717072489157
1177,0.5885499999999907,1.8598486393352024e-08,1641.03455901379,0.45358975166031595,0.9427150546095492,0.8432532812942611,0.7651946743885919,0.010531451553467484,0.04145743471926564,0.03319293677619028,0.01752534488850064
1178,0.5890499999999906,1.8593970676038665e-08,1641.014851783536,0.45376168150781593,0.9427330795129163,0.8433026021836938,0.7652685566848104,0.010530781207172962,0.041457244123626634,0.033192491025195045,0.017524972608078355
1179,0.5895499999999906,1.858946326893846e-08,1640.99515931502,0.45393350319272424,0.9427510930766565,0.8433518920449173,0.7653423925010208,0.010530110745416429,0.04145705347263937,0.03319204515263228,0.017524600231945707
1180,0.5900499999999905,1.8584964150467835e-08,1640.9754815954716,0.454105216817078,0.942769095311468,0.8434011509072034,0.7654161818810716,0.010529440169054462,0.04145686276653183,0.03319159915904178,0.017524227760558148
1181,0.5905499999999905,1.858047330710203e-08,1640.955818606181,0.45427682248278567,0.9427870862280339,0.8434503787997852,0.7654899248687546,0.010528769479649928,0.04145667200573302,0.033191153045433464,0.017523855194763672
1182,0.5910499999999904,1.8575990719981453e-08,1640.9361703324803,0.45444832029162807,0.9428050658370257,0.8434995757518611,0.765563621507808,0.010528098678282959,0.04145648119053478,0.033190706812496425,0.017523482535142326
1183,0.5915499999999904,1.8571516370270332e-08,1640.9165367597443,0.45461971034525755,0.9428230341490995,0.8435487417925911,0.7656372718419135,0.010527427766026849,0.041456290321227225,0.033190260460915534,0.0175231097822706
1184,0.5920499999999903,1.856705024450764e-08,1640.896917869415,0.45479099274519946,0.9428409911749001,0.8435978769510999,0.7657108759146999,0.010526756744422498,0.04145609939823358,0.033189813991687064,0.01752273693698497
1185,0.5925499999999903,1.856259232122635e-08,1640.8773136489544,0.45496216759285085,0.9428589369250568,0.8436469812564744,0.7657844337697388,0.010526085614291813,0.04145590842177271,0.03318936740532923,0.01752236399972268
1186,0.5930499999999902,1.8558142584334042e-08,1640.8577240818906,0.45513323498948227,0.9428768714101878,0.8436960547377663,0.7658579454505495,0.010525414376924362,0.04145571739219665,0.03318892070267171,0.01752199097118099
1187,0.5935499999999901,1.8553701017759296e-08,1640.8381491518005,0.4553041950362364,0.9428947946408957,0.8437450974239894,0.7659314110005946,0.010524743033602535,0.04145552630985561,0.0331884738845397,0.01752161785205345
1188,0.5940499999999901,1.8549267605451605e-08,1640.818588842311,0.45547504783412984,0.9429127066277718,0.8437941093441226,0.766004830463284,0.010524071585601534,0.041455335175097856,0.033188026951753984,0.017521244643029805
1189,0.59454999999999,1.854484232603679e-08,1640.7990431410644,0.45564579348405165,0.9429306073813924,0.8438430905271069,0.7660782038819713,0.010523400033716265,0.04145514398813513,0.03318757990481592,0.017520871344533083
1190,0.59504999999999,1.854042516885316e-08,1640.7795120278138,0.45581643208676503,0.9429484969123223,0.8438920410018486,0.7661515312999579,0.010522728379681368,0.04145495274944683,0.03318713274485272,0.017520497957508853
1191,0.5955499999999899,1.853601610989964e-08,1640.759995492275,0.4559869637429065,0.942966375231111,0.8439409607972163,0.7662248127604885,0.010522056624041721,0.04145476145917376,0.033186685472199856,0.017520124482241543
1192,0.5960499999999899,1.8531615135884973e-08,1640.7404935162792,0.45615738855298676,0.9429842423482971,0.8439898499420435,0.766298048306756,0.01052138476828151,0.04145457011772433,0.03318623808781844,0.017519750919537943
1193,0.5965499999999898,1.8527222230866257e-08,1640.7210060836896,0.45632770661739025,0.9430020982744037,0.8440387084651269,0.7663712379818969,0.010520712813641328,0.04145437872543777,0.03318579059250773,0.01751937727006968
1194,0.5970499999999898,1.8522837376252036e-08,1640.7015331803932,0.4564979180363761,0.9430199430199429,0.8440875363952277,0.7664443818289959,0.010520040761118813,0.04145418728258422,0.033185342986905494,0.017519003534373474
1195,0.5975499999999897,1.851846055614241e-08,1640.682074790346,0.4566680229100775,0.9430377765954112,0.8441363337610706,0.7665174798910815,0.010519368611941003,0.04145399578949936,0.033184895271802566,0.01751862971311384
1196,0.5980499999999896,1.8514091754657895e-08,1640.6626308975503,0.4568380213385028,0.9430555990112948,0.8441851005913448,0.7665905322111309,0.01051869636732801,0.04145380424651699,0.03318444744798549,0.017518255806951634
1197,0.5985499999999896,1.850973095327222e-08,1640.6432014880297,0.4570079134215347,0.943073410278064,0.8442338369147029,0.766663538832065,0.010518024028257453,0.04145361265390203,0.03318399951607955,0.01751788181641308
1198,0.5990499999999895,1.850537813614853e-08,1640.6237865458784,0.4571776992589315,0.9430912104061785,0.8442825427597627,0.766736499796753,0.010517351595936081,0.041453421011984785,0.03318355147686297,0.017517507742152015
1199,0.5995499999999895,1.8501033287470262e-08,1640.6043860552368,0.4573473789503262,0.9431089994060825,0.844331218155105,0.7668094151480087,0.01051667907156381,0.041453229321093805,0.03318310333110975,0.017517133584818732
1200,0.6000499999999894,1.8496696388775747e-08,1640.5850000022624,0.45751695259522784,0.9431267772882095,0.8443798631292763,0.7668822849285946,0.010516006456098516,0.041453037581488765,0.03318265507943284,0.017516759344929043
1201,0.6005499999999894,1.8492367424290667e-08,1640.5656283711864,0.45768642029302065,0.9431445440629779,0.8444284777107858,0.7669551091812172,0.010515333750726922,0.04145284579349473,0.033182206722598036,0.017516385023126302
1202,0.6010499999999893,1.848804637826083e-08,1640.5462711462853,0.4578557821429651,0.9431622997407949,0.8444770619281087,0.7670278879485324,0.010514660956629016,0.041452653957434984,0.03318175826136691,0.017516010620050315
1203,0.6015499999999893,1.848373323495208e-08,1640.5269283118832,0.45802503824419727,0.9431800443320528,0.8445256158096832,0.7671006212731399,0.01051398807497809,0.04145246207363108,0.03318130969649691,0.017515636136337394
1204,0.6020499999999892,1.847942797865025e-08,1640.507599852348,0.45819418869573,0.9431977778471331,0.8445741393839133,0.7671733091975892,0.010513315106940743,0.04145227014240279,0.033180861028741286,0.01751526157262033
1205,0.6025499999999891,1.847513058833667e-08,1640.4882857560247,0.458363233596452,0.9432155002964021,0.8446226326791665,0.7672459517643738,0.01051264205320766,0.041452078163934314,0.0331804122585363,0.017514886929267233
1206,0.6030499999999891,1.8470841053663907e-08,1640.4689860034402,0.45853217304512905,0.9432332116902153,0.8446710957237755,0.7673185490159369,0.010511968915401952,0.0414518861386759,0.033179963386940174,0.017514512207165392
1207,0.603549999999989,1.846655935631646e-08,1640.4497005810626,0.4587010071404035,0.9432509120389132,0.8447195285460374,0.7673911009946663,0.01051129569443598,0.04145169406687527,0.03317951441453753,0.017514137406806712
1208,0.604049999999989,1.8462285478001052e-08,1640.4304294754006,0.45886973598079495,0.9432686013528254,0.8447679311742142,0.7674636077428993,0.01051062239121603,0.04145150194877851,0.033179065341909175,0.01751376252867987
1209,0.6045499999999889,1.8458019405766083e-08,1640.4111726690842,0.45903835966469975,0.9432862796422667,0.8448163036365325,0.7675360693029181,0.010509949007110664,0.04145130978476375,0.033178616169944546,0.01751338757353114
1210,0.6050499999999889,1.8453761121358868e-08,1640.3919301487094,0.45920687829039225,0.9433039469175413,0.844864645961184,0.7676084857169544,0.01050927554301337,0.04145111757507371,0.03317816689921646,0.017513012541842468
1211,0.6055499999999888,1.8449510609207297e-08,1640.3727018989555,0.4593752919560237,0.9433216031889379,0.8449129581763247,0.7676808570271852,0.01050860200004558,0.04145092532001628,0.033177717530450096,0.017512637434222936
1212,0.6060499999999888,1.844526785375882e-08,1640.3534879045455,0.4595436007596239,0.9433392484667349,0.8449612403100765,0.7677531832757372,0.010507928379322276,0.04145073301989767,0.03317726806436659,0.017512262251278218
1213,0.6065499999999887,1.8441032842137633e-08,1640.3342881482936,0.45971180479909984,0.9433568827611959,0.8450094923905251,0.7678254645046821,0.010507254682185706,0.04145054067508914,0.03317681850183906,0.017511886993740816
1214,0.6070499999999887,1.8436805553514897e-08,1640.3151026189207,0.4598799041722373,0.9433745060825734,0.8450577144457225,0.7678977007560421,0.010506580909270574,0.04145034828576004,0.03317636884326873,0.0175115116619493
1215,0.6075499999999886,1.8432585975054232e-08,1640.295931299328,0.46004789897669984,0.9433921184411055,0.8451059065036846,0.7679698920717845,0.010505907061906508,0.04145015585227833,0.03317591908952086,0.017511136256629537
1216,0.6080499999999885,1.8428374088625224e-08,1640.276774176366,0.4602157893100301,0.9434097198470194,0.8451540685923935,0.7680420384938264,0.010505233140949685,0.04144996337487683,0.033175469241145,0.01751076077824383
1217,0.6085499999999885,1.8424169881428865e-08,1640.2576312330236,0.4603835752696489,0.9434273103105276,0.8452022007397956,0.768114140064031,0.010504559147716858,0.041449770853920126,0.0331750192989984,0.0175103852275113
1218,0.6090499999999884,1.8419973335374424e-08,1640.238502456237,0.46055125695285654,0.9434448898418318,0.8452503029738033,0.7681861968242115,0.010503885083051872,0.04144957828963783,0.03317456926362293,0.01751000960488776
1219,0.6095499999999884,1.8415784435046417e-08,1640.2193878310325,0.4607188344568318,0.9434624584511193,0.8452983753222939,0.7682582088161269,0.010503210948025761,0.04144938568232458,0.03317411913571236,0.01750963391095582
1220,0.6100499999999883,1.8411603167701485e-08,1640.2002873405318,0.46088630787863344,0.9434800161485666,0.8453464178131104,0.7683301760814866,0.010502536743936178,0.041449193032339904,0.0331736689161121,0.017509258146424563
1221,0.6105499999999883,1.8407429515308033e-08,1640.1812009717964,0.4610536773151989,0.9434975629443353,0.8453944304740605,0.768402098661946,0.010501862471608675,0.041449000339908615,0.0331732186053526,0.017508882311740203
1222,0.6110499999999882,1.8403263465159562e-08,1640.1621287080366,0.4612209428633461,0.9435150988485768,0.8454424133329185,0.7684739765991108,0.010501188132328311,0.04144880760538694,0.033172768204271424,0.017508506407605217
1223,0.6115499999999882,1.839910499661239e-08,1640.1430705383393,0.46138810461977203,0.9435326238714276,0.845490366417423,0.7685458099345333,0.010500513726676102,0.04144861482893004,0.033172317713236206,0.01750813043432986
1224,0.6120499999999881,1.839495409964908e-08,1640.1240264440567,0.46155516268105434,0.9435501380230139,0.8455382897552794,0.7686175987097159,0.010499839256157335,0.04144842201095735,0.03317186713323218,0.01750775439273979
1225,0.612549999999988,1.839081075366607e-08,1640.104996414354,0.46172211714365047,0.9435676413134471,0.8455861833741577,0.7686893429661077,0.010499164721341324,0.041448229151620976,0.033171416464619644,0.017507378283139072
1226,0.613049999999988,1.8386674948681176e-08,1640.0859804306738,0.46188896810389857,0.9435851337528283,0.8456340473016944,0.7687610427451086,0.01049849012372073,0.04144803625133703,0.033170965708376014,0.017507002106346755
1227,0.6135499999999879,1.8382546666779595e-08,1640.0669784803217,0.46205571565801706,0.9436026153512436,0.8456818815654911,0.7688326980880649,0.010497815464085266,0.041447843310320885,0.03317051486500936,0.017506625862790164
1228,0.6140499999999879,1.8378425892715853e-08,1640.0479905487052,0.4622223599021056,0.9436200861187692,0.8457296861931156,0.7689043090362736,0.010497140743450976,0.04144765032885266,0.0331700639351792,0.01750624955302298
1229,0.6145499999999878,1.8374312611263103e-08,1640.0290166212724,0.4623889009321442,0.9436375460654666,0.8457774612121012,0.7689758756309789,0.01049646596282794,0.04144745730721099,0.033169612919541354,0.017505873177595773
1230,0.6150499999999878,1.8370206809860153e-08,1640.0100566815772,0.4625553388439946,0.9436549952013866,0.8458252066499478,0.7690473979133756,0.010495791123451934,0.041447264245739156,0.03316916181890278,0.017505496737185176
1231,0.6155499999999877,1.8366108470669013e-08,1639.9911107170878,0.4627216737333994,0.9436724335365659,0.8458729225341203,0.7691188759246058,0.010495116226089283,0.041447071144646304,0.03316871063375691,0.017505120232206187
1232,0.6160499999999877,1.8362017578518412e-08,1639.972178713375,0.46288790569598304,0.9436898610810306,0.8459206088920505,0.7691903097057624,0.010494441271732305,0.041446878004206336,0.03316825936474848,0.017504743663199998
1233,0.6165499999999876,1.83579341182555e-08,1639.9532606560508,0.46305403482725144,0.9437072778447924,0.8459682657511355,0.7692616992978856,0.010493766261367445,0.04144668482469164,0.03316780801251857,0.017504367030704748
1234,0.6170499999999876,1.8353858077390536e-08,1639.9343565288377,0.4632200612225926,0.9437246838378526,0.8460158931387392,0.7693330447419667,0.010493091196206466,0.04144649160643918,0.033167356577859186,0.01750399033538446
1235,0.6175499999999875,1.834978944080559e-08,1639.915466317432,0.4633859849772763,0.9437420790701982,0.8460634910821909,0.7694043460789447,0.0104924160772238,0.04144629834971818,0.03316690506140395,0.01750361357777097
1236,0.6180499999999874,1.834572819075748e-08,1639.896590009498,0.46355180618645486,0.943759463551806,0.8461110596087872,0.7694756033497094,0.010491740905157155,0.04144610505473019,0.03316645346362837,0.017503236758264144
1237,0.6185499999999874,1.8341674314809508e-08,1639.8777275888815,0.4637175249451628,0.943776837292638,0.8461585987457897,0.7695468165950986,0.01049106568120057,0.04144591172180757,0.03316600178531345,0.017502859877518723
1238,0.6190499999999873,1.833762779789842e-08,1639.8588790413994,0.4638831413483174,0.9437942003026464,0.8462061085204275,0.7696179858559015,0.01049039040631118,0.041445718351214925,0.03316555002708199,0.017502482936057405
1239,0.6195499999999873,1.8333588624979096e-08,1639.8400443529076,0.4640486554907185,0.9438115525917687,0.846253588959895,0.7696891111728548,0.010489715081440393,0.04144552494321542,0.03316509818955323,0.017502105934399895
1240,0.6200499999999872,1.8329556781024474e-08,1639.821223509302,0.4642140674670493,0.9438288941699328,0.8463010400913541,0.7697601925866469,0.010489039707533947,0.04144533149807067,0.033164646273342854,0.01750172887306289
1241,0.6205499999999872,1.8325532251025517e-08,1639.8024164965163,0.4643793773718756,0.9438462250470514,0.846348461941932,0.7698312301379142,0.010488364285531909,0.04144513801604083,0.03316419427906302,0.017501351752560117
1242,0.6210499999999871,1.8321515022631213e-08,1639.7836232986049,0.46454458529964726,0.9438635452330277,0.8463958545387238,0.7699022238672448,0.010487688816598914,0.041444944497450474,0.03316374220747641,0.01750097457353086
1243,0.6215499999999871,1.8317505078227215e-08,1639.7648439035033,0.46470969134469675,0.9438808547377504,0.8464432179087897,0.7699731738151748,0.010487013301433333,0.04144475094249078,0.033163290059033956,0.017500597336354257
1244,0.622049999999987,1.8313502405497136e-08,1639.7460782953453,0.46487469560124106,0.943898153571098,0.8464905520791579,0.7700440800221924,0.010486337741188368,0.04144455735148334,0.03316283783449123,0.01750022004166358
1245,0.622549999999987,1.8309506989501802e-08,1639.7273264602245,0.4650395981633805,0.943915441742935,0.8465378570768223,0.7701149425287337,0.010485662136781327,0.041444363724682284,0.03316238553444617,0.017499842689960576
1246,0.6230499999999869,1.8305518815319796e-08,1639.7085883842738,0.4652043991250997,0.9439327192631154,0.846585132928744,0.7701857613751869,0.010484986489123976,0.04144417006234028,0.033161933159493284,0.017499465281744064
1247,0.6235499999999868,1.830153787068461e-08,1639.6898640517493,0.46536909858026726,0.9439499861414795,0.8466323796618508,0.770256536601889,0.0104843107993522,0.04144397636477438,0.03316148071037737,0.017499087817638245
1248,0.6240499999999868,1.8297564138071935e-08,1639.6711534507763,0.4655336966226366,0.9439672423878572,0.8466795973030375,0.7703272682491286,0.010483635068136906,0.04144378263216844,0.03316102818753214,0.01749871029800773
1249,0.6245499999999867,1.8293597605249406e-08,1639.6524565656905,0.4656981933458452,0.9439844880120644,0.8467267858791653,0.770397956357143,0.01048295929660278,0.04144358886483659,0.03316057559169542,0.017498332723470837
1250,0.6250499999999867,1.8289638257364526e-08,1639.6337733827797,0.46586258884341586,0.9440017230239066,0.8467739454170629,0.7704686009661224,0.010482283485639335,0.04144339506302559,0.03316012292344781,0.017497955094514652
1251,0.6255499999999866,1.8285686079582317e-08,1639.6151038883697,0.4660268832087557,0.9440189474331759,0.8468210759435255,0.7705392021162049,0.010481607636130662,0.04144320122698083,0.03315967018336651,0.017497577411623427
1252,0.6260499999999866,1.8281741059719596e-08,1639.5964480669159,0.4661910765351575,0.9440361612496537,0.846868177485316,0.7706097598474814,0.010480931749184493,0.041443007357011924,0.033159217372178786,0.017497199675406548
1253,0.6265499999999865,1.8277803180340878e-08,1639.5778059067297,0.4663551689157989,0.9440533644831078,0.8469152500691635,0.7706802741999919,0.0104802558254449,0.041442813453295646,0.033158764490301536,0.017496821886214466
1254,0.6270499999999865,1.827387242929667e-08,1639.5591773923431,0.4665191604437435,0.9440705571432958,0.8469622937217651,0.7707507452137285,0.010479579866008665,0.04144261951613873,0.03315831153845519,0.017496444044650807
1255,0.6275499999999864,1.826994879445256e-08,1639.5405625083297,0.46668305121193987,0.9440877392399614,0.8470093084697845,0.7708211729286331,0.01047890387196678,0.041442425545846415,0.033157858517356614,0.017496066151316176
1256,0.6280499999999863,1.8266032258425077e-08,1639.5219612431129,0.46684684131322307,0.9441049107828381,0.8470562943398532,0.7708915573845994,0.010478227843947356,0.04144223154259121,0.03315740542741268,0.01749568820655259
1257,0.6285499999999863,1.8262122811744712e-08,1639.5033735794382,0.4670105308403136,0.9441220717816456,0.8471032513585691,0.770961898621471,0.010477551783259023,0.041442037506741095,0.033156952269486645,0.017495310211082686
1258,0.6290499999999862,1.8258220434430994e-08,1639.4847995077057,0.4671741198858186,0.944139222246094,0.8471501795524987,0.7710321966790442,0.01047687569029094,0.04144184343840022,0.03315649904382566,0.017494932165115187
1259,0.6295499999999862,1.8254325117046497e-08,1639.4662390107399,0.46733760854223105,0.944156362185879,0.8471970789481745,0.7711024515970646,0.010476199566340782,0.041441649337933664,0.033156045751286146,0.01749455406936699
1260,0.6300499999999861,1.8250436842277064e-08,1639.4476920771076,0.46750099690193103,0.9441734916106864,0.8472439495720978,0.7711726634152308,0.01047552341201584,0.041441455205508404,0.03315559239226192,0.017494175924169082
1261,0.6305499999999861,1.8246555600715516e-08,1639.4291586897145,0.4676642850571847,0.9441906105301886,0.8472907914507362,0.771242832173191,0.010474847228602596,0.0414412610414866,0.033155138967602464,0.017493797730232487
1262,0.631049999999986,1.8242681375081218e-08,1639.410638837202,0.46782747310014566,0.9442077189540476,0.8473376046105258,0.7713129579105465,0.010474171016697877,0.04144106684603245,0.033154685477695026,0.017493419487882675
1263,0.631549999999986,1.8238814153368963e-08,1639.3921325044498,0.46799056112285403,0.944224816891912,0.8473843890778694,0.7713830406668485,0.01047349477734933,0.04144087261943979,0.03315423192322944,0.01749304119769745
1264,0.6320499999999859,1.823495392096067e-08,1639.373639678274,0.46815354921723756,0.9442419043534203,0.8474311448791385,0.771453080481601,0.010472818511371398,0.04144067836193554,0.03315377830473936,0.017492662860124318
1265,0.6325499999999858,1.8231100665882168e-08,1639.355160343632,0.468316437475111,0.944258981348197,0.8474778720406712,0.7715230773942584,0.010472142219800938,0.041440484073810686,0.0331533246229079,0.01749228447573541
1266,0.6330499999999858,1.822725437092099e-08,1639.3366944893064,0.46847922598817704,0.9442760478858574,0.8475245705887743,0.7715930314442283,0.010471465903214515,0.04144028975522407,0.033152870878109586,0.01749190604484547
1267,0.6335499999999857,1.8223415026761358e-08,1639.3182420984358,0.4686419148480257,0.9442931039760026,0.8475712405497217,0.7716629426708681,0.010470789562865911,0.04144009540652922,0.03315241707117355,0.01749152756814835
1268,0.6340499999999857,1.8219582618849136e-08,1639.2998031579846,0.46880450414613534,0.944310149628224,0.8476178819497555,0.7717328111134891,0.010470113199548664,0.041439901027947555,0.03315196320262039,0.017491149046080547
1269,0.6345499999999856,1.8215757130022096e-08,1639.2813776568398,0.4689669939738719,0.9443271848520993,0.8476644948150853,0.7718026368113526,0.010469436813824288,0.041439706619633955,0.0331515092728152,0.01749077047894885
1270,0.6350499999999856,1.821193855100959e-08,1639.2629655782557,0.4691293844224901,0.9443442096571967,0.8477110791718895,0.7718724198036738,0.010468760406930525,0.041439512181937685,0.03315105528257711,0.017490391867438664
1271,0.6355499999999855,1.82081268673058e-08,1639.244566909304,0.46929167558313245,0.9443612240530702,0.8477576350463133,0.7719421601296179,0.010468083979645644,0.041439317715076175,0.03315060123241717,0.01749001321197844
1272,0.6360499999999855,1.8204322064421487e-08,1639.2261816370906,0.46945386754683066,0.9443782280492646,0.8478041624644711,0.7720118578283041,0.010467407532742987,0.04143912321926546,0.033150147122843296,0.017489634512993995
1273,0.6365499999999854,1.8200524130506498e-08,1639.207809746871,0.4696159604045047,0.9443952216553109,0.8478506614524443,0.772081512938802,0.010466731067217556,0.04143892869478549,0.033149692954512484,0.017489255771035415
1274,0.6370499999999854,1.819673305110296e-08,1639.189451225823,0.46977795424696395,0.9444122048807302,0.8478971320362835,0.7721511255001355,0.01046605458383254,0.04143873414184963,0.0331492387279263,0.017488876986523162
1275,0.6375499999999853,1.8192948814390898e-08,1639.171106059277,0.4699398491649062,0.9444291777350304,0.8479435742420065,0.7722206955512787,0.010465378083572624,0.04143853956073509,0.033148784443735285,0.0174884981600019
1276,0.6380499999999852,1.818917140594362e-08,1639.1527742344817,0.4701016452489193,0.9444461402277095,0.8479899880956001,0.7722902231311601,0.010464701567190947,0.04143834495165257,0.03314833010243474,0.017488119291886775
1277,0.6385499999999852,1.8185400811350787e-08,1639.1344557387201,0.47026334258947977,0.9444630923682518,0.8480363736230189,0.7723597082786589,0.010464025035435849,0.04143815031481156,0.03314787570451692,0.017487740382590416
1278,0.6390499999999851,1.8181637018838208e-08,1639.1161505574305,0.47042494127695444,0.9444800341661325,0.8480827308501863,0.7724291510326085,0.010463348489276844,0.04143795565048519,0.03314742125062289,0.017487361432649468
1279,0.6395499999999851,1.8177880016645806e-08,1639.0978586760887,0.4705864414015993,0.9444969656308128,0.8481290598029932,0.7724985514317931,0.01046267192967821,0.04143776095894533,0.03314696674139043,0.01748698244259784
1280,0.640049999999985,1.8174129790408734e-08,1639.0795800820847,0.47074784305356066,0.9445138867717444,0.8481753605073002,0.7725679095149519,0.010461995357373256,0.04143756624039741,0.033146512177302426,0.017486603412840206
1281,0.640549999999985,1.817038632839661e-08,1639.0613147609672,0.47090914632287467,0.9445307975983658,0.8482216329889352,0.7726372253207744,0.010461318773316197,0.04143737149511062,0.03314605755899037,0.017486224343905187
1282,0.6410499999999849,1.8166649613657603e-08,1639.0430627020694,0.47107035129946806,0.9445476981201056,0.8482678772736953,0.7727064988879052,0.010460642178005039,0.04143717672322287,0.03314560288677946,0.017485845236065913
1283,0.6415499999999849,1.8162919637109605e-08,1639.0248238891354,0.47123145807315764,0.9445645883463794,0.8483140933873459,0.7727757302549397,0.010459965572609762,0.04143698192506569,0.033145148161446626,0.017485466089972212
1284,0.6420499999999848,1.815919638444902e-08,1639.0065983096938,0.47139246673365126,0.9445814682865926,0.8483602813556212,0.7728449194604285,0.010459288957844183,0.04143678710083934,0.03314469338346253,0.01748508690601846
1285,0.6425499999999847,1.8155479841388257e-08,1638.9883859513066,0.4715533773705469,0.9445983379501379,0.8484064412042237,0.7729140665428732,0.010458612334417479,0.04143659225074293,0.033144238553294895,0.01748470768459658
1286,0.6430499999999847,1.815176999888677e-08,1638.9701867978283,0.4717141900733343,0.9446151973463981,0.8484525729588253,0.7729831715407302,0.010457935703484291,0.04143639737510387,0.03314378367171112,0.01748432842634833
1287,0.6435499999999846,1.8148066840070627e-08,1638.9520008387606,0.47187490493139356,0.9446320464847427,0.8484986766450656,0.7730522344924075,0.010457259065518936,0.04143620247405384,0.033143328739021496,0.017483949131534306
1288,0.6440499999999846,1.8144370355927356e-08,1638.9338280580318,0.47203552203399646,0.9446488853745321,0.8485447522885543,0.7731212554362682,0.010456582421666064,0.04143600754791765,0.033142873755987186,0.017483569800791004
1289,0.6445499999999845,1.8140680529614203e-08,1638.9156684452082,0.472196041470306,0.9446657140251126,0.8485907999148689,0.7731902344106268,0.01045590577239072,0.0414358125968245,0.03314241872291265,0.017483190434374112
1290,0.6450499999999845,1.813699735214659e-08,1638.8975219842896,0.47235646332937714,0.9446825324458219,0.8486368195495564,0.7732591714537532,0.010455229118827647,0.041435617621096564,0.03314196364055288,0.017482811032914904
1291,0.6455499999999844,1.8133320806712786e-08,1638.879388664907,0.47251678770015604,0.944699340645984,0.8486828112181323,0.7733280666038688,0.010454552461432705,0.0414354226208606,0.03314150850920653,0.017482431596664197
1292,0.6460499999999844,1.8129650884355977e-08,1638.8612684711331,0.4726770146714813,0.9447161386349135,0.8487287749460817,0.7733969198991505,0.010453875801330814,0.04143522759643621,0.03314105332962245,0.017482052126248086
1293,0.6465499999999843,1.8125987573518933e-08,1638.8431613889402,0.47283714433208324,0.9447329264219119,0.8487747107588579,0.7734657313777269,0.010453199139417222,0.041435032548077,0.03314059810239533,0.017481672622164098
1294,0.6470499999999842,1.8122330857435363e-08,1638.8250674080573,0.47299717677058484,0.9447497040162711,0.8488206186818844,0.7735345010776823,0.010452522476134016,0.04143483747590598,0.033140142827815126,0.017481293084655722
1295,0.6475499999999842,1.8118680724578223e-08,1638.8069865145235,0.473157112075501,0.9447664714272701,0.8488664987405526,0.7736032290370527,0.010451845812367322,0.04143464238017434,0.03313968750647076,0.017480913514215643
1296,0.6480499999999841,1.8115037163433914e-08,1638.7889186944114,0.47331695033523963,0.9447832286641785,0.8489123509602243,0.7736719152938301,0.010451169148998391,0.041434447261131886,0.0331392321389481,0.017480533911333963
1297,0.6485499999999841,1.8111400162502216e-08,1638.7708639338316,0.4734766916381011,0.9447999757362524,0.8489581753662294,0.7737405598859581,0.010450492486903613,0.04143425211902725,0.033138776725829995,0.01748015427649824
1298,0.649049999999984,1.810776971029631e-08,1638.7528222189292,0.473636336072279,0.944816712652739,0.8490039719838681,0.7738091628513366,0.010449815826954523,0.04143405695410769,0.033138321267696245,0.017479774610193462
1299,0.649549999999984,1.810414579012535e-08,1638.734793539592,0.4737958837258595,0.9448334394228722,0.849049740838409,0.7738777242278174,0.010449139169570762,0.04143386176649029,0.0331378657648227,0.01747939491265122
1300,0.6500499999999839,1.8100528390532276e-08,1638.7167778820274,0.4739553346868226,0.9448501560558767,0.8490954819550909,0.7739462440532084,0.010448462515614938,0.04143366655641995,0.03313741021778353,0.01747901518435176
1301,0.6505499999999839,1.809691750268092e-08,1638.6987752306284,0.4741146890430411,0.9448668625609639,0.8491411953591211,0.7740147223652698,0.010447785866168216,0.04143347132420478,0.03313695462730033,0.017478635425898184
1302,0.6510499999999838,1.8093313112532032e-08,1638.680785573527,0.4742739468822819,0.9448835589473361,0.8491868810756777,0.774083159201718,0.010447109221860125,0.04143327607002268,0.033136498993790835,0.01747825563764027
1303,0.6515499999999838,1.8089715206061623e-08,1638.6628088988857,0.47443310829220514,0.9449002452241827,0.8492325391299067,0.7741515546002217,0.01044643258331591,0.041433080794050434,0.03313604331767008,0.017477875819925534
1304,0.6520499999999837,1.808612377186702e-08,1638.6448451930485,0.4745921733603653,0.9449169214006836,0.8492781695469251,0.774219908598406,0.010445755951379533,0.041432885496528,0.03313558759950058,0.01747749597322439
1305,0.6525499999999836,1.808253880116422e-08,1638.6268944405479,0.4747511421742104,0.9449335874860059,0.8493237723518183,0.7742882212338483,0.010445079327113126,0.04143269017775848,0.03313513183999205,0.017477116098129908
1306,0.6530499999999836,1.8078960277365107e-08,1638.608956631491,0.47491001482108314,0.9449502434893072,0.8493693475696426,0.774356492544083,0.010444402710905427,0.041432494837850664,0.03313467603940084,0.017476736194857262
1307,0.6535499999999835,1.8075388189107794e-08,1638.5910317523226,0.47506879138822006,0.9449668894197326,0.8494148952254226,0.7744247225665968,0.010443726103586709,0.04143229947704092,0.03313422019828088,0.017476356263869626
1308,0.6540499999999835,1.8071822525043415e-08,1638.5731197895202,0.4752274719627529,0.9449835252864178,0.8494604153441538,0.7744929113388328,0.010443049505982592,0.04143210409556435,0.0331337643171832,0.017475976305627732
1309,0.6545499999999834,1.806826327383606e-08,1638.5552207295966,0.47538605663170724,0.9450001510984853,0.8495059079508007,0.7745610588981875,0.01044237291891408,0.0414319086936549,0.03313330839665596,0.01747559632058988
1310,0.6550499999999834,1.8064710424162757e-08,1638.5373345590963,0.47554454548200437,0.945016766865049,0.8495513730702985,0.7746291652820135,0.010441696343197571,0.04143171327154521,0.03313285243724441,0.017475216309211936
1311,0.6555499999999833,1.8061163962111e-08,1638.5194612664397,0.4757029386004598,0.9450333725952094,0.8495968107275512,0.7746972305276169,0.010441019779422713,0.04143151782940262,0.03313239643934122,0.017474836271822558
1312,0.6560499999999833,1.805762387638512e-08,1638.5016008382368,0.4758612360737848,0.9450499682980582,0.8496422209474337,0.7747652546722602,0.010440343228397094,0.04143132236745743,0.033131940403486104,0.017474456208872936
1313,0.6565499999999832,1.8054090153100857e-08,1638.4837532629679,0.4760194379885854,0.9450665539826741,0.84968760375479,0.7748332377531593,0.010439666690701819,0.04143112688587469,0.03313148433006635,0.01747407612068719
1314,0.6570499999999831,1.8050562783590672e-08,1638.4659185254693,0.47617754443136373,0.945083129658127,0.849732959174435,0.7749011798074871,0.010438990167357587,0.0414309313849465,0.03313102821976574,0.017473696007836537
1315,0.6575499999999831,1.804704175659733e-08,1638.4480966124515,0.47633555548851686,0.9450996953334734,0.8497782872311528,0.7749690808723695,0.010438313659158418,0.041430735864899655,0.033130572073115545,0.017473315870765033
1316,0.658049999999983,1.804352705567645e-08,1638.430287514325,0.4764934712463383,0.9451162510177614,0.8498235879496985,0.7750369409848897,0.010437637166450629,0.04143054032583156,0.033130115890345285,0.017472935709665252
1317,0.658549999999983,1.804001867219869e-08,1638.4124912160257,0.4766512917910169,0.9451327967200258,0.8498688613547962,0.7751047601820843,0.010436960690241455,0.04143034476803083,0.033129659672130364,0.017472555525101335
1318,0.6590499999999829,1.8036516594946425e-08,1638.3947077043588,0.47680901720863816,0.9451493324492929,0.8499141074711416,0.7751725385009471,0.010436284231311847,0.0414301491917207,0.033129203418993794,0.017472175317510386
1319,0.6595499999999829,1.8033020810116254e-08,1638.376936967993,0.4769666475851833,0.9451658582145755,0.8499593263233993,0.7752402759784255,0.010435607790217061,0.041429953597059345,0.0331287471313066,0.017471795087202827
1320,0.6600499999999828,1.8029531309115194e-08,1638.3591789919656,0.4771241830065306,0.9451823740248784,0.8500045179362052,0.7753079726514239,0.010434931367950692,0.041429757984331704,0.03312829080973564,0.017471414834735584
1321,0.6605499999999828,1.80260480755686e-08,1638.341433766836,0.4772816235584541,0.9451988798891927,0.8500496823341648,0.775375628556801,0.010434254964838382,0.041429562353629705,0.033127834454497386,0.01747103456029025
1322,0.6610499999999827,1.8022571103505988e-08,1638.3237012758784,0.47743896932662533,0.9452153758165012,0.8500948195418545,0.7754432437313725,0.010433578582085988,0.041429366705299925,0.03312737806640236,0.017470654264543393
1323,0.6615499999999827,1.8019100376579757e-08,1638.305981509712,0.47759622039661215,0.9452318618157738,0.8501399295838207,0.7755108182119081,0.010432902220010875,0.04142917103943207,0.0331269216456618,0.017470273947672213
1324,0.6620499999999826,1.8015635883650556e-08,1638.2882744553299,0.4777533768538798,0.9452483378959714,0.8501850124845808,0.7755783520351351,0.010432225879368356,0.04142897535624259,0.033126465192782624,0.017469893610100234
1325,0.6625499999999825,1.8012177616186892e-08,1638.270580097933,0.47791043878379047,0.9452648040660424,0.8502300682686219,0.7756458452377347,0.010431549561130012,0.04142877965601065,0.033126008708417934,0.017469513252372785
1326,0.6630499999999825,1.8008725560477844e-08,1638.252898426403,0.47806740627160393,0.9452812603349263,0.8502750969604026,0.775713297856346,0.010430873265821724,0.04142858393888652,0.03312555219292021,0.017469132874784674
1327,0.6635499999999824,1.800527970542125e-08,1638.2352294278285,0.4782242794024771,0.9452977067115499,0.8503200985843511,0.7757807099275621,0.010430196994185903,0.041428388205083266,0.033125095646788304,0.01746875247775263
1328,0.6640499999999824,1.800184003992729e-08,1638.2175730893298,0.47838105826146504,0.9453141432048312,0.8503650731648673,0.7758480814879338,0.010429520746960689,0.041428192454812766,0.033124639070518325,0.017468372061691096
1329,0.6645499999999823,1.7998406552918432e-08,1638.1999293980575,0.47853774293352,0.9453305698236754,0.8504100207263208,0.7759154125739665,0.010428844524879972,0.041427996688285826,0.03312418246460379,0.017467991627012302
1330,0.6650499999999823,1.7994979233329406e-08,1638.1822983411942,0.4786943335034929,0.9453469865769792,0.8504549412930528,0.7759827032221231,0.01042816832867341,0.04142780090571208,0.03312372582953548,0.0174676111741262
1331,0.6655499999999822,1.7991558067514744e-08,1638.1646799077714,0.478850830056132,0.9453633934736266,0.8504998348893742,0.7760499534688216,0.010427492158846547,0.04142760510723641,0.03312326916565309,0.01746723070331681
1332,0.6660499999999822,1.798814304443511e-08,1638.1470740850302,0.4790072326760846,0.9453797905224929,0.8505447015395681,0.7761171633504373,0.01042681601612097,0.04142740929306627,0.03312281247344233,0.017466850214989806
1333,0.6665499999999821,1.7984734155654755e-08,1638.129480858428,0.47916354144789575,0.9453961777324406,0.8505895412678871,0.7761843329033007,0.010426139901433769,0.04142721346347173,0.033122355753534706,0.017466469709672295
1334,0.667049999999982,1.798133138756618e-08,1638.1119002170863,0.47931975645600955,0.9454125551123237,0.8506343540985558,0.7762514621637001,0.010425463815278289,0.04142701761859435,0.03312189900626218,0.0174660891876418
1335,0.667549999999982,1.7977934731756894e-08,1638.0943321465265,0.4794758777847684,0.9454289226709837,0.8506791400557687,0.7763185511678785,0.010424787758583088,0.04142682175870192,0.033121442232250935,0.017465708649420937
1336,0.6680499999999819,1.7974544172054597e-08,1638.0767766377394,0.4796319055184141,0.9454452804172533,0.8507238991636926,0.7763855999520375,0.010424111731614125,0.04142662588387032,0.033120985431679635,0.017465328095159462
1337,0.6685499999999819,1.7971159702660883e-08,1638.059233674497,0.4797878397410869,0.9454616283599525,0.8507686314464639,0.7764526085523333,0.010423435735511076,0.04142642999442869,0.03312052860531751,0.01746494752549911
1338,0.6690499999999818,1.796778130742945e-08,1638.0417032478463,0.4799436805368267,0.9454779665078933,0.8508133369281912,0.7765195770048807,0.010422759770532137,0.041426234090450834,0.0331200717533383,0.017464566940585517
1339,0.6695499999999818,1.7964408977995387e-08,1638.0241853434325,0.48009942798957234,0.9454942948698745,0.8508580156329533,0.7765865053457492,0.010422083837589368,0.04142603817220015,0.03311961487635784,0.017464186340932553
1340,0.6700499999999817,1.7961042706003802e-08,1638.006679946935,0.48025508218316254,0.9455106134546866,0.8509026675848013,0.7766533936109674,0.0104214079375903,0.0414258422399388,0.0331191579749891,0.017463805727051713
1341,0.6705499999999817,1.7957682475347147e-08,1637.9891870494853,0.48041064320133514,0.9455269222711076,0.8509472928077563,0.7767202418365183,0.010420732070781659,0.04142564629373755,0.03311870104939858,0.017463425099082514
1342,0.6710499999999816,1.795432827510773e-08,1637.9717066386265,0.4805661111277284,0.9455432213279071,0.8509918913258115,0.7767870500583443,0.010420056237844358,0.04142545033379304,0.03311824410004642,0.017463044457409066
1343,0.6715499999999816,1.795098009955286e-08,1637.9542386983246,0.4807214860458798,0.9455595106338421,0.8510364631629309,0.7768538183123422,0.010419380439892436,0.041425254360427655,0.03311778712768583,0.0174626638026596
1344,0.6720499999999815,1.7947637932613457e-08,1637.9367832197934,0.4808767680392276,0.9455757901976611,0.8510810083430503,0.7769205466343686,0.010418704677161258,0.04142505837370905,0.03311733013247608,0.017462283134967553
1345,0.6725499999999814,1.794430176599289e-08,1637.9193401888645,0.4810319571911096,0.9455920600281,0.8511255268900764,0.7769872350602348,0.010418028950538118,0.041424862373894075,0.03311687311501747,0.01746190245483371
1346,0.6730499999999814,1.7940971588819227e-08,1637.9019095932028,0.4811870535847646,0.9456083201338867,0.8511700188278876,0.7770538836257112,0.010417353260687677,0.04142466636117505,0.03311641607575993,0.01746152176263359
1347,0.6735499999999813,1.7937647387647634e-08,1637.884491422302,0.4813420573033314,0.9456245705237363,0.8512144841803335,0.7771204923665237,0.010416677608052562,0.04142447033568001,0.03311595901500337,0.017461141058617725
1348,0.6740499999999813,1.7934329154215205e-08,1637.867085662085,0.48149696842984996,0.9456408112063553,0.8512589229712358,0.7771870613183572,0.010416001993507904,0.041424274297662544,0.03311550193334044,0.017460760343280455
1349,0.6745499999999812,1.7931016877685103e-08,1637.8496923003045,0.4816517870472606,0.9456570421904386,0.851303335224387,0.7772535905168526,0.010415326417706611,0.04142407824731187,0.033115044831213684,0.01746037961699107
1350,0.6750499999999812,1.792771054464891e-08,1637.8323113265385,0.481806513238405,0.9456732634846716,0.8513477209635517,0.7773200799976097,0.01041465088107992,0.04142388218475295,0.0331145877089158,0.017459998879994023
1351,0.6755499999999811,1.7924410149459927e-08,1637.8149427250064,0.4819611470860256,0.9456894750977284,0.8513920802124658,0.7773865297961837,0.01041397538470863,0.04142368611029939,0.03311413056717923,0.017459618132900014
1352,0.676049999999981,1.792111567615018e-08,1637.7975864871376,0.4821156886727665,0.945705677038274,0.8514364129948374,0.7774529399480898,0.010413299928798591,0.04142349002401089,0.0331136734061445,0.017459237375826706
1353,0.676549999999981,1.7917827116512383e-08,1637.7802425990055,0.4822701380811727,0.9457218693149615,0.8514807193343455,0.7775193104887987,0.010412624514205025,0.041423293926135786,0.03311321622639177,0.017458856609257924
1354,0.677049999999981,1.791454445718625e-08,1637.7629110502985,0.4824244953936914,0.9457380519364356,0.851524999254642,0.7775856414537408,0.01041194914134422,0.04142309781679499,0.033112759028204264,0.017458475833430145
1355,0.6775499999999809,1.79112676925674e-08,1637.74559182536,0.4825787606926709,0.9457542249113283,0.8515692527793491,0.777651932878302,0.010411273811280762,0.041422901696297844,0.0331123018123043,0.017458095048945525
1356,0.6780499999999808,1.790799680673763e-08,1637.728284915724,0.48273293406036183,0.9457703882482639,0.8516134799320624,0.7777181847978284,0.010410598524206132,0.04142270556470017,0.033111844578823234,0.017457714255914025
1357,0.6785499999999808,1.7904731794113532e-08,1637.7109903057958,0.48288701557891633,0.945786541955854,0.8516576807363481,0.7777843972476218,0.010409923281176897,0.04142250942230917,0.03311138732847836,0.017457333454933558
1358,0.6790499999999807,1.7901472641381038e-08,1637.6937079853758,0.48304100533038924,0.9458026860427022,0.8517018552157454,0.7778505702629439,0.010409248082594334,0.04142231326924175,0.03311093006154342,0.017456952646232624
1359,0.6795499999999807,1.7898219337818292e-08,1637.6764379425026,0.4831949033967372,0.9458188205173997,0.8517460033937644,0.7779167038790126,0.01040857292907319,0.041422117105676975,0.033110472778436886,0.017456571830160233
1360,0.6800499999999806,1.7894971872714764e-08,1637.6591801652437,0.48334870985981965,0.9458349453885296,0.8517901252938884,0.7779827981310056,0.010407897821224484,0.04142192093179284,0.03311001547957485,0.017456191007063387
1361,0.6805499999999806,1.789173023794924e-08,1637.6419346399111,0.4835024248013983,0.9458510606646626,0.8518342209395716,0.778048853054057,0.010407222759872072,0.04142172474782935,0.0331095581655178,0.017455810177409315
1362,0.6810499999999805,1.7888494420254818e-08,1637.6247013564125,0.4836560483031379,0.9458671663543614,0.8518782903542412,0.778114868683261,0.010406547745402802,0.041421528553899536,0.03310910083653031,0.017455429341418804
1363,0.6815499999999804,1.7885264408954792e-08,1637.6074803028982,0.4838095804466057,0.9458832624661763,0.8519223335612959,0.778180845053668,0.010405872778416604,0.0414213323501785,0.03310864349302151,0.017455048499432982
1364,0.6820499999999804,1.7882040195960275e-08,1637.5902714657661,0.48396302131327246,0.9458993490086497,0.851966350584107,0.7782467822002889,0.01040519785972596,0.041421136136903146,0.03310818613554469,0.01745466765191302
1365,0.6825499999999803,1.7878821770615577e-08,1637.5730748332262,0.4841163709845115,0.9459154259903115,0.8520103414460176,0.7783126801580906,0.01040452298992316,0.04142093991424654,0.03310772876450416,0.017454286799195997
1366,0.6830499999999803,1.787560912227615e-08,1637.5558903935132,0.4842696295416,0.945931493419684,0.8520543061703438,0.778378538962001,0.010403848169596861,0.04142074368238071,0.0331072713803019,0.017453905941617033
1367,0.6835499999999802,1.7872402242883818e-08,1637.5387181331155,0.4844227970657181,0.9459475513052767,0.852098244780373,0.7784443586469041,0.010403173399547981,0.041420547441539564,0.033106813983483994,0.017453525079631205
1368,0.6840499999999802,1.786920111666535e-08,1637.5215580438767,0.48457587363795007,0.9459635996555917,0.8521421572993659,0.7785101392476446,0.010402498679926079,0.04142035119176759,0.0331063565741551,0.01745314421332602
1369,0.6845499999999801,1.7866005735585194e-08,1637.5044101123372,0.48472885933928334,0.9459796384791183,0.8521860437505547,0.7785758807990237,0.010401824011524995,0.04142015493329679,0.033105899152856805,0.017452763343152777
1370,0.6850499999999801,1.7862816091616996e-08,1637.4872743250683,0.48488175425060964,0.9459956677843383,0.852229904157145,0.7786415833358036,0.010401149395134559,0.04141995866635806,0.03310544172012816,0.017452382469560632
1371,0.68554999999998,1.785963217417019e-08,1637.470150670446,0.4850345584527244,0.946011687579721,0.8522737385423138,0.7787072468927029,0.010400474831325156,0.041419762391118595,0.033104984276359634,0.01745200159287502
1372,0.68604999999998,1.785645397266521e-08,1637.4530391368703,0.48518727202632767,0.9460276978737281,0.8523175469292116,0.7787728715044012,0.010399800320663637,0.041419566107744596,0.033104526821939456,0.017451620713419463
1373,0.6865499999999799,1.7853281473960976e-08,1637.4359397145397,0.48533989505202313,0.9460436986748088,0.8523613293409605,0.7788384572055351,0.010399125863498103,0.04141936981633874,0.03310406935710764,0.017451239831394072
1374,0.6870499999999798,1.78501146726452e-08,1637.4188523883688,0.48549242761031963,0.9460596899914047,0.8524050858006562,0.7789040040307019,0.010398451460818907,0.04141917351719062,0.03310361188253997,0.017450858947361758
1375,0.6875499999999798,1.784695355302662e-08,1637.4017771503773,0.4856448697816299,0.946075671831945,0.8524488163313662,0.7789695120144561,0.01039777711275204,0.04141897721033842,0.033103154398326104,0.017450478061397413
1376,0.6880499999999797,1.7843798112284e-08,1637.3847139837699,0.4857972216462721,0.9460916442048513,0.8524925209561312,0.7790349811913129,0.010397102820495335,0.04141878089613235,0.03310269690528296,0.017450097174181407
1377,0.6885499999999797,1.7840648334748256e-08,1637.367662880618,0.48594948328446863,0.9461076071185329,0.8525361996979639,0.7791004115957451,0.010396428584167929,0.04141858457460873,0.03310223940349586,0.01744971628578496
1378,0.6890499999999796,1.7837504212475338e-08,1637.3506238277175,0.4861016547763474,0.9461235605813914,0.8525798525798508,0.7791658032621862,0.010395754404530411,0.04141838824599066,0.03310178189348543,0.017449335396641716
1379,0.6895499999999796,1.7834365734960443e-08,1637.3335968136569,0.486253736201941,0.9461395046018163,0.8526234796247503,0.7792311562250276,0.010395080282124929,0.04141819191043776,0.03310132437562427,0.017448954507062055
1380,0.6900499999999795,1.78312328942788e-08,1637.3165818252912,0.48640572764118783,0.9461554391881892,0.8526670808555943,0.7792964705186212,0.01039440621770466,0.04141799556817117,0.03310086685042837,0.017448573617475698
1381,0.6905499999999795,1.782810567737692e-08,1637.2995788530247,0.4865576291739312,0.9461713643488798,0.8527106562952866,0.7793617461772768,0.010393732211590245,0.04141779921928616,0.03310040931812032,0.01744819272806809
1382,0.6910499999999794,1.782498407378218e-08,1637.2825878855244,0.48670944087992046,0.9461872800922498,0.8527542059667054,0.7794269832352655,0.01039305826431361,0.041417602863939564,0.03309995177906621,0.01744781183914413
1383,0.6915499999999793,1.7821868078168538e-08,1637.2656089079665,0.4868611628388102,0.9462031864266494,0.8527977298927001,0.7794921817268158,0.010392384376831544,0.041417406502412143,0.033099494233920806,0.017447430951249
1384,0.6920499999999793,1.7818757677514534e-08,1637.2486419108332,0.4870127951301613,0.9462190833604203,0.8528412280960948,0.7795573416861178,0.010391710549454562,0.04141721013479639,0.033099036682900214,0.0174470500645627
1385,0.6925499999999792,1.7815652863945218e-08,1637.231686881115,0.48716433783344026,0.9462349709018928,0.852884700599685,0.7796224631473193,0.010391036782918065,0.04141701376130876,0.03309857912650925,0.017446669179505533
1386,0.6930499999999792,1.7812553624461265e-08,1637.2147438093423,0.4873157910280201,0.9462508490593894,0.8529281474262408,0.7796875461445295,0.010390363077526098,0.04141681738203997,0.03309812156495991,0.01744628829625404
1387,0.6935499999999791,1.7809459951207996e-08,1637.1978126825597,0.4874671547931796,0.9462667178412203,0.8529715685985042,0.7797525907118156,0.010389689434007192,0.04141662099720464,0.03309766399875265,0.017445907415224855
1388,0.6940499999999791,1.7806371833773798e-08,1637.180893489593,0.48761842920810444,0.9462825772556885,0.8530149641391913,0.7798175968832063,0.01038901585287256,0.04141642460695403,0.033097206428240454,0.017445526536711845
1389,0.694549999999979,1.7803289264322822e-08,1637.1639862175414,0.4877696143518865,0.9462984273110847,0.8530583340709904,0.7798825646926885,0.010388342334843585,0.04141622821150086,0.033096748853919285,0.017445145661127856
1390,0.695049999999979,1.780021223246315e-08,1637.1470908552851,0.4879207103035246,0.9463142680156922,0.8531016784165641,0.7799474941742105,0.01038766888042458,0.04141603181099454,0.033096291276137786,0.017444764788763088
1391,0.6955499999999789,1.779714072781329e-08,1637.1302073917282,0.48807171714192393,0.9463300993777822,0.8531449971985473,0.7800123853616792,0.010386995490116593,0.04141583540558369,0.033095833695242535,0.017444383919906013
1392,0.6960499999999789,1.7794074740002235e-08,1637.1133358158,0.48822263494589735,0.9463459214056185,0.8531882904395489,0.7800772382889629,0.010386322164417419,0.04141563899541598,0.03309537611157803,0.017444003054843334
1393,0.6965499999999788,1.7791014261232844e-08,1637.096476114707,0.4883734637941641,0.9463617341074526,0.8532315581621507,0.7801420529898884,0.010385648904034652,0.04141544258070044,0.03309491852563151,0.017443622193980574
1394,0.6970499999999787,1.7787959278590523e-08,1637.0796282791775,0.48852420376535116,0.9463775374915289,0.8532748003889083,0.7802068294982443,0.010384975709246378,0.041415246161520786,0.03309446093759846,0.017443241337480354
1395,0.6975499999999787,1.7784909786860608e-08,1637.0627922947247,0.48867485493799245,0.9463933315660797,0.8533180171423503,0.7802715678477777,0.010384302580966363,0.04141504973814634,0.033094003348106575,0.017442860485865064
1396,0.6980499999999786,1.778186577571092e-08,1637.0459681503826,0.4888254173905298,0.9464091163393299,0.8533612084449792,0.7803362680721978,0.010383629519678878,0.041414853310721166,0.0330935457574918,0.017442479639414206
1397,0.6985499999999786,1.7778827232257868e-08,1637.0291558369524,0.4889758912013123,0.9464248918194923,0.8534043743192704,0.7804009302051721,0.010382956525652432,0.04141465687932646,0.033093088165943536,0.017442098798285302
1398,0.6990499999999785,1.7775794151313758e-08,1637.0123553400308,0.4891262764485972,0.9464406580147724,0.8534475147876737,0.7804655542803305,0.010382283599790251,0.0414144604442287,0.033092630574082835,0.017441717962995124
1399,0.6995499999999785,1.7772766520015097e-08,1636.9955666504677,0.48927657321054924,0.946456414933364,0.8534906298726114,0.7805301403312612,0.010381610742354422,0.04141426400550735,0.033092172982095006,0.017441337133697755
1400,0.7000499999999784,1.776974433063122e-08,1636.9787897556553,0.4894267815652416,0.9464721625834529,0.8535337195964806,0.7805946883915152,0.010380937954028847,0.04141406756336503,0.03309171539045231,0.017440956310786085
1401,0.7005499999999784,1.7766727572879916e-08,1636.9620246447514,0.4895769015906553,0.9464879009732138,0.853576783981651,0.7806591984946017,0.010380265235281719,0.04141387111794151,0.03309125779948048,0.017440575494531034
1402,0.7010499999999783,1.776371623648916e-08,1636.9452713069381,0.48972693336468004,0.9465036301108134,0.853619823050467,0.7807236706739928,0.010379592586578104,0.041413674669375664,0.033090800209503245,0.017440194685201835
1403,0.7015499999999782,1.7760710316315318e-08,1636.9285297279498,0.4898768769651135,0.9465193500044069,0.8536628368252457,0.7807881049631189,0.010378920008803874,0.041413478217929414,0.03309034262113078,0.017439813883306086
1404,0.7020499999999782,1.7757709799545374e-08,1636.9117998987567,0.49002673246966244,0.9465350606621422,0.8537058253282788,0.7808525013953734,0.010378247502205423,0.04141328176367792,0.03308988503453838,0.017439433088989435
1405,0.7025499999999781,1.775471467593638e-08,1636.8950818086164,0.49017649995594187,0.946550762092155,0.8537487885818312,0.7809168600041085,0.010377575067238246,0.04141308530675755,0.03308942745004368,0.01743905230251601
1406,0.7030499999999781,1.7751724937813303e-08,1636.8783754450749,0.4903261795014761,0.9465664543025742,0.8537917266081424,0.780981180822639,0.01037690270456639,0.041412888847365596,0.03308896986810642,0.017438671524268128
1407,0.703549999999978,1.7748740577509418e-08,1636.8616807957085,0.490475771183698,0.9465821373015166,0.8538346394294248,0.7810454638842388,0.010376230414850432,0.041412692385698495,0.03308851228918413,0.017438290754626287
1408,0.704049999999978,1.774576158225241e-08,1636.8449978515807,0.49062527507995,0.9465978110970916,0.8538775270678659,0.7811097092221445,0.010375558198324664,0.04141249592182813,0.03308805471344436,0.017437909993729628
1409,0.7045499999999779,1.7742787946951237e-08,1636.8283265985856,0.49077469126748335,0.9466134756973973,0.8539203895456259,0.7811739168695521,0.010374886055854689,0.04141229945601101,0.03308759714148451,0.017437529242074985
1410,0.7050499999999779,1.773981965885315e-08,1636.8116670278355,0.490924019823459,0.946629131110524,0.8539632268848403,0.7812380868596202,0.010374213987668664,0.04141210298831737,0.033087139573468205,0.017437148499798216
1411,0.7055499999999778,1.7736856710328377e-08,1636.7950191270054,0.4910732608249472,0.9466447773445508,0.8540060391076173,0.7813022192254668,0.010373541994414356,0.04141190651894021,0.03308668200984489,0.01743676776727298
1412,0.7060499999999778,1.7733899091200126e-08,1636.7783828855245,0.49122241434892805,0.946660414407549,0.8540488262360405,0.7813663140001731,0.010372870076525136,0.04141171004800986,0.03308622445091814,0.01743638704475156
1413,0.7065499999999777,1.7730946793856336e-08,1636.7617582911198,0.49137148047229123,0.9466760423075788,0.8540915882921665,0.7814303712167794,0.010372198234642284,0.041411513575717575,0.03308576689713331,0.017436006332604167
1414,0.7070499999999776,1.7727999808138718e-08,1636.74514533327,0.49152045927183663,0.9466916610526926,0.8541343252980269,0.7814943909082893,0.010371526469192927,0.04141131710219204,0.033085309348790004,0.017435625631079744
1415,0.7075499999999776,1.772505812645279e-08,1636.728543999753,0.4916693508242737,0.9467072706509319,0.8541770372756269,0.7815583731076658,0.010370854780811902,0.041411120627622776,0.03308485180632949,0.01743524494054507
1416,0.7080499999999775,1.7722121736105155e-08,1636.711954281817,0.4918181552062227,0.9467228711103299,0.8542197242469464,0.7816223178478354,0.010370183169709602,0.04141092415207519,0.033084394269904005,0.017434864261126438
1417,0.7085499999999775,1.771919063207324e-08,1636.6953761655675,0.4919668724942135,0.9467384624389094,0.8542623862339391,0.7816862251616838,0.01036951163672524,0.041410727675798745,0.033083936740094355,0.01743448359330666
1418,0.7090499999999774,1.771626480423548e-08,1636.6788096405792,0.4921155027646872,0.946754044644685,0.8543050232585335,0.7817500950820604,0.010368840182273601,0.041410531198918785,0.033083479217192305,0.0174341029373281
1419,0.7095499999999774,1.7713344242480077e-08,1636.66225469645,0.4922640460939946,0.9467696177356606,0.854347635342632,0.781813927641774,0.010368168806766595,0.04141033472155991,0.0330830217014878,0.017433722293431556
1420,0.7100499999999773,1.7710428939256818e-08,1636.6457113210818,0.492412502558398,0.9467851817198322,0.8543902225081119,0.7818777228735974,0.010367497510823352,0.04141013824390739,0.03308256419341214,0.01743334166197541
1421,0.7105499999999773,1.7707518881920624e-08,1636.6291795058369,0.49256087223406997,0.9468007366051846,0.8544327847768242,0.7819414808102627,0.010366826294639699,0.04140994176602272,0.033082106693108265,0.01743296104307813
1422,0.7110499999999772,1.7704614068041877e-08,1636.6126592352337,0.49270915519709446,0.9468162823996955,0.8544753221705951,0.7820052014844658,0.010366155159248637,0.04140974528821248,0.03308164920128985,0.017432580437332996
1423,0.7115499999999771,1.7701714484993172e-08,1636.5961505006824,0.49285735152346605,0.946831819111331,0.8545178347112247,0.7820688849288626,0.010365484104839872,0.04140954881053648,0.033081191718095954,0.01743219984485521
1424,0.7120499999999771,1.7698820122708608e-08,1636.5796532918982,0.4930054612890911,0.94684734674805,0.8545603224204882,0.7821325311760726,0.010364813131810386,0.041409352333115275,0.033080734243806996,0.017431819265877554
1425,0.712549999999977,1.7695930973681644e-08,1636.563167596905,0.49315348456978675,0.9468628653178002,0.8546027853201347,0.7821961402586756,0.010364142240763931,0.041409155856130024,0.03308027677884452,0.017431438700750215
1426,0.713049999999977,1.7693047030413678e-08,1636.5466934037545,0.49330142144128214,0.9468783748285217,0.8546452234318886,0.7822597122092146,0.010363471432301022,0.041408959379761016,0.03307981932362803,0.017431058149821644
1427,0.7135499999999769,1.769016828286506e-08,1636.530230702233,0.49344927197921756,0.9468938752881437,0.8546876367774483,0.7823232470601936,0.010362800706809595,0.04140876290412639,0.03307936187843221,0.017430677613319803
1428,0.7140499999999769,1.7687294721005694e-08,1636.5137794821496,0.4935970362591455,0.946909366704588,0.8547300253784876,0.7823867448440799,0.010362130064674804,0.041408566429343444,0.033078904443529934,0.017430297091471147
1429,0.7145499999999768,1.7684426337363093e-08,1636.4973397316257,0.49374471435652983,0.9469248490857651,0.8547723892566542,0.7824502055933014,0.010361459506488183,0.0414083699555901,0.033078447019335,0.017429916584619343
1430,0.7150499999999768,1.7681563124472622e-08,1636.4809114388102,0.4938923063467469,0.9469403224395785,0.8548147284335714,0.7825136293402496,0.010360789032838089,0.04140817348304337,0.03307798960625921,0.01742953609310633
1431,0.7155499999999767,1.767870507233017e-08,1636.464494593583,0.49403981230508476,0.9469557867739201,0.8548570429308365,0.7825770161172771,0.010360118644100769,0.04140797701181821,0.03307753220456977,0.017429155617153816
1432,0.7160499999999766,1.767585217094109e-08,1636.448089185843,0.4941872323067441,0.9469712420966749,0.8548993327700223,0.7826403659567001,0.010359448340649734,0.0414077805420288,0.03307707481453217,0.017428775156982008
1433,0.7165499999999766,1.7673004412866596e-08,1636.4316952038102,0.4943345664268376,0.9469866884157168,0.8549415979726758,0.7827036788907953,0.010358778123064509,0.04140758407384982,0.03307661743655255,0.017428394712928143
1434,0.7170499999999765,1.7670161790675673e-08,1636.4153126357287,0.4944818147403909,0.9470021257389121,0.8549838385603196,0.782766954951804,0.01035810799192148,0.04140738760745505,0.03307616007103511,0.01742801428532778
1435,0.7175499999999765,1.7667324294399396e-08,1636.3989414715686,0.49462897732234173,0.9470175540741164,0.8550260545544506,0.7828301941719279,0.010357437947585401,0.04140719114295634,0.03307570271823974,0.01742763387439645
1436,0.7180499999999764,1.766449191407821e-08,1636.3825817013214,0.4947760542475412,0.9470329734291778,0.8550682459765413,0.7828933965833329,0.010356767990418339,0.04140699468046478,0.03307524537842459,0.01742725348034821
1437,0.7185499999999764,1.7661664644851508e-08,1636.366233311603,0.4949230455907527,0.9470483838119337,0.8551104128480385,0.7829565622181459,0.010356098121196297,0.04140679822021294,0.03307478805213055,0.01742687310363227
1438,0.7190499999999763,1.7658842474231515e-08,1636.3498962941499,0.49506995142665317,0.9470637852302137,0.8551525551903648,0.7830196911084581,0.01035542834006718,0.041406601762249244,0.03307433073946982,0.017426492744341257
1439,0.7195499999999763,1.7656025397373368e-08,1636.3335706356265,0.4952167718298322,0.9470791776918371,0.8551946730249173,0.7830827832863217,0.010354758647800937,0.04140640530680463,0.033073873440979444,0.017426112402921162
1440,0.7200499999999762,1.765321340180743e-08,1636.3172563278126,0.4953635068747932,0.9470945612046155,0.8552367663730686,0.7831458387837534,0.01035408904454007,0.041406208853926034,0.03307341615676816,0.0174257320794617
1441,0.7205499999999762,1.765040648270451e-08,1636.3009533574218,0.49551015663595244,0.9471099357763497,0.855278835256166,0.7832088576327306,0.010353419531048541,0.041406012403842826,0.03307295888736923,0.01742535177440566
1442,0.7210499999999761,1.7647604630155796e-08,1636.284661714582,0.4956567211876401,0.9471253014148334,0.8553208796955327,0.7832718398651957,0.010352750107671277,0.041405815956661415,0.033072501633029876,0.0174249714879579
1443,0.721549999999976,1.7644807834261697e-08,1636.2683813894428,0.4958032006040997,0.9471406581278491,0.8553628997124664,0.7833347855130519,0.01035208077475062,0.04140561951248762,0.03307204439399566,0.017424591220321917
1444,0.722049999999976,1.764201609021575e-08,1636.252112368792,0.495949594959489,0.9471560059231724,0.8554048953282405,0.7833976946081675,0.010351411533041437,0.041405423071548285,0.03307158717079408,0.017424210971935625
1445,0.7225499999999759,1.7639229383051093e-08,1636.235854646205,0.4960959043278789,0.9471713448085678,0.8554468665641035,0.7834605671823718,0.01035074238246535,0.041405226633825835,0.0330711299633835,0.017423830742763637
1446,0.7230499999999759,1.7636447713060287e-08,1636.2196082051366,0.49624212878325524,0.947186674791793,0.8554888134412795,0.7835234032674588,0.010350073324186363,0.0414050301996674,0.03307067277257127,0.01742345053347656
1447,0.7235499999999758,1.763367106529391e-08,1636.2033730392059,0.49638826839951716,0.9472019958805944,0.8555307359809674,0.7835862028951841,0.010349404358120753,0.04140483376905393,0.03307021559831232,0.017423070344036125
1448,0.7240499999999758,1.763089943243597e-08,1636.1871491369823,0.49653432325047875,0.9472173080827117,0.8555726342043425,0.7836489660972681,0.01034873548480453,0.041404637342148304,0.03306975844098514,0.017422690174756256
1449,0.7245499999999757,1.7628132809717883e-08,1636.1709364853746,0.4966802934098679,0.9472326114058731,0.8556145081325542,0.7837116929053924,0.010348066704977772,0.04140444091917351,0.033069301301107884,0.017422310026067027
1450,0.7250499999999757,1.7625371184758218e-08,1636.1547350763733,0.4968261789513277,0.9472479058578006,0.8556563577867289,0.7837743833512043,0.010347398018756407,0.04140424450016919,0.03306884417877219,0.017421929898043798
1451,0.7255499999999756,1.7622614550264486e-08,1636.1385448986182,0.4969719799484151,0.9472631914462047,0.855698183187967,0.783837037466312,0.01034672942666792,0.04140404808529602,0.033068387074351155,0.017421549790995965
1452,0.7260499999999755,1.7619862901490397e-08,1636.12236593909,0.4971176964746026,0.9472784681787891,0.8557399843573457,0.783899655282289,0.0103460609294436,0.04140385167477453,0.03306792998835734,0.017421169705348887
1453,0.7265499999999755,1.7617116223541897e-08,1636.1061981915232,0.4972633286032768,0.9472937360632466,0.8557817613159169,0.7839622368306707,0.010345392526984937,0.04140365526858161,0.0330674729207361,0.01742078964105623
1454,0.7270499999999754,1.7614374514227037e-08,1636.0900416412626,0.49740887640774023,0.9473089951072632,0.8558235140847089,0.7840247821429576,0.01034472422022434,0.041403458866997034,0.03306701587213778,0.017420409598657895
1455,0.7275499999999754,1.7611637763745236e-08,1636.073896278722,0.49755433996120957,0.9473242453185138,0.8558652426847249,0.7840872912506118,0.01034405600947127,0.04140326247011766,0.03306655884278692,0.017420029578339692
1456,0.7280499999999753,1.7608905962304836e-08,1636.0577620943345,0.4976997193368176,0.9473394867046665,0.8559069471369443,0.7841497641850611,0.010343387895032741,0.04140306607803964,0.03306610183290648,0.01741964958028607
1457,0.7285499999999753,1.7606179102659887e-08,1636.0416390768773,0.4978450146076119,0.9473547192733786,0.8559486274623218,0.7842122009776948,0.010342719877419505,0.041402869690919095,0.033065644842858885,0.01741926960479747
1458,0.7290499999999752,1.760345717757169e-08,1636.0255272151496,0.497990225846556,0.9473699430323004,0.8559902836817885,0.7842746016598681,0.01034205195713947,0.04140267330891135,0.033065187873004755,0.01741888965217278
1459,0.7295499999999752,1.7600740177272842e-08,1636.009426499649,0.49813535312652857,0.9473851579890714,0.8560319158162507,0.7843369662628975,0.010341384134491713,0.041402476932110445,0.03306473092356195,0.01741850972259221
1460,0.7300499999999751,1.7598028094540354e-08,1635.9933369192195,0.4982803965203246,0.9474003641513244,0.8560735238865909,0.7843992948180658,0.010340716409978775,0.041402280560670225,0.03306427399488767,0.01741812981635176
1461,0.730549999999975,1.7595320919623256e-08,1635.9772584644,0.49842535610065436,0.9474155615266814,0.856115107913667,0.7844615873566175,0.010340048783894601,0.04140208419468334,0.03306381708719648,0.01741774993362887
1462,0.731049999999975,1.7592618647849058e-08,1635.9611911224056,0.4985702319401447,0.9474307501227572,0.8561566679183135,0.7845238439097627,0.010339381256942094,0.0414018878343627,0.03306336020098296,0.01741737007483373
1463,0.7315499999999749,1.7589921269481986e-08,1635.9451348838209,0.49871502411133806,0.9474459299471563,0.85619820392134,0.784586064508674,0.010338713829409802,0.04140169147979949,0.03306290333645822,0.017416990240140876
1464,0.7320499999999749,1.7587228777329065e-08,1635.9290897375788,0.4988597326866935,0.947461101007476,0.8562397159435331,0.7846482491844894,0.010338046501789367,0.041401495131144626,0.03306244649397251,0.017416610429840475
1465,0.7325499999999748,1.7584541161670804e-08,1635.9130556743032,0.4990043577385861,0.9474762633113033,0.8562812040056542,0.7847103979683093,0.010337379274364289,0.0414012987884879,0.03306198967373372,0.017416230644104337
1466,0.7330499999999748,1.7581858415329708e-08,1635.897032682971,0.49914889933930784,0.9474914168662179,0.856322668128442,0.7847725108912004,0.010336712147620986,0.04140110245197882,0.03306153287608874,0.017415850883219813
1467,0.7335499999999747,1.7579180531135397e-08,1635.8810207525812,0.49929335756106674,0.9475065616797892,0.8563641083326101,0.784834587984191,0.010336045122043112,0.041400906121766175,0.03306107610138273,0.017415471147472803
1468,0.7340499999999747,1.7576507499392104e-08,1635.8650198738203,0.4994377324759882,0.9475216977595795,0.8564055246388492,0.7848966292782762,0.01033537819790653,0.04140070979793765,0.03306061934981865,0.017415091437030975
1469,0.7345499999999746,1.7573839312944807e-08,1635.8490300357291,0.49958202415611386,0.9475368251131409,0.8564469170678253,0.7849586348044129,0.010334711375689736,0.041400513480640624,0.03306016262173835,0.017414711752177445
1470,0.7350499999999746,1.757117596464556e-08,1635.8330512273728,0.4997262326734027,0.9475519437480182,0.8564882856401812,0.7850206045935245,0.01033404465586849,0.04140031717002174,0.03305970591748193,0.01741433209319385
1471,0.7355499999999745,1.7568517447353478e-08,1635.8170834378382,0.49987035809973046,0.9475670536717459,0.8565296303765355,0.785082538676497,0.01033337803891585,0.041400120866226936,0.03305924923738779,0.017413952460360406
1472,0.7360499999999744,1.7565863751403714e-08,1635.8011266578947,0.5000144005068905,0.9475821548918516,0.8565709512974836,0.7851444370841824,0.010332711525097541,0.0413999245693411,0.03305879258165237,0.0174135728538393
1473,0.7365499999999744,1.756321486967059e-08,1635.7851808766707,0.5001583599665931,0.9475972474158524,0.8566122484235964,0.7852062998473953,0.010332045114881533,0.041399728279508795,0.03305833595061082,0.017413193273908008
1474,0.7370499999999743,1.7560570795035424e-08,1635.7692460833182,0.5003022365504661,0.9476123312512587,0.8566535217754218,0.7852681269969171,0.010331378808733119,0.04139953199687381,0.033057879344596544,0.01741281372084254
1475,0.7375499999999743,1.7557931517856676e-08,1635.753322268667,0.500446030330055,0.9476274064055702,0.8566947713734835,0.7853299185634913,0.010330712606910602,0.04139933572151905,0.03305742276380124,0.017412434194801107
1476,0.7380499999999742,1.7555297031030747e-08,1635.73740942191,0.500589741376823,0.94764247288628,0.8567359972382822,0.7853916745778284,0.010330046509874258,0.04139913945358694,0.0330569662085551,0.017412054696057007
1477,0.7385499999999742,1.7552667327460997e-08,1635.7215075322617,0.5007333697621507,0.9476575307008706,0.8567771993902943,0.7854533950706015,0.01032938051808171,0.04139894319321924,0.03305650967918664,0.01741167522488216
1478,0.7390499999999741,1.755004240005772e-08,1635.7056165889592,0.5008769155573372,0.9476725798568177,0.8568183778499735,0.7855150800724503,0.01032871463198794,0.04139874694055694,0.03305605317602269,0.01741129578154703
1479,0.7395499999999741,1.7547422239209784e-08,1635.6897365829138,0.501020378833599,0.9476876203615869,0.8568595326377489,0.7855767296139773,0.010328048851841402,0.04139855069568025,0.03305559669924862,0.0174109163662045
1480,0.740049999999974,1.754480683784242e-08,1635.6738675034037,0.5011637596620713,0.9477026522226366,0.8569006637740274,0.7856383437257519,0.010327383178092142,0.04139835445872884,0.03305514024918805,0.01741053697912238
1481,0.740549999999974,1.754219618888773e-08,1635.6580093397283,0.5013070581138072,0.9477176754474151,0.8569417712791911,0.7856999224383064,0.0103267176111876,0.041398158229841685,0.033054683826163014,0.017410157620567104
1482,0.7410499999999739,1.7539590285284692e-08,1635.6421620812087,0.5014502742597783,0.947732690043364,0.8569828551736001,0.7857614657821399,0.010326052151572614,0.041397962009157026,0.03305422743049384,0.017409778290803684
1483,0.7415499999999738,1.7536989119979117e-08,1635.6263257171884,0.5015934081708747,0.9477476960179142,0.8570239154775896,0.7858229737877145,0.010325386799689442,0.04139776579681245,0.03305377106249923,0.017409398990095772
1484,0.7420499999999738,1.753439268087074e-08,1635.6105002403276,0.5017364599179054,0.9477626933784902,0.8570649522114729,0.7858844464854594,0.010324721555570978,0.04139756959282483,0.03305331472221717,0.017409019718473688
1485,0.7425499999999737,1.753180096597342e-08,1635.5946856367134,0.5018794295715973,0.947777682132506,0.8571059653955388,0.7859458839057669,0.010324056420061524,0.04139737339745043,0.033052858410242365,0.017408640476430443
1486,0.7430499999999737,1.7529213963202003e-08,1635.5788818990443,0.5020223172025972,0.9477926622873692,0.8571469550500538,0.7860072860789964,0.010323391393189264,0.04139717721070481,0.03305240212660976,0.017408261263993807
1487,0.7435499999999736,1.7526631668057066e-08,1635.5630890150999,0.5021651228814699,0.9478076338504766,0.8571879211952603,0.7860686530354702,0.0103227264755899,0.041396981032782866,0.0330519458717712,0.01740788208153804
1488,0.7440499999999736,1.752405407099457e-08,1635.5473069759705,0.5023078466787001,0.9478225968292187,0.8572288638513783,0.7861299848054784,0.010322061667490225,0.04139678486375884,0.0330514896458981,0.01740750292920428
1489,0.7445499999999735,1.7521481167527853e-08,1635.5315357694808,0.502450488664691,0.9478375512309756,0.8572697830386037,0.7861912814192739,0.010321396969520676,0.0413965887038262,0.033051033449438966,0.01740712380736397
1490,0.7450499999999735,1.751891294560286e-08,1635.5157753884027,0.5025930489097659,0.9478524970631208,0.8573106787771103,0.7862525429070769,0.01032073238170043,0.041396392552998006,0.033050577282422895,0.01740674471603998
1491,0.7455499999999734,1.751634940074673e-08,1635.5000258206026,0.5027355274841664,0.9478674343330173,0.8573515510870477,0.7863137692990714,0.010320067904655006,0.04139619641146641,0.03305012114529526,0.017406365655601094
1492,0.7460499999999733,1.751379052596836e-08,1635.484287055609,0.5028779244580549,0.947882363048022,0.8573923999885434,0.7863749606254085,0.010319403538804426,0.0413960002793629,0.03304966503836049,0.017405986626298973
1493,0.7465499999999733,1.7511236311760184e-08,1635.4685590846113,0.5030202399015125,0.9478972832154811,0.8574332255017011,0.7864361169162029,0.010318739284363774,0.041395804156758566,0.03304920896178245,0.017405607628268434
1494,0.7470499999999732,1.750868675114554e-08,1635.4528418971784,0.5031624738845407,0.9479121948427343,0.8574740276466022,0.7864972382015366,0.010318075141748427,0.04139560804378363,0.03304875291586258,0.017405228661758622
1495,0.7475499999999732,1.7506141839676754e-08,1635.4371354812636,0.5033046264770602,0.947927097937111,0.8575148064433041,0.7865583245114555,0.010317411111573542,0.04139541194062743,0.033048296901039664,0.017404849727132785
1496,0.7480499999999731,1.7503601565345306e-08,1635.4214398297502,0.5034466977489126,0.9479419925059345,0.8575555619118425,0.786619375875973,0.010316747193844943,0.04139521584729935,0.033047840917334134,0.017404470824406507
1497,0.7485499999999731,1.7501065923717126e-08,1635.4057549306328,0.5035886877698588,0.9479568785565173,0.857596294072229,0.7866803923250659,0.010316083389172994,0.041395019763987434,0.03304738496518169,0.01740409195394046
1498,0.749049999999973,1.7498534905320732e-08,1635.3900807751957,0.5037305966095804,0.9479717560961658,0.8576370029444534,0.7867413738886793,0.010315419697761301,0.041394823690759565,0.03304692904473874,0.017403713115863216
1499,0.749549999999973,1.7496008505734493e-08,1635.3744173514774,0.5038724243376791,0.9479866251321759,0.8576776885484816,0.7868023205967215,0.010314756120215138,0.041394627627802404,0.03304647315643779,0.01740333431053272
1500,0.7500499999999729,1.7493486715500784e-08,1635.3587646508013,0.5040141710236774,0.9480014856718373,0.8577183509042577,0.7868632324790689,0.010314092656733467,0.041394431575182584,0.033046017300432246,0.01740295553807504
1501,0.7505499999999728,1.7490969525169984e-08,1635.343122664508,0.5041558367370178,0.9480163377224292,0.8577589900317021,0.7869241095655617,0.010313429307513248,0.0413942355329662,0.033045561476874256,0.01740257679861515
1502,0.7510499999999728,1.7488456932859905e-08,1635.3274913790688,0.5042974215470641,0.9480311812912245,0.8577996059507131,0.786984951886008,0.010312766073354067,0.04139403950139749,0.03304510568633016,0.017402198092622168
1503,0.7515499999999727,1.748594892913359e-08,1635.3118707858657,0.5044389255231003,0.9480460163854862,0.8578401986811658,0.7870457594701801,0.010312102954447991,0.04139384348054121,0.03304464992894894,0.017401819420218442
1504,0.7520499999999727,1.7483445504562037e-08,1635.2962608762973,0.5045803487343321,0.9480608430124704,0.8578807682429133,0.7871065323478179,0.010311439950985098,0.041393647470461564,0.033044194204878315,0.017401440781525217
1505,0.7525499999999726,1.7480946654761635e-08,1635.2806616385274,0.5047216912498852,0.9480756611794233,0.857921314655785,0.7871672705486257,0.01031077706355599,0.04139345147134123,0.03304373851454135,0.017401062176892544
1506,0.7530499999999726,1.7478452370317032e-08,1635.2650730639923,0.5048629531388075,0.9480904708935848,0.8579618379395888,0.7872279741022756,0.01031011429234621,0.04139325548324314,0.03304328285808282,0.0174006836064392
1507,0.7535499999999725,1.747596264685681e-08,1635.2494951408996,0.5050041344700672,0.9481052721621843,0.8580023381141091,0.7872886430384044,0.01030945163794144,0.041393059506348646,0.03304282723592268,0.01740030507051261
1508,0.7540499999999725,1.7473477472461555e-08,1635.233927862345,0.5051452353125546,0.9481200649924454,0.8580428151991084,0.7873492773866163,0.010308789100321805,0.04139286354066002,0.033042371648064624,0.01739992656911433
1509,0.7545499999999724,1.747099684529034e-08,1635.2183712149538,0.505286255735081,0.948134849391581,0.8580832692143262,0.7874098771764806,0.010308126680269215,0.04139266758641678,0.03304191609506375,0.01739954810270403
1510,0.7550499999999724,1.7468520753438015e-08,1635.202825191859,0.5054271958063795,0.948149625366798,0.8581237001794799,0.7874704424375342,0.010307464377759548,0.041392471643620005,0.03304146057692101,0.01739916967128095
1511,0.7555499999999723,1.7466049192558413e-08,1635.187289781347,0.5055680555951048,0.9481643929252932,0.8581641081142639,0.7875309731992788,0.01030680219336905,0.0413922757124485,0.0330410050940503,0.017398791275187425
1512,0.7560499999999722,1.7463582155794078e-08,1635.171764973349,0.5057088351698337,0.9481791520742568,0.8582044930383509,0.7875914694911844,0.010306140127470715,0.041392079793020946,0.03304054964672586,0.017398412914649726
1513,0.7565499999999722,1.746111963629391e-08,1635.1562507578128,0.5058495345990642,0.9481939028208696,0.8582448549713905,0.7876519313426853,0.010305478180435255,0.04139188388545542,0.033040094235220474,0.017398034589892915
1514,0.7570499999999721,1.7458661624697624e-08,1635.1407471263237,0.5059901539512173,0.9482086451723052,0.8582851939330105,0.7877123587831845,0.01030481635243076,0.04139168798981007,0.0330396388596676,0.017397656301026278
1515,0.7575499999999721,1.7456208114167846e-08,1635.1252540688672,0.5061306932946352,0.9482233791357277,0.8583255099428159,0.7877727518420494,0.01030415464382367,0.04139149210620182,0.033039183520337245,0.017397278048272544
1516,0.758049999999972,1.74537591003883e-08,1635.1097715738347,0.5062711526975833,0.9482381047182952,0.8583658030203897,0.7878331105486159,0.010303493055178265,0.04139129623480617,0.03303872821763566,0.01739689983196761
1517,0.758549999999972,1.745131457401869e-08,1635.0942996328665,0.5064115322282483,0.948252821927155,0.8584060731852924,0.787893434932185,0.010302831586656125,0.0413911003756795,0.03303827295169213,0.017396521652217254
1518,0.7590499999999719,1.7448874530754596e-08,1635.078838234396,0.5065518319547404,0.9482675307694487,0.8584463204570627,0.7879537250220257,0.010302170238816813,0.04139090452899605,0.03303781772290986,0.01739614350935482
1519,0.7595499999999719,1.74464389587552e-08,1635.0633873717093,0.5066920519450917,0.9482822312523079,0.8584865448552164,0.7880139808473723,0.0103015090116178,0.041390708694751824,0.0330373625312778,0.017395765403369498
1520,0.7600499999999718,1.744400785372893e-08,1635.0479470332775,0.5068321922672573,0.9482969233828578,0.8585267463992479,0.7880742024374274,0.010300847905614263,0.04139051287311986,0.03303690737719634,0.01739538733459225
1521,0.7605499999999717,1.7441581211389066e-08,1635.0325172075948,0.5069722529891147,0.9483116071682135,0.8585669251086285,0.7881343898213591,0.01030018692135876,0.04139031706427253,0.03303645226106428,0.017395009303352697
1522,0.7610499999999717,1.7439159019915567e-08,1635.0170978879996,0.5071122341784652,0.9483262826154844,0.8586070810028086,0.7881945430283037,0.010299526058802671,0.041390121268204114,0.03303599718286654,0.017394631309636657
1523,0.7615499999999716,1.743674127503444e-08,1635.0016890630236,0.507252135903032,0.9483409497317694,0.8586472141012154,0.7882546620873627,0.010298865318494228,0.0413899254850858,0.03303554214299909,0.017394253353771393
1524,0.7620499999999716,1.74343279699645e-08,1634.9862907228262,0.5073919582304622,0.9483556085241615,0.8586873244232548,0.7883147470276066,0.010298204700779735,0.04138972971502897,0.03303508714171899,0.017393875435968726
1525,0.7625499999999715,1.7431919097930708e-08,1634.970902857586,0.5075317012283259,0.9483702589997437,0.85872741198831,0.7883747978780709,0.010297544206003309,0.041389533958144424,0.03303463217928188,0.017393497556439323
1526,0.7630499999999715,1.7429514649652875e-08,1634.955525459104,0.5076713649641167,0.948384901165593,0.8587674768157432,0.7884348146677599,0.010296883834307767,0.041389338214483345,0.03303417725580481,0.017393119715278713
1527,0.7635499999999714,1.7427114623391223e-08,1634.9401585143903,0.5078109495052513,0.9483995350287763,0.8588075189248935,0.7884947974256435,0.010296223586431185,0.04138914248427341,0.03303372237181502,0.017392741912923105
1528,0.7640499999999714,1.7424719004856224e-08,1634.9248020184848,0.5079504549190703,0.9484141605963543,0.858847538335079,0.7885547461806605,0.010295563462114127,0.04138894676744662,0.03303326752715257,0.01739236414923796
1529,0.7645499999999713,1.7422327794830274e-08,1634.9094559568373,0.5080898812728377,0.948428777875378,0.8588875350655951,0.7886146609617147,0.010294903462289055,0.04138875106428844,0.03303281272247888,0.017391986424770883
1530,0.7650499999999713,1.7419940981548047e-08,1634.8941203229213,0.5082292286337418,0.9484433868728924,0.8589275091357162,0.7886745417976795,0.01029424358689153,0.0413885553747887,0.0330323579577685,0.01739160873949903
1531,0.7655499999999712,1.7417558560781805e-08,1634.878795105427,0.508368497068894,0.9484579875959324,0.8589674605646942,0.7887343887173933,0.010293583836451606,0.04138835969911368,0.03303190323340581,0.017391231093739874
1532,0.7660499999999711,1.7415180523290038e-08,1634.8634802962617,0.5085076866453305,0.9484725800515267,0.8590073893717596,0.788794201749664,0.010292924211099778,0.04138816403731113,0.03303144854949982,0.017390853487582222
1533,0.7665499999999711,1.7412806864856422e-08,1634.8481758841558,0.5086467974300108,0.9484871642466945,0.8590472955761206,0.788853980923265,0.01029226471136165,0.04138796838954607,0.033030993906432035,0.017390475921341145
1534,0.767049999999971,1.7410437576252206e-08,1634.8328818610512,0.5087858294898197,0.948501740188449,0.8590871791969644,0.7889137262669388,0.01029160533736368,0.04138777275586515,0.03303053930430886,0.017390098395103255
1535,0.767549999999971,1.7408072653272446e-08,1634.8175982157172,0.508924782891565,0.948516307883793,0.8591270402534558,0.7889734378093937,0.010290946089627039,0.0413875771364322,0.033030084743508964,0.01738972090918123
1536,0.7680499999999709,1.7405712086701076e-08,1634.8023249401306,0.50906365770198,0.9485308673397238,0.8591668787647385,0.7890331155793072,0.010290286968274184,0.04138738153129273,0.03302963022413614,0.017389343463659498
1537,0.7685499999999709,1.7403355872344467e-08,1634.7870620230992,0.5092024539877219,0.9485454185632288,0.859206694749934,0.7890927596053228,0.0102896279738219,0.04138718594060939,0.03302917574656622,0.017388966058848373
1538,0.7690499999999708,1.7401004000999204e-08,1634.7718094566342,0.5093411718153731,0.9485599615612893,0.8592464882281428,0.7891523699160533,0.01028896910638867,0.04138699036442659,0.033028721310900434,0.017388588694830103
1539,0.7695499999999708,1.7398656468482897e-08,1634.7565672295823,0.5094798112514399,0.9485744963408766,0.859286259218443,0.7892119465400772,0.01028831036648693,0.0413867948029058,0.0330282669175118,0.017388211371912658
1540,0.7700499999999707,1.7396313268111246e-08,1634.741335332401,0.5096183723623545,0.9485890229089566,0.8593260077398921,0.7892714895059428,0.01028765175442893,0.041386599256149036,0.03302781256663541,0.0173878340902894
1541,0.7705499999999706,1.7393974390699676e-08,1634.7261137571527,0.5097568552144732,0.948603541272485,0.8593657338115251,0.7893309988421641,0.010286993270327255,0.04138640372419915,0.03302735825836863,0.017387456850039385
1542,0.7710499999999706,1.7391639832082586e-08,1634.7109024927415,0.5098952598740779,0.9486180514384115,0.8594054374523565,0.7893904745772248,0.010286334914687868,0.041386208207215766,0.03302690399308032,0.017387079651467054
1543,0.7715499999999705,1.7389309583087902e-08,1634.6957015312637,0.5100335864073752,0.9486325534136764,0.8594451186813783,0.7894499167395748,0.01028567668761947,0.04138601270524065,0.033026449770865364,0.017386702494649343
1544,0.7720499999999705,1.73869836420663e-08,1634.6805108600777,0.5101718348804976,0.9486470472052135,0.8594847775175621,0.7895093253576333,0.010285018589821051,0.041385817218490877,0.033025995592226035,0.01738632538000145
1545,0.7725499999999704,1.7384661994847463e-08,1634.6653304744823,0.5103100053595021,0.9486615328199477,0.8595244139798571,0.789568700459786,0.010284360621002742,0.04138562174688989,0.03302554145698226,0.01738594830737201
1546,0.7730499999999704,1.738234464229797e-08,1634.6501603602908,0.5104480979103723,0.9486760102647972,0.8595640280871921,0.7896280420743882,0.0102837027820565,0.04138542629071219,0.033025087365769736,0.01738557127728696
1547,0.7735499999999703,1.738003157276539e-08,1634.635000511251,0.5105861125990163,0.948690479546671,0.8596036198584736,0.7896873502297616,0.010283045072886037,0.041385230849938816,0.03302463331854212,0.01738519428970595
1548,0.7740499999999703,1.7377722784621124e-08,1634.6198509147998,0.5107240494912688,0.9487049406724719,0.8596431893125875,0.7897466249541975,0.010282387494181507,0.04138503542478443,0.03302417931579604,0.017384817345039424
1549,0.7745499999999702,1.737541826622572e-08,1634.604711564717,0.5108619086528897,0.9487193936490932,0.859682736468398,0.7898058662759536,0.010281730045843013,0.04138484001522903,0.033023725357482804,0.017384440443245063
1550,0.7750499999999702,1.7373118013457703e-08,1634.5895824500567,0.510999690149565,0.9487338384834223,0.8597222613447485,0.7898650742232579,0.01028107272835963,0.041384644621427644,0.03302327144396039,0.01738406358461816
1551,0.7755499999999701,1.7370822019697212e-08,1634.574463561472,0.5111373940469067,0.948748275182337,0.8597617639604606,0.7899242488243043,0.010280415542021427,0.04138444924347625,0.03302281757544951,0.017383686769340056
1552,0.77604999999997,1.7368530278330167e-08,1634.5593548896338,0.5112750204104533,0.948762703752709,0.8598012443343351,0.789983390107257,0.010279758487116514,0.041384253881470226,0.03302236375216955,0.017383309997590968
1553,0.77654999999997,1.7366242782748238e-08,1634.5442564252307,0.5114125693056685,0.9487771242014006,0.8598407024851514,0.7900424981002468,0.01027910156393104,0.04138405853550446,0.03302190997433868,0.017382933269550083
1554,0.7770499999999699,1.7363959528850708e-08,1634.529168157394,0.5115500407979434,0.9487915365352684,0.8598801384316681,0.7901015728313744,0.010278444772945516,0.04138386320573166,0.0330214562423094,0.0173825565855081
1555,0.7775499999999699,1.7361680505036705e-08,1634.5140900799945,0.5116874349525949,0.9488059407611591,0.8599195521926223,0.7901606143287072,0.010277788114049464,0.04138366789212883,0.033021002556026004,0.017382179945416833
1556,0.7780499999999698,1.7359405712219663e-08,1634.4990221790551,0.5118247518348671,0.9488203368859136,0.8599589437867303,0.7902196226202828,0.010277131588111848,0.0413834725949643,0.03302054891610957,0.017381803349789917
1557,0.7785499999999698,1.7357135136309602e-08,1634.4839644500507,0.5119619915099295,0.9488347249163634,0.8599983132326872,0.7902785977341056,0.010276475194822403,0.041383277314155725,0.03302009532236647,0.017381426798464654
1558,0.7790499999999697,1.735486877572885e-08,1634.4689168806133,0.5120991540428798,0.9488491048593343,0.8600376605491672,0.79033753969815,0.010275818934849723,0.04138308204991192,0.03301964177527954,0.01738105029183988
1559,0.7795499999999697,1.735260662390238e-08,1634.4538794615378,0.5122362394987413,0.9488634767216422,0.8600769857548232,0.7903964485403576,0.010275162808468078,0.041382886802324534,0.03301918827505924,0.01738067383008832
1560,0.7800499999999696,1.7350348671760928e-08,1634.4388521852031,0.5123732479424652,0.9488778405100973,0.8601162888682878,0.7904553242886401,0.010274506815754076,0.041382691571426336,0.03301873482177943,0.01738029741326931
1561,0.7805499999999695,1.7348094917740883e-08,1634.423835039302,0.5125101794389291,0.9488921962315006,0.860155569908172,0.7905141669708761,0.010273850957369728,0.04138249635742442,0.033018281415918775,0.017379921041778174
1562,0.7810499999999695,1.7345845350284724e-08,1634.408828017814,0.512647034052938,0.9489065438926468,0.8601948288930663,0.7905729766149147,0.010273195233192233,0.041382301160292304,0.033017828057413434,0.017379544715559907
1563,0.7815499999999694,1.734359996533987e-08,1634.393831110034,0.5127838118492241,0.9489208835003218,0.86023406584154,0.7906317532485719,0.010272539643684004,0.04138210598017776,0.03301737474660424,0.01737916843489542
1564,0.7820499999999694,1.7341358758858073e-08,1634.3788443052777,0.512920512892447,0.9489352150613051,0.860273280772142,0.7906904968996346,0.010271884189305167,0.0413819108172279,0.03301692148383054,0.017378792200064358
1565,0.7825499999999693,1.7339121719300583e-08,1634.363867597569,0.5130571372471936,0.948949538582367,0.8603124737034,0.7907492075958562,0.010271228869927896,0.04138171567141486,0.0330164682690252,0.01737841601100897
1566,0.7830499999999693,1.733688884512858e-08,1634.3489009746952,0.5131936849779788,0.9489638540702721,0.8603516446538212,0.790807885364961,0.010270573686203831,0.04138152054294286,0.033016015102660175,0.01737803986811895
1567,0.7835499999999692,1.7334660127313397e-08,1634.3339444291485,0.5133301561492445,0.9489781615317755,0.8603907936418915,0.7908665302346407,0.010269918638196865,0.041381325431841205,0.03301556198480105,0.01737766377144669
1568,0.7840499999999692,1.733243556432508e-08,1634.3189979487574,0.5134665508253609,0.9489924609736267,0.860429920686077,0.7909251422325573,0.01026926372655425,0.04138113033831292,0.03301510891591699,0.017377287721379527
1569,0.7845499999999691,1.733021514215178e-08,1634.304061529164,0.5136028690706256,0.9490067524025655,0.8604690258048223,0.7909837213863402,0.010268608950946414,0.04138093526227015,0.03301465589580149,0.01737691171774401
1570,0.785049999999969,1.732799886177095e-08,1634.2891351566743,0.5137391109492647,0.9490210358253263,0.8605081090165518,0.7910422677235897,0.010267954312211586,0.041380740203972935,0.033014202925056024,0.01737653576103727
1571,0.785549999999969,1.7325786714176392e-08,1634.274218823845,0.5138752765254319,0.9490353112486339,0.8605471703396688,0.7911007812718732,0.010267299810406423,0.04138054516344854,0.033013750003741446,0.017376159851307728
1572,0.7860499999999689,1.7323578690368676e-08,1634.2593125232465,0.5140113658632093,0.9490495786792076,0.8605862097925566,0.7911592620587294,0.010266645445586147,0.041380350140723776,0.03301329713191759,0.017375783988602966
1573,0.7865499999999689,1.7321374788842247e-08,1634.2444162427994,0.514147379026607,0.949063838123757,0.8606252273935773,0.791217710111664,0.01026599121838793,0.041380155135998985,0.03301284431004718,0.017375408173304907
1574,0.7870499999999688,1.7319175003103705e-08,1634.229529973554,0.514283316079564,0.9490780895889867,0.8606642231610732,0.7912761254581537,0.01026533712905764,0.04137996014935789,0.03301239153832218,0.017375032405570763
1575,0.7875499999999688,1.7316979324170043e-08,1634.2146537081294,0.5144191770859471,0.9490923330815911,0.860703197113365,0.7913345081256431,0.010264683177645102,0.041379765180825846,0.03301193881679894,0.017374656685445185
1576,0.7880499999999687,1.7314787748054502e-08,1634.1997874360552,0.5145549621095522,0.9491065686082596,0.860742149268754,0.7913928581415474,0.01026402936458706,0.04137957023054355,0.0330114861458017,0.01737428101319513
1577,0.7885499999999687,1.7312600268280036e-08,1634.1849311484305,0.5146906712141035,0.949120796175672,0.8607810796455204,0.7914511755332494,0.010263375690124034,0.04137937529859327,0.03301103352551895,0.017373905388974913
1578,0.7890499999999686,1.7310416875880922e-08,1634.170084837919,0.5148263044632542,0.9491350157905026,0.8608199882619243,0.7915094603281035,0.010262722154300803,0.041379180384998916,0.0330105809560037,0.017373529812826364
1579,0.7895499999999686,1.7308237569379502e-08,1634.1552484925537,0.514961861920586,0.9491492274594162,0.860858875136205,0.7915677125534315,0.01026206875774237,0.04137898548995751,0.033010128437710826,0.01737315428512484
1580,0.7900499999999685,1.7306062342314048e-08,1634.1404221034863,0.5150973436496102,0.9491634311890722,0.8608977402865817,0.7916259322365261,0.010261415500683666,0.04137879061354973,0.0330096759708252,0.01737277880602158
1581,0.7905499999999684,1.7303891185735015e-08,1634.125605663428,0.5152327497137665,0.9491776269861206,0.8609365837312533,0.7916841194046484,0.010260762383164201,0.04137859575579806,0.033009223555396365,0.017372403375555557
1582,0.7910499999999684,1.730172409319237e-08,1634.1107991635574,0.5153680801764243,0.9491918148572059,0.8609754054883982,0.7917422740850304,0.0102601094054157,0.04137840091678228,0.03300877119160706,0.017372027993876223
1583,0.7915499999999683,1.729956106322654e-08,1634.096002591984,0.5155033351008816,0.9492059948089633,0.8610142055761746,0.7918003963048719,0.010259456568055112,0.04137820609669722,0.03300831887990701,0.017371652661354597
1584,0.7920499999999683,1.729740208690408e-08,1634.0812159414666,0.5156385145503667,0.9492201668480225,0.8610529840127205,0.7918584860913443,0.010258803871116742,0.04137801129556384,0.03300786662034234,0.01737127737802676
1585,0.7925499999999682,1.7295247157790052e-08,1634.0664392032345,0.5157736185880364,0.9492343309810037,0.8610917408161533,0.7919165434715869,0.010258151314826833,0.041377816513460466,0.03300741441309223,0.017370902144039208
1586,0.7930499999999682,1.7293096269454844e-08,1634.0516723685341,0.5159086472769776,0.9492484872145219,0.8611304760045708,0.7919745684727105,0.010257498899409924,0.0413776217504649,0.03300696225833473,0.017370526959537468
1587,0.7935499999999681,1.729094941796547e-08,1634.036915427086,0.5160436006802066,0.9492626355551829,0.86116918959605,0.7920325611217938,0.010256846625281934,0.04137742700671214,0.03300651015638061,0.017370151824777212
1588,0.7940499999999681,1.7288806596902e-08,1634.02216837017,0.5161784788606698,0.9492767760095865,0.8612078816086484,0.792090521445887,0.010256194492663698,0.04137723228227897,0.03300605810740553,0.017369776739901956
1589,0.794549999999968,1.7286667799849785e-08,1634.007431189082,0.5163132818812429,0.9492909085843237,0.8612465520604026,0.7921484494720087,0.010255542501774356,0.04137703757724173,0.03300560611158402,0.017369401705054306
1590,0.795049999999968,1.728453302288984e-08,1633.9927038735962,0.5164480098047323,0.9493050332859801,0.8612852009693299,0.7922063452271488,0.010254890653024167,0.041376842891733843,0.033005154169223186,0.01736902672048684
1591,0.7955499999999679,1.7282402257127043e-08,1633.9779864165766,0.5165826626938734,0.9493191501211318,0.8613238283534268,0.7922642087382658,0.010254238946435913,0.04137664822577308,0.03300470228036159,0.0173686517862293
1592,0.7960499999999678,1.7280275496162534e-08,1633.9632788093652,0.516717240611333,0.9493332590963496,0.8613624342306704,0.7923220400322895,0.01025358738222369,0.04137645357943432,0.03300425044517044,0.017368276902421494
1593,0.7965499999999678,1.727815273858161e-08,1633.9485810402525,0.5168517436197069,0.949347360218195,0.8614010186190173,0.7923798391361182,0.01025293596098496,0.04137625895290709,0.03300379866408692,0.017367902069423898
1594,0.7970499999999677,1.7276033973015717e-08,1633.9338931036802,0.5169861717815222,0.9493614534932242,0.8614395815364044,0.792437606076622,0.010252284682545092,0.04137606434615021,0.03300334693701281,0.01736752728715275
1595,0.7975499999999677,1.7273919198059345e-08,1633.9192149879748,0.5171205251592358,0.9493755389279843,0.8614781230007484,0.7924953408806392,0.010251633547497837,0.04137586975935217,0.033002895264382895,0.017367152555966516
1596,0.7980499999999676,1.7271808407332677e-08,1633.9045466845444,0.5172548038152356,0.9493896165290168,0.8615166430299467,0.7925530435749804,0.0102509825560501,0.041375675192585865,0.03300244364636371,0.017366777876001074
1597,0.7985499999999676,1.7269701591972807e-08,1633.8898881863415,0.5173890078118397,0.9494036863028541,0.8615551416418756,0.7926107141864241,0.010250331708215014,0.04137548064586637,0.033001992082987444,0.017366403247280837
1598,0.7990499999999675,1.7267598750587066e-08,1633.8752394817466,0.5175231372112973,0.9494177482560232,0.8615936188543929,0.7926683527417212,0.010249681004580551,0.04137528611938054,0.03300154057468513,0.01736602867016112
1599,0.7995499999999675,1.7265499871834955e-08,1633.8606005652703,0.517657192075788,0.9494318023950422,0.8616320746853354,0.7927259592675908,0.01024903044496456,0.0413750916130851,0.033001089121353556,0.017365654144553988
1600,0.8000499999999674,1.72634049543329e-08,1633.8459714253272,0.5177911724674228,0.9494458487264235,0.8616705091525211,0.7927835337907244,0.010248380029951381,0.04137489712716593,0.03300063772342142,0.01736527967081278
1601,0.8005499999999673,1.7261313991725963e-08,1633.8313520534032,0.5179250784482432,0.9494598872566705,0.8617089222737472,0.7928410763377818,0.010247729759739501,0.04137470266169362,0.033000186381049755,0.017364905249068783
1602,0.8010499999999673,1.7259226977664342e-08,1633.8167424410012,0.5180589100802223,0.9494739179922815,0.861747314066792,0.7928985869353952,0.010247079634525789,0.041374508216738284,0.03299973509439853,0.017364530879452368
1603,0.8015499999999672,1.7257143908289784e-08,1633.8021425781153,0.5181926674252639,0.9494879409397453,0.8617856845494132,0.7929560656101652,0.010246429654697072,0.041374313792426905,0.032999283863759665,0.017364156562203373
1604,0.8020499999999672,1.7255064772289534e-08,1633.7875524593228,0.5183263505452037,0.9495019561055457,0.8618240337393499,0.7930135123886648,0.010245779820063845,0.04137411938871408,0.032998832689025,0.01736378229722973
1605,0.8025499999999671,1.7252989570787494e-08,1633.7729720716054,0.518459959501808,0.9495159634961572,0.8618623616543205,0.7930709272974359,0.010245130131392558,0.04137392500584043,0.03299838157075015,0.017363408084990012
1606,0.8030499999999671,1.7250918292481367e-08,1633.7584014095694,0.5185934943567756,0.9495299631180492,0.8619006683120244,0.7931283103629924,0.010244480588490638,0.04137373064375968,0.03299793050882493,0.01736303392539045
1607,0.803549999999967,1.724885093601729e-08,1633.743840461753,0.5187269551717358,0.9495439549776818,0.8619389537301407,0.7931856616118172,0.010243831191929358,0.04137353630265416,0.032997479503669616,0.01736265981877733
1608,0.804049999999967,1.7246787495074135e-08,1633.729289219753,0.5188603420082504,0.9495579390815102,0.86197721792633,0.7932429810703657,0.010243181941895522,0.04137334198259118,0.03299702855543759,0.0173622857652755
1609,0.8045499999999669,1.724472796085123e-08,1633.714747676697,0.5189936549278125,0.9495719154359803,0.8620154609182319,0.7933002687650622,0.010242532838383403,0.04137314768358046,0.03299657766414856,0.017361911764898937
1610,0.8050499999999668,1.724267232952279e-08,1633.7002158226917,0.5191268939918474,0.9495858840475325,0.8620536827234678,0.7933575247223031,0.010241883881767859,0.04137295340574564,0.03299612683008661,0.017361537817880898
1611,0.8055499999999668,1.7240620597266843e-08,1633.685693647862,0.5192600592617119,0.9495998449225987,0.8620918833596385,0.7934147489684544,0.010241235072421813,0.041372759149209876,0.032995676053534616,0.017361163924453638
1612,0.8060499999999667,1.7238572757781508e-08,1633.6711811438668,0.5193931507986955,0.9496137980676053,0.8621300628443263,0.7934719415298542,0.01024058641052558,0.041372564914038644,0.032995225334641685,0.01736079008473843
1613,0.8065499999999667,1.7236528802286442e-08,1633.6566783038895,0.5195261686640192,0.9496277434889696,0.8621682211950931,0.79352910243281,0.01023993789606736,0.041372370700239955,0.03299477467342349,0.017360416298745882
1614,0.8070499999999666,1.7234488729456953e-08,1633.6421851165899,0.5196591129188368,0.949641681193104,0.862206358429482,0.7935862317036017,0.010239289529605681,0.04137217650799262,0.032994324070292076,0.017360042566815337
1615,0.8075499999999666,1.7232452530522348e-08,1633.627701575183,0.5197919836242338,0.9496556111864115,0.8622444745650163,0.7936433293684783,0.010238641311125597,0.04137198233730376,0.03299387352526104,0.017359668888955668
1616,0.8080499999999665,1.7230420201683218e-08,1633.613227669874,0.519924780841229,0.9496695334752903,0.8622825696192005,0.7937003954536619,0.010237993240991623,0.04137178818829415,0.03299342303860776,0.017359295265394488
1617,0.8085499999999665,1.7228391736661672e-08,1633.5987633923944,0.5200575046307726,0.9496834480661293,0.8623206436095189,0.7937574299853435,0.010237345319376192,0.04137159406102712,0.03299297261047615,0.017358921696248763
1618,0.8090499999999664,1.7226367129184723e-08,1633.5843087344908,0.5201901550537487,0.9496973549653125,0.8623586965534371,0.793814432989687,0.010236697546450218,0.04137139995556549,0.03299252224100916,0.017358548181634584
1619,0.8095499999999664,1.7224346377947723e-08,1633.5698636849102,0.5203227321709728,0.9497112541792148,0.8623967284684011,0.7938714044928258,0.010236049922763174,0.04137120587208564,0.03299207193061298,0.017358174721886405
1620,0.8100499999999663,1.7222329471722977e-08,1633.5554282384446,0.5204552360431943,0.949725145714206,0.862434739371838,0.7939283445208659,0.01023540244810257,0.04137101181053557,0.03299162167916408,0.017357801316899322
1621,0.8105499999999662,1.7220316409214477e-08,1633.5410023838729,0.5205876667310948,0.9497390295766469,0.862472729281155,0.7939852530998828,0.010234755123014519,0.04137081777109072,0.0329911714870665,0.017357427967005956
1622,0.8110499999999662,1.721830718168632e-08,1633.5265861145074,0.5207200242952894,0.9497529057728934,0.8625106982137409,0.7940421302559252,0.010234107947473689,0.04137062375375523,0.0329907213543269,0.017357054672209382
1623,0.8115499999999661,1.72163017853697e-08,1633.5121794206652,0.5208523087963256,0.9497667743092921,0.8625486461869644,0.7940989760150108,0.010233460921832941,0.04137042975864668,0.03299027128121508,0.01735668143273087
1624,0.8120499999999661,1.7214300216499524e-08,1633.497782292681,0.5209845202946849,0.9497806351921848,0.8625865732181758,0.7941557904031308,0.010232814046443283,0.041370235785882115,0.032989821267999604,0.01735630824879066
1625,0.812549999999966,1.721230246635449e-08,1633.4833947239083,0.5211166588507813,0.9497944884279044,0.8626244793247057,0.7942125734462457,0.010232167321274988,0.04137004183546447,0.03298937131468425,0.01735593512038941
1626,0.813049999999966,1.7210308531178625e-08,1633.4690167047122,0.5212487245249627,0.9498083340227785,0.8626623645238661,0.7942693251702894,0.01023152074667597,0.041369847907509916,0.03298892142153555,0.017355562047745653
1627,0.8135499999999659,1.720831840721965e-08,1633.4546482254739,0.5213807173775102,0.949822171983126,0.8627002288329493,0.794326045601165,0.010230874322992314,0.04136965400213416,0.03298847158881889,0.017355189031076964
1628,0.8140499999999659,1.7206332085770757e-08,1633.4402892795897,0.5215126374686385,0.9498360023152607,0.8627380722692293,0.7943827347647492,0.010230228050189947,0.04136946011933886,0.03298802181653513,0.01735481607038156
1629,0.8145499999999658,1.7204349563088718e-08,1633.4259398574704,0.5216444848584958,0.9498498250254873,0.8627758948499602,0.7944393926868881,0.010229581928611897,0.04136926625923888,0.032987572104947634,0.017354443165875325
1630,0.8150499999999657,1.720237083295545e-08,1633.4115999510418,0.5217762596071643,0.949863640120106,0.8628136965923778,0.7944960193934014,0.010228935958410392,0.04136907242189181,0.03298712245418703,0.01735407031766405
1631,0.8155499999999657,1.7200395891635878e-08,1633.3972695507473,0.5219079617746598,0.9498774476054078,0.8628514775136984,0.7945526149100783,0.010228290139925132,0.0413688786074116,0.032986672864514496,0.017353697525961807
1632,0.8160499999999656,1.7198424732920618e-08,1633.3829486485415,0.522039591420932,0.9498912474876785,0.8628892376311199,0.7946091792626817,0.010227644473305226,0.04136868481585496,0.03298622333605863,0.017353324790872666
1633,0.8165499999999656,1.7196457350605063e-08,1633.3686372363943,0.5221711486058647,0.9499050397731954,0.8629269769618206,0.7946657124769441,0.010226998958698379,0.04136849104727828,0.03298577386894705,0.01735295211249995
1634,0.8170499999999655,1.7194493740966737e-08,1633.3543353047944,0.5223026333892758,0.9499188244682306,0.8629646955229605,0.7947222145785714,0.010226353596439483,0.0413682973017941,0.032985324463437826,0.01735257949105507
1635,0.8175499999999655,1.7192533897809675e-08,1633.3400428457417,0.5224340458309171,0.9499326015790477,0.86300239333168,0.7947786855932396,0.010225708386673159,0.04136810357945794,0.03298487511965656,0.017352206926639645
1636,0.8180499999999654,1.7190577817419473e-08,1633.3257598497585,0.5225653859904753,0.9499463711119048,0.8630400704051018,0.7948351255465983,0.010225063329731034,0.04136790988038144,0.03298442583785917,0.017351834419463297
1637,0.8185499999999654,1.7188625491132234e-08,1633.3114863103601,0.5226966539275706,0.9499601330730516,0.8630777267603283,0.794891534464267,0.010224418425566349,0.0413677162045627,0.03298397661803808,0.017351461969517194
1638,0.8190499999999653,1.7186676915242422e-08,1633.2972222180986,0.5228278497017583,0.9499738874687329,0.8631153624144445,0.7949479123718386,0.01022377367450777,0.041367522552112526,0.03298352746044724,0.01735108957700933
1639,0.8195499999999653,1.718473208604806e-08,1633.2829675635423,0.5229589733725281,0.9499876343051843,0.8631529773845155,0.7950042592948766,0.01022312907688223,0.04136732892314131,0.032983078365339515,0.01735071724214676
1640,0.8200499999999652,1.7182790997375063e-08,1633.2687223387613,0.5230900249993041,0.9500013735886369,0.8631905716875884,0.7950605752589176,0.010222484632826873,0.0413671353177024,0.03298262933283556,0.017350344965026965
1641,0.8205499999999651,1.7180853643054026e-08,1633.2544865358404,0.5232210046414454,0.9500151053253127,0.863228145340691,0.7951168602894689,0.010221840342477475,0.041366941735848824,0.032982180363055155,0.017349972745746668
1642,0.8210499999999651,1.7178920016920183e-08,1633.2402601468764,0.5233519123582457,0.9500288295214291,0.8632656983608332,0.7951731144120112,0.010221196205968456,0.04136674817763318,0.03298173145611717,0.017349600584401808
1643,0.821549999999965,1.7176990117763185e-08,1633.2260431610148,0.5234827482089337,0.9500425461831946,0.8633032307650051,0.7952293376519957,0.010220552223808396,0.041366554643220546,0.032981282612401304,0.017349228481304595
1644,0.822049999999965,1.7175063936951318e-08,1633.2118355718667,0.5236135122526733,0.9500562553168127,0.8633407425701793,0.795285530034847,0.01021990839594079,0.04136636113260621,0.032980833831893465,0.01734885643644074
1645,0.8225499999999649,1.717314147080725e-08,1633.1976373700902,0.5237442045485629,0.9500699569284783,0.8633782337933089,0.7953416915859607,0.010219264722683313,0.041366167645897976,0.03298038511484044,0.017348484450012223
1646,0.8230499999999649,1.717122271318313e-08,1633.183448547841,0.5238748251556367,0.9500836510243814,0.863415704451329,0.7953978223307057,0.010218621204164433,0.04136597418314675,0.03297993646135715,0.017348112522111714
1647,0.8235499999999648,1.7169307657935732e-08,1633.1692690972875,0.5240053741328635,0.9500973376107034,0.8634531545611555,0.7954539222944217,0.010217977840511322,0.04136578074440313,0.03297948787155769,0.017347740652831158
1648,0.8240499999999648,1.7167396303873362e-08,1633.1550990076555,0.5241358515391482,0.9501110166936205,0.8634905841396866,0.7955099915024221,0.01021733463222437,0.04136558732982989,0.03297903934581641,0.017347368842478273
1649,0.8245499999999647,1.716548864238713e-08,1633.1409382726215,0.5242662574333304,0.9501246882793006,0.863527993203801,0.795566029979991,0.010216691579240341,0.04136539393942045,0.03297859088411475,0.017346997091035037
1650,0.8250499999999646,1.7163584667346747e-08,1633.126786884395,0.5243965918741861,0.9501383523739068,0.8635653817703599,0.7956220377523865,0.010216048681682147,0.04136520057322414,0.032978142486563944,0.017346625398591022
1651,0.8255499999999646,1.7161684377571805e-08,1633.1126448322495,0.5245268549204257,0.9501520089835929,0.863602749856205,0.7956780148448372,0.010215405940045417,0.04136500723140248,0.032977694153535284,0.017346253765451354
1652,0.8260499999999645,1.7159787766939498e-08,1633.0985121084261,0.5246570466306965,0.9501656581145086,0.8636400974781606,0.7957339612825459,0.0102147633544499,0.04136481391400393,0.032977245885137924,0.017345882191703882
1653,0.8265499999999645,1.7157894826859474e-08,1633.0843887066517,0.5247871670635805,0.9501792997727946,0.8636774246530317,0.795789877090686,0.010214120924827227,0.04136462062102041,0.03297679768134985,0.017345510677327692
1654,0.8270499999999644,1.715600555616252e-08,1633.070274616246,0.5249172162775968,0.9501929339645869,0.8637147313976056,0.7958457622944052,0.010213478651668299,0.041364427352612095,0.032976349542539245,0.01734513922262531
1655,0.8275499999999644,1.7154119948738636e-08,1633.0561698294907,0.5250471943311992,0.9502065606960127,0.8637520177286504,0.7959016169188217,0.010212836535088712,0.04136423410882631,0.03297590146881253,0.01734476782768229
1656,0.8280499999999643,1.7152237998482342e-08,1633.0420743386815,0.5251771012827784,0.9502201799731946,0.8637892836629169,0.7959574409890282,0.010212194575202787,0.041364040889709956,0.032975453460275285,0.017344396492583455
1657,0.8285499999999643,1.7150359699292673e-08,1633.0279881361246,0.5253069371906609,0.9502337918022467,0.8638265292171365,0.7960132345300881,0.010211552772123565,0.041363847695309645,0.032975005517032197,0.01734402521741292
1658,0.8290499999999642,1.7148485050014653e-08,1633.0139112112047,0.5254367021131096,0.9502473961892778,0.8638637544080234,0.7960689975670391,0.010210911126335542,0.04136365452578376,0.03297455763944729,0.017343654002469712
1659,0.8295499999999641,1.7146614042084207e-08,1632.9998435577265,0.5255663961083233,0.9502609931403886,0.8639009592522724,0.79612473012489,0.010210269637762405,0.04136346138112196,0.032974109827493235,0.01734328284772849
1660,0.8300499999999641,1.714474667188323e-08,1632.985785166571,0.5256960192344379,0.9502745826616751,0.8639381437665611,0.7961804322286238,0.010209628306699301,0.041363268261425695,0.032973662081402004,0.01734291175337882
1661,0.830549999999964,1.7142882935797003e-08,1632.971736028637,0.5258255715495249,0.9502881647592243,0.8639753079675481,0.7962361039031944,0.010208987133439767,0.04136307516679603,0.03297321440140452,0.017342540719609407
1662,0.831049999999964,1.714102282527485e-08,1632.9576961377657,0.5259550531115933,0.9503017394391188,0.8640124518718741,0.7962917451735304,0.010208346117903722,0.04136288209722148,0.03297276678747091,0.017342169746392768
1663,0.8315499999999639,1.7139166339179824e-08,1632.9436654834196,0.526084463978588,0.9503153067074325,0.8640495754961617,0.7963473560645313,0.010207705260567922,0.04136268905285834,0.032972319239960156,0.01734179883402372
1664,0.8320499999999639,1.713731347143899e-08,1632.9296440580035,0.5262138042083911,0.9503288665702346,0.8640866788570155,0.7964029366010714,0.010207064561535528,0.04136249603375036,0.03297187175897041,0.017341427982580888
1665,0.8325499999999638,1.713546421351499e-08,1632.9156318553962,0.5263430738588212,0.950342419033586,0.8641237619710213,0.7964584868079957,0.010206424020722766,0.041362303039885064,0.032971424344469306,0.017341057192034732
1666,0.8330499999999638,1.7133618566750354e-08,1632.9016288636453,0.5264722729876342,0.9503559641035424,0.8641608248547477,0.7965140067101241,0.010205783638787476,0.04136211007147335,0.03297097699694253,0.01734068646278502
1667,0.8335499999999637,1.7131776520147146e-08,1632.8876350781159,0.5266014016525226,0.9503695017861514,0.8641978675247444,0.7965694963322475,0.010205143415457545,0.04136191712844603,0.032970529716226216,0.017340315794693233
1668,0.8340499999999637,1.7129938072586216e-08,1632.8736504883464,0.5267304599111163,0.9503830320874559,0.8642348899975438,0.7966249556991318,0.010204503351202104,0.04136172421095722,0.03297008250267437,0.017339945188049988
1669,0.8345499999999636,1.712810321801507e-08,1632.8596750868094,0.5268594478209822,0.95039655501349,0.8642718922896596,0.7966803848355141,0.01020386344611767,0.04136153131904885,0.032969635356380735,0.017339574642930237
1670,0.8350499999999635,1.712627195285315e-08,1632.8457088645328,0.5269883654396245,0.9504100705702834,0.8643088744175882,0.796735783766106,0.010203223700484796,0.04136133845281828,0.032969188277567694,0.01733920415951551
1671,0.8355499999999635,1.7124444268588646e-08,1632.83175181547,0.5271172128244845,0.9504235787638572,0.8643458363978072,0.7967911525155906,0.010202584114212154,0.041361145612250856,0.032968741266197796,0.017338833737772022
1672,0.8360499999999634,1.7122620164116186e-08,1632.8178039292213,0.5272459900329418,0.9504370796002279,0.8643827782467771,0.796846491108626,0.010201944687762785,0.041360952797499004,0.032968294322621064,0.01733846337798706
1673,0.8365499999999634,1.712079963339916e-08,1632.8038651983131,0.5273746971223123,0.9504505730854036,0.8644196999809398,0.7969017995698415,0.010201305421227862,0.041360760008603135,0.03296784744692769,0.017338093080232604
1674,0.8370499999999633,1.7118982670405276e-08,1632.789935615282,0.5275033341498504,0.9504640592253877,0.8644566016167198,0.7969570779238414,0.010200666314697375,0.041360567245603254,0.03296740063920706,0.017337722844579944
1675,0.8375499999999633,1.7117169271572806e-08,1632.7760151712268,0.5276319011727477,0.9504775380261751,0.8644934831705232,0.7970123261952015,0.010200027368444914,0.04136037450859483,0.032966953899676986,0.017337352671206778
1676,0.8380499999999632,1.7115359430877316e-08,1632.762103858712,0.527760398248134,0.9504910094937561,0.8645303446587389,0.7970675444084724,0.01019938858255784,0.04136018179761712,0.03296650722842507,0.017336982560182936
1677,0.8385499999999632,1.7113553144764383e-08,1632.7482016688637,0.5278888254330764,0.9505044736341127,0.8645671860977373,0.7971227325881768,0.010198749957306954,0.041359989112764804,0.03296606062566727,0.017336612511684564
1678,0.8390499999999631,1.711175040721741e-08,1632.7343085942728,0.5280171827845804,0.9505179304532223,0.8646040075038717,0.7971778907588117,0.010198111492777006,0.0413597964540764,0.03296561409148951,0.017336242525780057
1679,0.839549999999963,1.7109951214689255e-08,1632.7204246260944,0.5281454703595893,0.9505313799570536,0.8646408088934766,0.7972330189448464,0.010197473189236014,0.0413596038216458,0.03296516762610588,0.017335872602644013
1680,0.840049999999963,1.710815556363602e-08,1632.7065497554995,0.5282736882149847,0.9505448221515711,0.8646775902828701,0.7972881171707251,0.010196835046950473,0.04135941121556644,0.0329647212297295,0.01733550274245022
1681,0.8405499999999629,1.71063634455877e-08,1632.6926839765638,0.528401836407586,0.9505582570427307,0.8647143516883512,0.7973431854608635,0.010196197065816886,0.04135921863582012,0.03296427490231473,0.017335132945158045
1682,0.8410499999999629,1.7104574857008404e-08,1632.6788272804833,0.5285299149941515,0.9505716846364838,0.8647510931262025,0.7973982238396528,0.010195559246099276,0.04135902608249956,0.032963828644073025,0.017334763210939866
1683,0.8415499999999628,1.710278979682961e-08,1632.6649796570266,0.528657924031377,0.9505851049387734,0.8647878146126876,0.7974532323314557,0.010194921588244222,0.041358833555752705,0.032963382455343665,0.017334393540073982
1684,0.8420499999999628,1.7101008254129384e-08,1632.6511411017486,0.5287858635758977,0.9505985179555378,0.8648245161640536,0.7975082109606105,0.01019428409196057,0.041358641055504686,0.032962936335949766,0.01733402393241101
1685,0.8425499999999627,1.7099230227846652e-08,1632.637311604445,0.5289137336842866,0.9506119236927074,0.8648611977965291,0.7975631597514272,0.010193646757692272,0.041358448581902685,0.03296249028622887,0.017333654388227777
1686,0.8430499999999627,1.70974557144591e-08,1632.6234911563702,0.5290415344130558,0.9506253221562075,0.8648978595263259,0.7976180787281911,0.010193009585697637,0.04135825613503783,0.03296204430638868,0.01733328490769353
1687,0.8435499999999626,1.709568470552135e-08,1632.6096797516716,0.5291692658186555,0.9506387133519557,0.8649345013696373,0.7976729679151595,0.010192372575866115,0.04135806371488989,0.03296159839637877,0.01733291549076366
1688,0.8440499999999626,1.709391719998188e-08,1632.5958773801908,0.5292969279574754,0.9506520972858645,0.8649711233426398,0.797727827336565,0.010191735728637205,0.04135787132160476,0.032961152556533785,0.01733254613771254
1689,0.8445499999999625,1.7092153189403447e-08,1632.5820840360984,0.5294245208858434,0.9506654739638383,0.8650077254614918,0.7977826570166123,0.010191099043898038,0.041357678955161556,0.03296070678680171,0.017332176848494255
1690,0.8450499999999624,1.70903926727411e-08,1632.5682997092651,0.5295520446600268,0.9506788433917771,0.8650443077423349,0.7978374569794816,0.010190462522085263,0.04135748661570537,0.032960261087515326,0.01733180762338162
1691,0.8455499999999624,1.7088635644027795e-08,1632.5545243924512,0.5296794993362316,0.9506922055755725,0.8650808702012922,0.7978922272493253,0.010189826163267052,0.04135729430327004,0.03295981545874945,0.01733143846243377
1692,0.8460499999999623,1.7086882097300675e-08,1632.5407580784272,0.5298068849706034,0.9507055605211118,0.8651174128544704,0.7979469678502709,0.010189189967510476,0.04135710201788906,0.03295936990057817,0.017331069365709207
1693,0.8465499999999623,1.7085132029062626e-08,1632.5270007585411,0.5299342016192262,0.9507189082342736,0.8651539357179577,0.7980016788064186,0.010188553935064668,0.04135690975965099,0.03295892441320312,0.0173307003333721
1694,0.8470499999999622,1.7083385433358307e-08,1632.51325242559,0.5300614493381242,0.9507322487209325,0.865190438807826,0.7980563601418438,0.010187918065994254,0.041356717528588605,0.03295847899669674,0.017330331365479585
1695,0.8475499999999622,1.708164230915872e-08,1632.4995130695181,0.5301886281832601,0.9507455819869546,0.8652269221401288,0.7981110118805944,0.010187282360728718,0.04135652532484507,0.0329580336513871,0.01732996246230055
1696,0.8480499999999621,1.707990264805443e-08,1632.4857826845805,0.5303157382105367,0.9507589080382015,0.8652633857309029,0.7981656340466938,0.010186646819147108,0.041356333148397095,0.03295758837721673,0.0173295936237845
1697,0.8485499999999621,1.707816644656231e-08,1632.4720612621788,0.5304427794757957,0.9507722268805269,0.8652998295961671,0.7982202266641379,0.010186011441493347,0.04135614099933177,0.03295714317438382,0.01732922485009271
1698,0.849049999999962,1.7076433701202354e-08,1632.4583487937311,0.530569752034819,0.9507855385197795,0.8653362537519239,0.7982747897568981,0.010185376228009921,0.041355948877735756,0.03295669804308558,0.017328856141385653
1699,0.849549999999962,1.7074704406037523e-08,1632.4446452720981,0.5306966559433279,0.9507988429618004,0.8653726582141574,0.7983293233489185,0.010184741178755292,0.04135575678364011,0.03295625298339035,0.017328487497717034
1700,0.8500499999999619,1.7072978555134885e-08,1632.4309506901493,0.5308234912569835,0.9508121402124258,0.8654090429988351,0.7983838274641185,0.010184106293786873,0.04135556471707554,0.03295580799536572,0.017328118919139938
1701,0.8505499999999618,1.7071256147484788e-08,1632.4172650379162,0.5309502580313864,0.950825430277484,0.8654454081219068,0.7984383021263906,0.01018347157352586,0.041355372678182886,0.03295536307933432,0.017327750405918697
1702,0.8510499999999618,1.7069537177160933e-08,1632.4035883082972,0.5310769563220779,0.9508387131627987,0.8654817535993058,0.7984927473596026,0.010182837018027024,0.04135518066699211,0.03295491823536201,0.01732738195810494
1703,0.8515499999999617,1.7067821638241113e-08,1632.3899204942013,0.5312035861845383,0.9508519888741854,0.865518079446947,0.7985471631875953,0.010182202627344093,0.04135498868353292,0.032954473463513934,0.01732701357574971
1704,0.8520499999999617,1.706610952726599e-08,1632.376261587125,0.5313301476741892,0.9508652574174554,0.8655543856807294,0.7986015496341851,0.010181568401711907,0.04135479672788979,0.03295402876398224,0.017326645259009232
1705,0.8525499999999616,1.7064400840779305e-08,1632.362611578582,0.5314566408463912,0.9508785187984119,0.8655906723165339,0.7986559067231611,0.010180934341363919,0.04135460480014687,0.032953584136958175,0.017326277008038984
1706,0.8530499999999616,1.7062695570411105e-08,1632.3489704629385,0.5315830657564459,0.9508917730228533,0.8656269393702247,0.7987102344782885,0.01018030044616824,0.041354412900277686,0.03295313958237681,0.017325908822782253
1707,0.8535499999999615,1.7060993715170793e-08,1632.3353382303105,0.5317094224595947,0.9509050200965703,0.8656631868576486,0.7987645329233051,0.010179666716537977,0.0413542210284208,0.032952695100555464,0.017325540703498916
1708,0.8540499999999615,1.705929527161196e-08,1632.3217148722508,0.5318357110110202,0.9509182600253491,0.865699414794636,0.7988188020819247,0.010179033152702691,0.041354029184659205,0.03295225069168279,0.017325172650342276
1709,0.8545499999999614,1.705760023137594e-08,1632.308100383162,0.5319619314658445,0.9509314928149675,0.8657356231969991,0.798873041977834,0.010178399754527181,0.04135383736896553,0.03295180635569163,0.01732480466325377
1710,0.8550499999999613,1.7055908593481226e-08,1632.2944947532026,0.532088083879131,0.9509447184711993,0.8657718120805342,0.7989272526346958,0.010177766522420426,0.041353645581477125,0.03295136209289656,0.017324436742490984
1711,0.8555499999999613,1.705422034957689e-08,1632.2808979767974,0.5322141683058833,0.9509579369998102,0.8658079814610194,0.7989814340761456,0.01017713345624511,0.041353453822165986,0.032950917903229,0.01732406888799415
1712,0.8560499999999612,1.705253549868767e-08,1632.2673100441334,0.5323401848010463,0.9509711484065614,0.8658441313542172,0.7990355863257953,0.010176500556407583,0.04135326209116875,0.032950473787001784,0.017323701100019396
1713,0.8565499999999612,1.7050854034926995e-08,1632.2537309482427,0.5324661334195049,0.950984352697206,0.8658802617758717,0.7990897094072296,0.01017586782294979,0.04135307038851172,0.03295002974427216,0.017323333378611167
1714,0.8570499999999611,1.704917595486868e-08,1632.240160680756,0.5325920142160857,0.950997549877493,0.8659163727417113,0.7991438033440093,0.010175235256093934,0.04135287871427582,0.03294958577522389,0.017322965723918667
1715,0.8575499999999611,1.7047501252633348e-08,1632.2265992347286,0.5327178272455556,0.951010739953163,0.8659524642674462,0.7991978681596684,0.010174602855879723,0.04135268706848673,0.03294914187991268,0.01732259813598507
1716,0.858049999999961,1.7045829924801478e-08,1632.213046601818,0.532843572562623,0.9510239229299525,0.8659885363687709,0.7992519038777172,0.01017397062252694,0.04135249545122465,0.03294869805852067,0.01732223061495823
1717,0.858549999999961,1.7044161965500843e-08,1632.1995027751022,0.5329692502219374,0.9510370988135901,0.8660245890613621,0.7993059105216389,0.010173338556073058,0.04135230386251462,0.0329482543111021,0.01732186316088007
1718,0.8590499999999609,1.7042497373774025e-08,1632.185967744855,0.5330948602780893,0.9510502676097998,0.8660606223608804,0.7993598881148933,0.010172706656916363,0.041352112302491015,0.03294781063796451,0.017321495774002275
1719,0.8595499999999608,1.7040836141299982e-08,1632.1724415055894,0.5332204027856103,0.9510634293242978,0.8660966362829688,0.7994138366809131,0.01017207492491105,0.04135192077112334,0.0329473670390335,0.017321128454260263
1720,0.8600499999999608,1.7039178264672466e-08,1632.1589240490118,0.5333458777989741,0.9510765839627958,0.8661326308432541,0.7994677562431076,0.010171443360272125,0.04135172926849045,0.032946923514488025,0.01732076120179921
1721,0.8605499999999607,1.7037523740488154e-08,1632.145415366843,0.533471285372595,0.9510897315309977,0.8661686060573458,0.7995216468248593,0.01017081196321328,0.041351537794670885,0.03294648006450619,0.017320394016763604
1722,0.8610499999999607,1.7035872565346698e-08,1632.1319154508187,0.5335966255608295,0.9511028720346032,0.8662045619408371,0.7995755084495271,0.010170180733946902,0.04135134634974275,0.032946036689265205,0.017320026899297174
1723,0.8615499999999606,1.7034224733396368e-08,1632.1184242940897,0.5337218984179751,0.9511160054793037,0.8662404985093038,0.7996293411404432,0.010169549672503614,0.041351154933729116,0.03294559338881469,0.017319659849437993
1724,0.8620499999999606,1.7032580238789344e-08,1632.1049418898187,0.5338471039982716,0.9511291318707866,0.866276415778306,0.7996831449209164,0.010168918778913094,0.04135096354665272,0.032945150163203575,0.01731929286722358
1725,0.8625499999999605,1.703093908058921e-08,1632.0914682283758,0.5339722423559,0.9511422512147314,0.866312313763386,0.7997369198142288,0.010168288053564626,0.041350772188645434,0.0329447070127335,0.01731892595290066
1726,0.8630499999999605,1.702930125295441e-08,1632.078003302948,0.5340973135449836,0.951155363516813,0.8663481924800702,0.7997906658436393,0.010167657496485464,0.04135058085972933,0.03294426393745176,0.017318559106505392
1727,0.8635499999999604,1.702766675004725e-08,1632.0645471067342,0.534222317619587,0.9511684687826986,0.8663840519438677,0.79984438303238,0.010167027107701947,0.04135038955992619,0.0329438209374051,0.01731819232807343
1728,0.8640499999999603,1.7026035568486928e-08,1632.0510996315434,0.5343472546337178,0.9511815670180512,0.8664198921702716,0.7998980714036599,0.010166396887419469,0.04135019828931216,0.03294337801276603,0.017317825617744597
1729,0.8645499999999603,1.7024407704895533e-08,1632.037660869199,0.5344721246413244,0.9511946582285259,0.8664557131747578,0.7999517309806612,0.010165766835842159,0.04135000704796305,0.03294293516370627,0.017317458975658034
1730,0.8650499999999602,1.7022783155898032e-08,1632.0242308115373,0.5345969276962985,0.9512077424197733,0.8664915149727861,0.8000053617865431,0.010165136953172862,0.04134981583595425,0.0329424923903967,0.01731709240195217
1731,0.8655499999999602,1.7021161915669895e-08,1632.010809451805,0.5347216638524732,0.9512208195974367,0.8665272975797993,0.8000589638444383,0.010164507239433414,0.04134962465330629,0.03294204969288097,0.017316725896660116
1732,0.8660499999999601,1.7019543978390386e-08,1631.9973967832586,0.5348463331636245,0.9512338897671543,0.8665630610112242,0.8001125371774562,0.010163877694644743,0.041349433500039376,0.03294160707120212,0.01731635945981445
1733,0.8665499999999601,1.7017929343146372e-08,1631.9839927963758,0.5349709356834702,0.9512469529345573,0.8665988052824701,0.8001660818086801,0.010163248319185981,0.041349242376282534,0.03294116452565508,0.017315993091656295
1734,0.86704999999996,1.701631800167162e-08,1631.9705974858314,0.5350954714656713,0.9512600091052721,0.8666345304089311,0.8002195977611699,0.010162619112896237,0.041349051282000795,0.03294072205615507,0.017315626792112425
1735,0.86754999999996,1.7014709953058917e-08,1631.9572108421298,0.5352199405638304,0.9512730582849176,0.8666702364059835,0.8002730850579592,0.010161990076152228,0.04134886021732251,0.03294027966299544,0.017315260561422623
1736,0.8680499999999599,1.7013105193951753e-08,1631.9438328571835,0.5353443430314935,0.9512861004791083,0.8667059232889884,0.8003265437220589,0.01016136120914976,0.04134866918232107,0.032939837346342336,0.01731489439972138
1737,0.8685499999999599,1.701150371609451e-08,1631.9304635256985,0.5354686789221489,0.951299135693451,0.8667415910732892,0.8003799737764533,0.010160732511724996,0.0413484781769607,0.032939395106109,0.0173145283069338
1738,0.8690499999999598,1.700990551858846e-08,1631.9171028382204,0.5355929482892279,0.9513121639335482,0.8667772397742141,0.8004333752441037,0.010160103984250907,0.04134828720136862,0.03293895294258626,0.017314162283297584
1739,0.8695499999999597,1.7008310595635754e-08,1631.903750788088,0.5357171511861043,0.9513251852049948,0.8668128694070737,0.8004867481479456,0.010159475626740818,0.04134809625556291,0.03293851085581203,0.017313796328841037
1740,0.8700499999999597,1.7006718943892545e-08,1631.8904073672609,0.5358412876660952,0.951338199513381,0.8668484799871633,0.8005400925108912,0.010158847439386122,0.04134790533961568,0.03293806884594949,0.017313430443696164
1741,0.8705499999999596,1.7005130560017806e-08,1631.8770725677136,0.5359653577824603,0.9513512068642901,0.8668840715297611,0.8005934083558268,0.010158219422376973,0.04134771445359878,0.03293762691316104,0.01731306462799432
1742,0.8710499999999596,1.700354543577365e-08,1631.8637463842053,0.5360893615884029,0.9513642072633004,0.8669196440501294,0.8006466957056156,0.010157591575544786,0.04134752359747493,0.03293718505735661,0.017312698881657863
1743,0.8715499999999595,1.70019635702756e-08,1631.850428807345,0.5362132991370688,0.951377200715983,0.8669551975635139,0.8006999545830952,0.010156963899256478,0.04134733277136974,0.03293674327882305,0.01731233320492115
1744,0.8720499999999595,1.7000384960191682e-08,1631.8371198291447,0.5363371704815476,0.9513901872279044,0.8669907320851444,0.80075318501108,0.010156336393698815,0.04134714197535401,0.032936301577720456,0.017311967597913598
1745,0.8725499999999594,1.6998809599743565e-08,1631.8238194430119,0.5364609756748717,0.9514031668046236,0.867026247630234,0.8008063870123584,0.01015570905887885,0.04134695120944398,0.03293585995408248,0.017311602060659983
1746,0.8730499999999594,1.6997237485605507e-08,1631.81052764098,0.5365847147700175,0.9514161394516956,0.8670617442139797,0.8008595606096965,0.010155081894981202,0.04134676047370983,0.03293541840806777,0.017311236593288513
1747,0.8735499999999593,1.6995668612005847e-08,1631.7972444164782,0.5367083878199039,0.9514291051746673,0.8670972218515622,0.8009127058258342,0.010154454902010954,0.041346569768167245,0.03293497693970864,0.017310871195822836
1748,0.8740499999999592,1.6994102978073523e-08,1631.7839697601846,0.5368319948773945,0.9514420639790818,0.8671326805581466,0.8009658226834887,0.010153828080328815,0.041346379092939985,0.03293453554928781,0.017310505868493843
1749,0.8745499999999592,1.6992540575594586e-08,1631.7707036669317,0.5369555359952954,0.9514550158704744,0.8671681203488808,0.8010189112053515,0.010153201429759508,0.04134618844798888,0.032934094236710634,0.017310140611220097
1750,0.8750499999999591,1.69909814037037e-08,1631.7574461274223,0.5370790112263573,0.9514679608543762,0.8672035412388974,0.8010719714140914,0.01015257495066145,0.04134599783343709,0.032933653002258305,0.017309775424231212
1751,0.8755499999999591,1.6989425456641782e-08,1631.7441971351302,0.5372024206232737,0.9514808989363108,0.8672389432433123,0.8011250033323514,0.010151948643035575,0.04134580724929905,0.03293321184596031,0.017309410307548484
1752,0.876049999999959,1.698787273110094e-08,1631.7309566821639,0.537325764238683,0.9514938301217976,0.8672743263772259,0.8011780069827521,0.010151322507059865,0.04134561669564305,0.03293277076797086,0.01730904526129641
1753,0.876549999999959,1.6986323221328675e-08,1631.7177247620182,0.5374490421251664,0.951506754416348,0.8673096906557216,0.8012309823878883,0.010150696542733336,0.04134542617248299,0.03293232976831813,0.017308680285495193
1754,0.8770499999999589,1.6984776926470335e-08,1631.70450136545,0.53757225433525,0.9515196718254699,0.8673450360938678,0.8012839295703322,0.010150070750409603,0.04134523567994064,0.03293188884728013,0.017308315380371787
1755,0.8775499999999589,1.6983233838332412e-08,1631.6912864873514,0.5376954009214033,0.9515325823546632,0.8673803627067159,0.8013368485526307,0.010149445129907883,0.041345045217975204,0.0329314480047584,0.01730795054584158
1756,0.8780499999999588,1.6981693958512576e-08,1631.6780801171315,0.5378184819360405,0.9515454860094238,0.867415670509302,0.8013897393573078,0.01014881968175707,0.04134485478676187,0.032931007241154574,0.01730758578223382
1757,0.8785499999999588,1.6980157276377164e-08,1631.664882251076,0.5379414974315194,0.9515583827952399,0.8674509595166455,0.8014426020068626,0.010148194405596975,0.041344664386205224,0.032930566556243795,0.01730722108935927
1758,0.8790499999999587,1.6978623793529018e-08,1631.6516928786211,0.5380644474601426,0.9515712727175957,0.8674862297437507,0.8014954365237711,0.010147569301954084,0.041344474016479775,0.03293012595042608,0.017306856467545855
1759,0.8795499999999586,1.6977093501787874e-08,1631.6385119947,0.5381873320741565,0.951584155781968,0.8675214812056048,0.8015482429304842,0.010146944370643951,0.04134428367754363,0.03292968542360047,0.017306491916706846
1760,0.8800499999999586,1.6975566400315268e-08,1631.6253395901456,0.5383101513257524,0.9515970319938291,0.8675567139171801,0.8016010212494306,0.010146319612013227,0.0413440933695166,0.03292924497604033,0.017306127437065333
1761,0.8805499999999585,1.6974042483383403e-08,1631.6121756585433,0.5384329052670659,0.9516099013586439,0.8675919278934324,0.8016537715030132,0.010145695026052882,0.04134390309241025,0.03292880460776837,0.017305763028636956
1762,0.8810499999999585,1.6972521747713396e-08,1631.5990201921202,0.5385555939501773,0.9516227638818735,0.867627123149302,0.8017064937136131,0.010145070612930103,0.04134371284628974,0.032928364318931536,0.017305398691540148
1763,0.8815499999999584,1.6971004187583865e-08,1631.5858731844812,0.5386782174271111,0.9516356195689712,0.8676622996997126,0.8017591879035857,0.010144446372634008,0.041343522631166085,0.03292792410955126,0.017305034425789498
1764,0.8820499999999584,1.6969489799721907e-08,1631.5727346278766,0.5388007757498371,0.9516484684253863,0.8676974575595732,0.8018118540952642,0.010143822305329784,0.04134333244710389,0.03292748397977314,0.017304670231502305
1765,0.8825499999999583,1.696797858330195e-08,1631.5596045132052,0.5389232689702694,0.9516613104565604,0.8677325967437755,0.8018644923109567,0.010143198411358228,0.04134314229422136,0.03292704392986669,0.017304306108898427
1766,0.8830499999999583,1.6966470530166775e-08,1631.546482835469,0.5390456971402675,0.9516741456679314,0.8677677172671966,0.8019171025729491,0.010142574690528672,0.04134295217247471,0.032926603959726596,0.017303942057887548
1767,0.8835499999999582,1.6964965639496315e-08,1631.5333695855916,0.5391680603116353,0.9516869740649294,0.8678028191446971,0.8019696849035022,0.010141951143179763,0.04134276208198152,0.03292616406962093,0.01730357807868831
1768,0.8840499999999581,1.6963463903140145e-08,1631.5202647585947,0.5392903585361221,0.9516997956529807,0.8678379023911226,0.8020222393248544,0.010141327769119206,0.04134257202269748,0.032925724259443234,0.01730321417120945
1769,0.8845499999999581,1.69619653227275e-08,1631.5071683440647,0.5394125918654218,0.9517126104375038,0.8678729670213018,0.8020747658592192,0.01014070456885991,0.04134238199479337,0.032925284529584625,0.01730285033577141
1770,0.885049999999958,1.696046989011408e-08,1631.4940803370441,0.5395347603511741,0.9517254184239136,0.8679080130500488,0.802127264528788,0.010140081542207703,0.041342191998224344,0.032924844879937354,0.01730248657228184
1771,0.885549999999958,1.6958977602046715e-08,1631.4810007298647,0.5396568640449634,0.9517382196176171,0.8679430404921611,0.8021797353557273,0.010139458689320466,0.04134200203305296,0.03292440531064211,0.017302122880853966
1772,0.8860499999999579,1.6957488457718004e-08,1631.4679295135143,0.5397789029983197,0.9517510140240175,0.8679780493624212,0.8022321783621812,0.010138836010531126,0.04134181209939513,0.03292396582196316,0.017301759261703235
1773,0.8865499999999579,1.695600244899343e-08,1631.4548666830622,0.539900877262718,0.9517638016485107,0.8680130396755953,0.8022845935702693,0.010138213505643002,0.04134162219720531,0.03292352641379099,0.01730139571473587
1774,0.8870499999999578,1.695451957507101e-08,1631.4418122295206,0.5400227868895793,0.9517765824964883,0.8680480114464346,0.802336981002089,0.010137591174986903,0.04134143232659881,0.03292308708638847,0.017301032240166134
1775,0.8875499999999578,1.6953039830265456e-08,1631.4287661466242,0.5401446319302696,0.9517893565733346,0.868082964689674,0.8023893406797126,0.010136969018540455,0.04134124248758326,0.03292264783976916,0.017300668838002065
1776,0.8880499999999577,1.6951563211337207e-08,1631.415728426763,0.5402664124361011,0.9518021238844301,0.8681178994200336,0.802441672625191,0.010136347036456333,0.041341052680219675,0.03292220867407024,0.017300305508353934
1777,0.8885499999999577,1.6950089715049307e-08,1631.4026990623397,0.5403881284583307,0.9518148844351475,0.8681528156522169,0.8024939768605499,0.010135725228886129,0.04134086290456881,0.03292176958942815,0.017299942251331427
1778,0.8890499999999576,1.6948619335725492e-08,1631.3896780471207,0.5405097800481621,0.9518276382308558,0.8681877134009129,0.8025462534077933,0.010135103595804742,0.04134067316063743,0.032921330585854586,0.017299579066941
1779,0.8895499999999575,1.6947152072576256e-08,1631.376665372179,0.5406313672567439,0.9518403852769166,0.868222592680794,0.8025985022889002,0.01013448213753741,0.04134048344853932,0.03292089166360869,0.017299215955393837
1780,0.8900499999999575,1.6945687917489394e-08,1631.3636610326532,0.5407528901351714,0.9518531255786874,0.8682574535065181,0.8026507235258283,0.0101338608538816,0.04134029376822713,0.032920452822576884,0.01729885291659274
1781,0.8905499999999574,1.6944226869680737e-08,1631.3506650196405,0.5408743487344849,0.9518658591415184,0.8682922958927266,0.8027029171405101,0.010133239745160507,0.04134010411981405,0.03292001406301693,0.01729848995074774
1782,0.8910499999999574,1.6942768925926784e-08,1631.3376773256011,0.5409957431056717,0.951878585970756,0.8683271198540464,0.8027550831548567,0.01013261881152063,0.041339914503359304,0.03291957538506183,0.01729812705796565
1783,0.8915499999999573,1.694131407812488e-08,1631.3246979457006,0.5411170732996645,0.9518913060717389,0.868361925405088,0.8028072215907543,0.010131998052757026,0.04133972491881486,0.03291913678859632,0.017297764238147877
1784,0.8920499999999573,1.6939862327939133e-08,1631.3117268697265,0.5412383393673426,0.9519040194498022,0.8683967125604474,0.8028593324700678,0.010131377469364818,0.041339535366346436,0.03291869827399977,0.017297401491605018
1785,0.8925499999999572,1.693841366971324e-08,1631.2987640915205,0.541359541359531,0.9519167261102733,0.8684314813347042,0.8029114158146371,0.010130757061312329,0.041339345845958934,0.032918259841279385,0.017297038818339806
1786,0.8930499999999572,1.6936968097794236e-08,1631.285809604932,0.5414806793270016,0.9519294260584761,0.8684662317424233,0.8029634716462808,0.01013013682856717,0.04133915635765701,0.032917821490441854,0.017296676218354536
1787,0.8935499999999571,1.6935525608972552e-08,1631.2728634024752,0.5416017533204722,0.9519421192997268,0.8685009637981539,0.8030154999867927,0.010129516771271099,0.04133896690149854,0.032917383221616976,0.017296313691753332
1788,0.894049999999957,1.6934086202480912e-08,1631.2599254753359,0.5417227633906077,0.951954805839338,0.8685356775164301,0.8030675008579455,0.010128896889739608,0.04133877747759449,0.032916945035057356,0.017295951238741916
1789,0.894549999999957,1.693264987023495e-08,1631.2469958187367,0.5418437095880184,0.9519674856826147,0.8685703729117702,0.8031194742814871,0.01012827718376277,0.04133858808589533,0.032916506930644275,0.017295588859218818
1790,0.8950499999999569,1.693121661147263e-08,1631.2340744238852,0.5419645919632624,0.9519801588348583,0.8686050499986778,0.8031714202791439,0.010127657653654087,0.04133839872651144,0.032916068908629005,0.01729522655338865
1791,0.8955499999999569,1.6929786420555215e-08,1631.2211612846834,0.5420854105668435,0.9519928253013625,0.8686397087916405,0.8032233388726181,0.01012703829937668,0.04133820939944617,0.032915630969015154,0.017294864321251144
1792,0.8960499999999568,1.6928359294286268e-08,1631.2082563937022,0.542206165449213,0.9520054850874177,0.8686743493051314,0.8032752300835905,0.010126419121067405,0.04133802010475597,0.0329151931119292,0.017294502162907642
1793,0.8965499999999568,1.6926935229471836e-08,1631.1953597435245,0.5423268566607683,0.9520181381983063,0.8687089715536075,0.8033270939337172,0.0101258001188621,0.04133783084249701,0.0329147553374969,0.017294140078458933
1794,0.8970499999999567,1.6925514222920456e-08,1631.182471326745,0.5424474842518543,0.9520307846393075,0.8687435755515113,0.8033789304446334,0.01012518129289558,0.04133764161272513,0.03291431764584336,0.01729377806800521
1795,0.8975499999999567,1.6924096271443134e-08,1631.1695911359711,0.5425680482727623,0.9520434244156927,0.8687781613132693,0.8034307396379496,0.010124562643301653,0.04133745241549594,0.03291388003709301,0.017293416131646113
1796,0.8980499999999566,1.6922681366977037e-08,1631.1567191664885,0.5426885487737311,0.95205605753273,0.8688127288532939,0.8034825215352555,0.010123944169864943,0.04133726325075819,0.03291344251112323,0.01729305426927698
1797,0.8985499999999566,1.6921269511215244e-08,1631.1438554082554,0.542808985804946,0.9520686839956797,0.868847278185981,0.8035342761581161,0.010123325873065749,0.04133707411867349,0.0329130050683036,0.01729269248120021
1798,0.8990499999999565,1.691986069610066e-08,1631.130999856578,0.54292935941654,0.9520813038097987,0.8688818093257126,0.8035860035280754,0.010122707752687022,0.0413368850191901,0.03291256770851038,0.01729233076731018
1799,0.8995499999999564,1.6918454923330455e-08,1631.1181525014397,0.5430496696585928,0.9520939169803363,0.8689163222868543,0.8036377036666533,0.010122089809206718,0.04133669595246896,0.03291213043211159,0.017291969127907984
1800,0.9000499999999564,1.691705218241592e-08,1631.1053133394987,0.5431699165811321,0.9521065235125382,0.868950817083758,0.8036893765953483,0.010121472042232394,0.04133650691840467,0.03291169323885937,0.017291607562785357
1801,0.9005499999999563,1.6915652475058914e-08,1631.092482360762,0.5432901002341323,0.9521191234116428,0.8689852937307591,0.803741022335635,0.010120854452239925,0.041336317917157576,0.03291125612912035,0.01729124607224224
1802,0.9010499999999563,1.69142557956513e-08,1631.0796595592442,0.5434102206675153,0.9521317166828848,0.869019752242179,0.803792640908967,0.010120237039182804,0.041336128948728165,0.03291081910289152,0.01729088465627283
1803,0.9015499999999562,1.691286213858818e-08,1631.066844928966,0.5435302779311508,0.9521443033314916,0.8690541926323232,0.8038442323367733,0.010119619803013867,0.04133594001311673,0.03291038216016937,0.017290523314870975
1804,0.9020499999999562,1.691147150557749e-08,1631.0540384599758,0.5436502720748561,0.9521568833626867,0.869088614915483,0.8038957966404624,0.010119002744205526,0.04133575111048261,0.032909945301318265,0.01729016204833467
1805,0.9025499999999561,1.6910083886146322e-08,1631.0412401489714,0.5437702031483955,0.9521694567816865,0.8691230191059337,0.8039473338414187,0.010118385862361946,0.041335562240719395,0.032909508526087886,0.01728980085645365
1806,0.903049999999956,1.690869928200724e-08,1631.028449986024,0.5438900712014818,0.9521820235937039,0.8691574052179366,0.8039988439610055,0.010117769157953491,0.041335373403985826,0.032909071834841215,0.017289439739524768
1807,0.903549999999956,1.6907317687565835e-08,1631.0156679651973,0.544009876283775,0.9521945838039441,0.8691917732657373,0.8040503270205622,0.010117152630929441,0.04133518460028116,0.03290863522757233,0.01728907869753983
1808,0.9040499999999559,1.6905939099666608e-08,1631.0028940792392,0.5441296184448833,0.9522071374176089,0.8692261232635667,0.8041017830414073,0.0101165362814115,0.041334995829657446,0.03290819870439739,0.0172887177305916
1809,0.9045499999999559,1.6904563515156486e-08,1630.990128320909,0.5442492977343624,0.9522196844398927,0.8692604552256408,0.8041532120448354,0.01011592010952042,0.04133480709216647,0.03290776226543193,0.017288356838772313
1810,0.9050499999999558,1.6903190928449437e-08,1630.9773706842977,0.5443689142017165,0.9522322248759866,0.8692947691661607,0.8042046140521202,0.010115304115203082,0.04133461838780673,0.032907325910668354,0.017287996022072368
1811,0.9055499999999558,1.690182133639776e-08,1630.9646211621853,0.5444884678963973,0.9522447587310738,0.8693290650993121,0.8042559890845117,0.010114688298578573,0.04133442971662953,0.03290688964022104,0.017287635280583045
1812,0.9060499999999557,1.6900454735856116e-08,1630.9518797473604,0.5446079588678051,0.9522572860103345,0.8693633430392667,0.8043073371632389,0.010114072659765012,0.04133424107868586,0.032906453454203705,0.017287274614395068
1813,0.9065499999999557,1.6899091126116318e-08,1630.9391464313062,0.544727387165288,0.9522698067189413,0.8693976030001805,0.8043586583095073,0.010113457199052218,0.04133405247407936,0.03290601735285179,0.017286914023699786
1814,0.9070499999999556,1.6897730499168093e-08,1630.9264212094736,0.5448467528381427,0.9522823208620634,0.8694318449961953,0.8044099525445014,0.01011284191621105,0.04133386390275463,0.03290558133603301,0.017286553508384504
1815,0.9075499999999556,1.6896372854308183e-08,1630.913704073367,0.5449660559356136,0.9522948284448626,0.8694660690414375,0.8044612198893822,0.010112226811529519,0.04133367536481482,0.03290514540398157,0.017286193068639558
1816,0.9080499999999555,1.6895018185966563e-08,1630.900995017136,0.5450852965068944,0.9523073294724971,0.8695002751500193,0.80451246036529,0.010111611884949573,0.04133348686025694,0.03290470955668642,0.017285832704452494
1817,0.9085499999999554,1.6893666491010344e-08,1630.888294033624,0.5452044746011263,0.9523198239501179,0.8695344633360373,0.804563673993341,0.010110997136584877,0.04133329838913072,0.03290427379425828,0.017285472415911517
1818,0.9090499999999554,1.6892317768742733e-08,1630.8756011143714,0.5453235902673998,0.9523323118828727,0.8695686336135744,0.8046148607946316,0.010110382566720368,0.04133310995153836,0.03290383811692926,0.017285112203205225
1819,0.9095499999999553,1.6890972011167785e-08,1630.8629162548723,0.5454426435547536,0.9523447932759015,0.8696027859966977,0.8046660207902339,0.010109768175123315,0.04133292154742343,0.03290340252456455,0.017284752066218823
1820,0.9100499999999553,1.68896292175936e-08,1630.8502394466875,0.545561634512175,0.9523572681343411,0.8696369204994604,0.8047171540011997,0.010109153962076891,0.041332733176887584,0.032902967017395084,0.0172843920051399
1821,0.9105499999999552,1.6888289384896637e-08,1630.8375706827048,0.5456805631885999,0.9523697364633209,0.8696710371359002,0.8047682604485572,0.010108539927691042,0.04133254483997948,0.03290253159552903,0.01728403202005456
1822,0.9110499999999552,1.68869525075227e-08,1630.8249099571321,0.5457994296329137,0.9523821982679669,0.869705135920041,0.8048193401533144,0.010107926071902898,0.04133235653669473,0.032902096258952,0.017283672110947567
1823,0.9115499999999551,1.6885618584786286e-08,1630.8122572615666,0.5459182338939497,0.9523946535533978,0.8697392168658911,0.8048703931364553,0.010107312394992619,0.04133216826713419,0.03290166100789293,0.01728331227800485
1824,0.9120499999999551,1.6884287611138235e-08,1630.7996125902364,0.546036976020491,0.952407102324729,0.869773279987445,0.8049214194189438,0.01010669889689568,0.04133198003129297,0.03290122584233629,0.01728295252121023
1825,0.912549999999955,1.6882959581032438e-08,1630.786975937378,0.5461556560612687,0.9524195445870685,0.8698073252986819,0.8049724190217202,0.01010608557754698,0.04133179182916605,0.032900790762266145,0.017282592840547187
1826,0.913049999999955,1.6881634496222577e-08,1630.7743472933132,0.5462742740649641,0.9524319803455206,0.8698413528135669,0.8050233919657047,0.01010547243739549,0.04133160366090611,0.03290035576803128,0.017282233236300702
1827,0.9135499999999549,1.6880312348734936e-08,1630.761726653607,0.5463928300802067,0.9524444096051828,0.86987536254605,0.8050743382717938,0.010104859476202748,0.04133141552645493,0.03289992085949279,0.017281873708352616
1828,0.9140499999999548,1.6878993137895183e-08,1630.749114009912,0.5465113241555757,0.9524568323711492,0.8699093545100672,0.8051252579608639,0.010104246694244213,0.041331227425912,0.03289948603687642,0.01728151425688618
1829,0.9145499999999548,1.6877676858167182e-08,1630.7365093565038,0.5466297563395991,0.9524692486485062,0.8699433287195393,0.8051761510537677,0.010103634091451503,0.0413310393592713,0.03289905130016396,0.017281154881882994
1830,0.9150499999999547,1.687636350644934e-08,1630.723912686361,0.5467481266807548,0.9524816584423373,0.8699772851883733,0.8052270175713383,0.010103021667926895,0.04133085132657918,0.03289861664945833,0.01728079558342476
1831,0.9155499999999547,1.687505307964232e-08,1630.711323992475,0.5468664352274696,0.9524940617577184,0.8700112239304607,0.8052778575343849,0.010102409423771785,0.04133066332788177,0.03289818208486181,0.017280436361592696
1832,0.9160499999999546,1.6873745577080156e-08,1630.6987432665442,0.5469846820281201,0.9525064585997224,0.8700451449596797,0.8053286709636969,0.010101797359257713,0.041330475363277414,0.03289774760659752,0.01728007721656785
1833,0.9165499999999546,1.687244099080572e-08,1630.686170504184,0.547102867131032,0.9525188489734145,0.8700790482898928,0.8053794578800402,0.010101185474142117,0.04133028743270664,0.032897313214523646,0.017279718148229643
1834,0.9170499999999545,1.6871139320157762e-08,1630.6736056971142,0.547220990584481,0.952531232883857,0.8701129339349492,0.8054302183041607,0.010100573768694861,0.04133009953626731,0.03289687890886214,0.01727935915675818
1835,0.9175499999999545,1.6869840559615514e-08,1630.6610488396664,0.5473390524366923,0.9525436103361048,0.8701468019086824,0.8054809522567813,0.010099962242843005,0.041329911673952044,0.03289644468959164,0.017279000242132414
1836,0.9180499999999544,1.686854470852188e-08,1630.6484999235836,0.5474570527358408,0.9525559813352092,0.8701806522249129,0.8055316597586045,0.010099350896854493,0.04132972384585816,0.03289601055693278,0.01727864140453136
1837,0.9185499999999543,1.6867251761360976e-08,1630.6359589432159,0.547574991530051,0.952568345886215,0.8702144848974455,0.8055823408303099,0.010098739730654801,0.0413295360519778,0.03289557651086309,0.017278282643933073
1838,0.9190499999999543,1.686596171747982e-08,1630.6234258903298,0.5476928688673977,0.9525807039941627,0.8702482999400715,0.8056329954925568,0.01009812874450997,0.04132934829240773,0.03289514255160195,0.017277923960515498
1839,0.9195499999999542,1.686467456893763e-08,1630.6109007605899,0.5478106847959049,0.9525930556640867,0.8702820973665671,0.8056836237659821,0.010097517938173444,0.041329160567087235,0.032894708679004694,0.017277565354155682
1840,0.9200499999999542,1.6863390317515672e-08,1630.5983835444881,0.5479284393635475,0.9526054009010172,0.8703158771906951,0.8057342256712019,0.010096907312079996,0.04132897287616497,0.03289427489341062,0.017277206825130686
1841,0.9205499999999541,1.6862108955278378e-08,1630.5858742377072,0.5480461326182495,0.9526177397099777,0.8703496394262029,0.8057848012288099,0.010096296865981683,0.04132878521957981,0.032893841194674076,0.017276848373316743
1842,0.9210499999999541,1.6860830481581502e-08,1630.5733728320552,0.548163764607886,0.9526300720959882,0.8703833840868245,0.8058353504593797,0.010095686600141013,0.04132859759742748,0.03289340758301205,0.017276489998889803
1843,0.921549999999954,1.685955489092426e-08,1630.5608793219376,0.5482813353802811,0.9526423980640616,0.8704171111862787,0.8058858733834617,0.010095076514479051,0.04132841000969879,0.03289297405839896,0.01727613170182534
1844,0.922049999999954,1.6858282182666488e-08,1630.5483936991861,0.5483988449832102,0.9526547176192076,0.8704508207382712,0.805936370021587,0.010094466609256439,0.041328222456488956,0.032892540621050514,0.01727577348229825
1845,0.9225499999999539,1.6857012351312163e-08,1630.5359159582251,0.5485162934643983,0.9526670307664288,0.8704845127564921,0.8059868403942633,0.010093856884392703,0.041328034937788326,0.03289210727094009,0.017275415340283127
1846,0.9230499999999539,1.6855745396225198e-08,1630.5234460909082,0.5486336808715214,0.9526793375107241,0.8705181872546185,0.8060372845219788,0.010093247340146631,0.04132784745369157,0.03289167400828214,0.01727505727595381
1847,0.9235499999999538,1.6854481311914352e-08,1630.510984091679,0.548751007252205,0.9526916378570859,0.8705518442463123,0.8060877024251987,0.010092637976436235,0.04132766000418859,0.03289124083304897,0.017274699289284014
1848,0.9240499999999537,1.685322009289131e-08,1630.498529954987,0.5488682726540263,0.9527039318105028,0.8705854837452218,0.8061380941243685,0.010092028793179018,0.04132747258926908,0.032890807745212476,0.01727434138024712
1849,0.9245499999999537,1.6851961740954497e-08,1630.4860836714313,0.5489854771245117,0.9527162193759567,0.8706191057649808,0.806188459639911,0.01009141979080089,0.04132728520907922,0.032890374745106046,0.01727398354911524
1850,0.9250499999999536,1.685070624819204e-08,1630.4736452367683,0.5491026207111396,0.9527285005584261,0.8706527103192094,0.8062387989922294,0.010090810969048049,0.041327097863556,0.03288994183257981,0.017273625795761118
1851,0.9255499999999536,1.6849453616406026e-08,1630.4612146416214,0.5492197034613379,0.952740775362882,0.8706862974215127,0.8062891122017039,0.01009020232834442,0.04132691055284503,0.03288950900796583,0.017273268120455758
1852,0.9260499999999535,1.6848203837689653e-08,1630.4487918817626,0.549336725422486,0.952753043794293,0.8707198670854828,0.8063393992886951,0.010089593868434877,0.04132672327688291,0.032889076271113295,0.01727291052307113
1853,0.9265499999999535,1.684695690899418e-08,1630.436376950404,0.5494536866419137,0.9527653058576199,0.8707534193246964,0.8063896602735412,0.010088985589402749,0.041326536035710446,0.032888643622112086,0.017272553003678102
1854,0.9270499999999534,1.6845712829700084e-08,1630.4239698394863,0.5495705871669023,0.9527775615578206,0.8707869541527175,0.8064398951765607,0.010088377491499769,0.04132634882942025,0.032888211061171894,0.017272195562446534
1855,0.9275499999999534,1.6844471594335556e-08,1630.4115705435242,0.5496874270446831,0.9527898108998457,0.8708204715830945,0.8064901040180492,0.010087769574638245,0.0413261616580005,0.032887778588261,0.017271838199346808
1856,0.9280499999999533,1.6843233199858343e-08,1630.3991790557593,0.5498042063224393,0.9528020538886429,0.8708539716293634,0.8065402868182834,0.010087161838899043,0.04132597452149123,0.03288734620346759,0.01727148091444836
1857,0.9285499999999532,1.684199764565485e-08,1630.3867953681654,0.5499209250473044,0.9528142905291528,0.8708874543050447,0.8065904435975166,0.01008655428453122,0.041325787419984314,0.032886913906999535,0.01727112370791957
1858,0.9290499999999532,1.6840764926260256e-08,1630.374419475285,0.5500375832663638,0.9528265208263125,0.8709209196236458,0.8066405743759836,0.010085946911444892,0.041325600353467246,0.03288648169882359,0.017270766579729514
1859,0.9295499999999531,1.6839535036212625e-08,1630.3620513716662,0.5501541810266533,0.9528387447850523,0.8709543675986597,0.8066906791738958,0.010085339719549702,0.041325413321927386,0.032886049578906125,0.017270409529847007
1860,0.9300499999999531,1.6838307977330745e-08,1630.3496910480378,0.5502707183751607,0.9528509624102992,0.8709877982435658,0.8067407580114458,0.010084732709261012,0.041325226325507836,0.032885617547573465,0.017270052558538248
1861,0.930549999999953,1.6837083741730973e-08,1630.3373385002437,0.5503871953588246,0.9528631737069735,0.8710212115718287,0.8067908109088036,0.010084125880318135,0.0413250393641435,0.03288518560467079,0.01726969566567189
1862,0.931049999999953,1.683586232881004e-08,1630.3249937203095,0.5505036120245353,0.9528753786799917,0.8710546075969001,0.8068408378861195,0.010083519232965943,0.04132485243792501,0.03288475375040312,0.017269338851413907
1863,0.9315499999999529,1.683464373554066e-08,1630.3126567015468,0.5506199684191343,0.952887577334264,0.8710879863322171,0.8068908389635219,0.010082912767279706,0.04132466554689078,0.032884321984854796,0.01726898211583055
1864,0.9320499999999529,1.6833427958897693e-08,1630.3003274372777,0.5507362645894148,0.9528997696746968,0.8711213477912031,0.8069408141611196,0.010082306483333903,0.04132447869107896,0.0328838903081096,0.017268625458987608
1865,0.9325499999999528,1.683221499343298e-08,1630.2880059221054,0.5508525005821214,0.95291195570619,0.8711546919872675,0.8069907634989991,0.0100817003810339,0.041324291870475635,0.032883458720130924,0.017268268880851406
1866,0.9330499999999528,1.683100483612612e-08,1630.2756921493685,0.5509686764439506,0.9529241354336401,0.8711880189338062,0.8070406869972278,0.010081094460452845,0.04132410508511853,0.03288302722100161,0.017267912381486946
1867,0.9335499999999527,1.6829797486383538e-08,1630.2633861111465,0.5510847922215504,0.9529363088619366,0.8712213286442004,0.8070905846758505,0.01008048872183128,0.041323918335097055,0.03288259581092374,0.017267555961057758
1868,0.9340499999999526,1.682859293876395e-08,1630.2510878020694,0.5512008479615206,0.952948475995966,0.8712546211318187,0.8071404565548931,0.010079883165072466,0.0413237316203966,0.032882164489859214,0.017267199619528925
1869,0.9345499999999526,1.6827391192677623e-08,1630.2387972142374,0.5513168437104126,0.9529606368406077,0.8712878964100146,0.8071903026543592,0.010079277790415219,0.04132354494110607,0.032881733258008965,0.017266843357062994
1870,0.9350499999999525,1.6826192240263585e-08,1630.2265143435654,0.5514327795147302,0.952972791400738,0.8713211544921289,0.8072401229942332,0.010078672597593508,0.04132335829715866,0.03288130211521428,0.01726648717352541
1871,0.9355499999999525,1.6824996083360515e-08,1630.2142391809068,0.5515486554209288,0.9529849396812263,0.8713543953914876,0.8072899175944773,0.01007806758701252,0.0413231716886946,0.032880871061794645,0.017266131069176675
1872,0.9360499999999524,1.6823802716536165e-08,1630.2019717209268,0.5516644714754158,0.9529970816869389,0.8713876191214038,0.8073396864750347,0.010077462758572771,0.04132298511569844,0.03288044009771003,0.01726577504398025
1873,0.9365499999999524,1.6822612136784763e-08,1630.1897119570324,0.5517802277245507,0.953009217422735,0.8714208256951763,0.8073894296558264,0.010076858112342,0.04132279857820637,0.03288000922303955,0.017265419097998065
1874,0.9370499999999523,1.6821424341102605e-08,1630.177459882641,0.5518959242146453,0.953021346893471,0.8714540151260907,0.8074391471567544,0.010076253648387193,0.04132261207625432,0.03287957843786178,0.017265063231291573
1875,0.9375499999999523,1.6820239326488043e-08,1630.165215491179,0.5520115609919634,0.9530334701039961,0.871487187427418,0.8074888389976984,0.010075649366774573,0.041322425609878,0.032879147742254804,0.01726470744392182
1876,0.9380499999999522,1.6819057087518334e-08,1630.1529787773443,0.5521271381027211,0.9530455870591563,0.8715203426124166,0.8075385051985197,0.010075045267402181,0.041322239179061214,0.0328787171361768,0.01726435173585081
1877,0.9385499999999521,1.6817877626042504e-08,1630.1407497320588,0.5522426555930868,0.9530576977637912,0.8715534806943301,0.8075881457790568,0.010074441350669674,0.04132205278394262,0.03287828661994355,0.01726399610733594
1878,0.9390499999999521,1.681670093421889e-08,1630.1285283513002,0.5523581135091816,0.953069802222737,0.8715866016863897,0.80763776075913,0.010073837616306236,0.04132186642445389,0.03287785619339288,0.017263640558239795
1879,0.939549999999952,1.6815527011477275e-08,1630.1163146272718,0.5524735118970784,0.9530819004408226,0.8716197056018117,0.8076873501585371,0.010073234064542521,0.04132168010068156,0.03287742585672015,0.017263285088720274
1880,0.940049999999952,1.681435585240378e-08,1630.104108554706,0.5525888508028033,0.9530939924228746,0.8716527924537996,0.8077369139970573,0.010072630695273897,0.04132149381260859,0.03287699560988165,0.01726292969873782
1881,0.9405499999999519,1.681318745885427e-08,1630.0919101245709,0.5527041302723343,0.9531060781737124,0.8716858622555429,0.8077864522944478,0.010072027508896384,0.04132130756037261,0.03287656545319071,0.01726257438854779
1882,0.9410499999999519,1.6812021820574446e-08,1630.07971933413,0.5528193503516028,0.953118157698152,0.8717189150202179,0.8078359650704469,0.010071424504969912,0.04132112134385302,0.03287613538636442,0.017262219157913025
1883,0.9415499999999518,1.6810858941846075e-08,1630.0675361731162,0.5529345110864919,0.9531302310010031,0.8717519507609867,0.8078854523447712,0.010070821684055804,0.041320935163238495,0.032875705409834075,0.017261864007186302
1884,0.9420499999999518,1.6809698814841747e-08,1630.055360637553,0.5530496125228385,0.9531422980870718,0.8717849694909986,0.8079349141371185,0.010070219045879786,0.041320749018459654,0.03287527552343498,0.017261508936228125
1885,0.9425499999999517,1.6808541436580767e-08,1630.0431927209595,0.5531646547064314,0.9531543589611581,0.8718179712233887,0.8079843504671645,0.010069616590500893,0.041320562909550065,0.032874845727240205,0.01726115394509538
1886,0.9430499999999516,1.6807386806505945e-08,1630.0310324156117,0.553279637683013,0.953166413628058,0.8718509559712792,0.8080337613545667,0.010069014318144045,0.04132037683659454,0.032874416021441186,0.017260799033942696
1887,0.9435499999999516,1.680623491921878e-08,1630.018879716302,0.553394561498278,0.9531784620925613,0.8718839237477779,0.8080831468189604,0.010068412228700056,0.041320190799574705,0.03287398640599098,0.017260444202727845
1888,0.9440499999999515,1.68050857717446e-08,1630.0067346165788,0.5535094261978748,0.9531905043594547,0.8719168745659802,0.8081325068799624,0.010067810322225774,0.04132000479852344,0.032873556880961136,0.017260089451506436
1889,0.9445499999999515,1.6803939363531754e-08,1629.9945971087475,0.553624231827404,0.953202540433518,0.8719498084389672,0.8081818415571678,0.010067208598943727,0.041319818833524896,0.03287312744654144,0.017259734780431746
1890,0.9450499999999514,1.680279569160909e-08,1629.9824671863776,0.5537389784324199,0.953214570319528,0.8719827253798071,0.8082311508701528,0.010066607058909095,0.041319632904611464,0.0328726981028023,0.017259380189558433
1891,0.9455499999999514,1.6801654748166093e-08,1629.970344845543,0.5538536660584299,0.9532265940222546,0.8720156254015542,0.8082804348384727,0.010066005701843909,0.04131944701171261,0.03287226884957631,0.017259025678744773
1892,0.9460499999999513,1.6800516535077612e-08,1629.958230077331,0.5539682947508946,0.9532386115464648,0.8720485085172498,0.8083296934816633,0.010065404528134675,0.04131926115496316,0.032871839687170376,0.01725867124824074
1893,0.9465499999999513,1.6799381046958113e-08,1629.9461228765847,0.5540828645552276,0.953250622896919,0.8720813747399212,0.8083789268192394,0.010064803537668393,0.04131907533434357,0.032871410615534856,0.017258316898001863
1894,0.9470499999999512,1.679824828084489e-08,1629.9340232369073,0.5541973755167964,0.9532626280783739,0.8721142240825833,0.8084281348706971,0.010064202730497638,0.04131888954988545,0.03287098163473832,0.01725796262808127
1895,0.9475499999999512,1.6797118236197238e-08,1629.9219311506665,0.5543118276809212,0.9532746270955803,0.8721470565582365,0.808477317655511,0.010063602106840184,0.04131870380167155,0.0328705527449673,0.017257608438629533
1896,0.9480499999999511,1.6795990907636067e-08,1629.9098466127296,0.5544262210928766,0.9532866199532856,0.872179872179869,0.8085264751931371,0.010063001666581148,0.0413185180896817,0.032870123946170816,0.017257254329601065
1897,0.948549999999951,1.6794866292204578e-08,1629.897769616728,0.5545405557978897,0.9532986066562303,0.8722126709604545,0.8085756075030102,0.01006240140977101,0.04131833241394693,0.03286969523841598,0.017256900301047783
1898,0.949049999999951,1.679374438694796e-08,1629.8857001563006,0.5546548318411422,0.9533105872091522,0.8722454529129544,0.8086247146045462,0.010061801336459553,0.04131814677449803,0.03286926662176939,0.017256546353021207
1899,0.9495499999999509,1.6792625188913344e-08,1629.8736382250968,0.5547690492677685,0.9533225616167821,0.872278218050316,0.8086737965171401,0.010061201446695856,0.041317961171365575,0.03286883809629718,0.017256192485572457
1900,0.9500499999999509,1.6791508697569038e-08,1629.861583815534,0.5548832081228575,0.953334529883848,0.8723109663854741,0.8087228532601681,0.010060601740693818,0.041317775604631145,0.03286840966218323,0.01725583869884987
1901,0.9505499999999508,1.6790394905127503e-08,1629.8495369237612,0.5549973084514511,0.9533464920150714,0.8723436979313495,0.8087718848529852,0.010060002218170074,0.04131759007422249,0.03286798131925619,0.017255484992708466
1902,0.9510499999999508,1.678928381347999e-08,1629.837497540974,0.555111350298546,0.9533584480151702,0.8723764127008502,0.8088208913149283,0.010059402879502556,0.041317404580271944,0.032867553067817155,0.017255131367393376
1903,0.9515499999999507,1.6788175417262238e-08,1629.8254656620986,0.5552253337090918,0.9533703978888562,0.8724091107068708,0.8088698726653124,0.01005880372457211,0.04131721912275809,0.032867124907812115,0.0172547778228565
1904,0.9520499999999507,1.678706971353111e-08,1629.8134412808288,0.5553392587279927,0.953382341640838,0.8724417919622929,0.8089188289234347,0.010058204753424392,0.04131703370171046,0.03286669683930478,0.017254424359146953
1905,0.9525499999999506,1.6785966699345422e-08,1629.8014243908674,0.5554531254001065,0.9533942792758175,0.8724744564799845,0.8089677601085711,0.01005760596610439,0.04131684831715841,0.03286626886235843,0.01725407097631347
1906,0.9530499999999505,1.678486637418416e-08,1629.7894149846918,0.5555669337702456,0.9534062107984936,0.8725071042728009,0.8090166662399789,0.010057007362821415,0.041316662969182176,0.03286584097715379,0.01725371767450178
1907,0.9535499999999505,1.678376873027333e-08,1629.7774130584937,0.5556806838831757,0.9534181362135586,0.8725397353535838,0.8090655473368945,0.010056408943288998,0.041316477657708496,0.03286541318351722,0.017253364453565005
1908,0.9540499999999504,1.6782673769513852e-08,1629.7654186035343,0.5557943757836177,0.9534300555257019,0.8725723497351623,0.8091144034185362,0.010055810707880046,0.04131629238286828,0.03286498548174641,0.017253011313745445
1909,0.9545499999999504,1.678158148655399e-08,1629.753431614787,0.5559080095162456,0.9534419687396063,0.8726049474303516,0.8091632345041009,0.010055212656471845,0.04131610714463899,0.03286455787178481,0.01725265825499288
1910,0.9550499999999503,1.678049187846215e-08,1629.7414520859995,0.5560215851256889,0.9534538758599513,0.8726375284519545,0.8092120406127673,0.010054614789106015,0.041315921943048936,0.032864130353693295,0.017252305277354083
1911,0.9555499999999503,1.677940494230867e-08,1629.7294800109291,0.5561351026565303,0.9534657768914103,0.8726700928127604,0.8092608217636933,0.010054017105823529,0.04131573677812628,0.03286370292753233,0.017251952380875457
1912,0.9560499999999502,1.6778320677583076e-08,1629.7175153821108,0.556248562153308,0.9534776718386534,0.8727026405255458,0.8093095779760183,0.01005341960682923,0.04131555164994993,0.03286327559347956,0.017251599565700163
1913,0.9565499999999502,1.677723907894187e-08,1629.7055581945506,0.5563619636605136,0.953489560706344,0.8727351716030736,0.8093583092688612,0.010052822291998071,0.04131536655849663,0.03286284835147675,0.017251246831776593
1914,0.9570499999999501,1.6776160143461096e-08,1629.6936084420313,0.5564753072225942,0.953501443499143,0.8727676860580944,0.8094070156613222,0.010052225161369041,0.04131518150379389,0.032862421201582934,0.017250894179149986
1915,0.95754999999995,1.6775083868218654e-08,1629.681666118345,0.5565885928839508,0.9535133202217044,0.8728001839033452,0.809455697172481,0.010051628214980483,0.04131499648586908,0.032861994143856724,0.017250541607865218
1916,0.95804999999995,1.6774010250294357e-08,1629.669731217292,0.5567018206889395,0.9535251908786793,0.8728326651515507,0.8095043538213992,0.01005103145287009,0.041314811504749346,0.03286156717835624,0.01725018911796675
1917,0.9585499999999499,1.6772939289186426e-08,1629.6578037314566,0.5568149906818707,0.9535370554747121,0.8728651298154214,0.8095529856271171,0.01005043487523904,0.04131462656051253,0.03286114030525665,0.01724983670959567
1918,0.9590499999999499,1.677187097956158e-08,1629.6458836558836,0.55692810290701,0.9535489140144447,0.8728975779076561,0.8096015926086576,0.010049838481959434,0.04131444165313445,0.032860713524497626,0.01724948438269866
1919,0.9595499999999498,1.6770805320921483e-08,1629.6339709831761,0.5570411574085773,0.9535607665025121,0.8729300094409398,0.8096501747850222,0.01004924227323101,0.04131425678269254,0.0328602868362533,0.01724913213741596
1920,0.9600499999999498,1.676974230552085e-08,1629.6220657096176,0.5571541542307481,0.9535726129435463,0.872962424427945,0.8096987321751948,0.01004864624876083,0.04131407194911143,0.03285986024034524,0.01724877997359673
1921,0.9605499999999497,1.676868193769707e-08,1629.6101678253847,0.557267093417652,0.9535844533421731,0.872994822881331,0.8097472647981384,0.010048050409075086,0.04131388715256981,0.03285943373718127,0.017248427891574124
1922,0.9610499999999497,1.6767624207292968e-08,1629.5982773279968,0.5573799750133743,0.9535962877030152,0.8730272048137445,0.809795772672798,0.010047454753715906,0.04131370239294115,0.032859007326464865,0.01724807589109983
1923,0.9615499999999496,1.6766569116233135e-08,1629.5863942088736,0.5574927990619549,0.9536081160306887,0.8730595702378188,0.809844255818098,0.010046859283044066,0.041313517670352864,0.03285858100848551,0.01724772397240929
1924,0.9620499999999496,1.676551666161186e-08,1629.5745184618875,0.557605565607389,0.9536199383298071,0.873091919166175,0.809892714252945,0.010046263997091902,0.04131333298483047,0.032858154783297594,0.017247372135543882
1925,0.9625499999999495,1.676446683810999e-08,1629.5626500821368,0.557718274693627,0.953631754604977,0.8731242516114206,0.8099411479962244,0.01004566889572762,0.04131314833634861,0.032857728650838004,0.017247020380447963
1926,0.9630499999999494,1.6763419645241126e-08,1629.5507890622923,0.5578309263645743,0.9536435648608023,0.873156567586151,0.8099895570668045,0.010045073979145972,0.04131296372498319,0.032857302611277416,0.0172466687072589
1927,0.9635499999999494,1.6762375077690095e-08,1629.538935397468,0.5579435206640918,0.9536553691018805,0.873188867102948,0.8100379414835325,0.010044479247214064,0.04131277915070852,0.03285687666455192,0.017246317115920406
1928,0.9640499999999493,1.676133313497389e-08,1629.5270890803527,0.5580560576359959,0.9536671673328061,0.8732211501743813,0.810086301265238,0.010043884700125245,0.04131259461360008,0.03285645081083124,0.017245965606569033
1929,0.9645499999999493,1.6760293814196014e-08,1629.515250104861,0.5581685373240577,0.9536789595581673,0.8732534168130073,0.8101346364307298,0.010043290337908739,0.041312410113682495,0.03285602505016756,0.017245614179244344
1930,0.9650499999999492,1.6759257110047252e-08,1629.5034184661306,0.5582809597720046,0.953690745782549,0.87328566703137,0.8101829469987993,0.010042696160430032,0.0413122256509295,0.03285559938249579,0.01724526283388906
1931,0.9655499999999492,1.675822302446404e-08,1629.4915941556656,0.5583933250235189,0.9537025260105301,0.8733179008420002,0.8102312329882171,0.01004210216804343,0.041312041225466646,0.03285517380810104,0.01724491157073497
1932,0.9660499999999491,1.6757191549726405e-08,1629.4797771698325,0.5585056331222388,0.9537143002466865,0.8733501182574165,0.8102794944177364,0.010041508360450155,0.041311856837216665,0.0328547483268005,0.01724456038962766
1933,0.9665499999999491,1.6756162682945602e-08,1629.4679675025773,0.5586178841117578,0.9537260684955874,0.873382319290124,0.8103277313060894,0.010040914737677218,0.0413116724862035,0.03285432293864478,0.017244209290605366
1934,0.967049999999949,1.675513642606261e-08,1629.456165145435,0.5587300780356257,0.9537378307617996,0.8734145039526162,0.8103759436719913,0.010040321300076607,0.041311488172551966,0.0328538976439174,0.01724385827389855
1935,0.967549999999949,1.6754112773777612e-08,1629.4443700935828,0.5588422149373472,0.9537495870498831,0.8734466722573726,0.8104241315341364,0.010039728047510936,0.041311303896234976,0.03285347244255121,0.017243507339448245
1936,0.9680499999999489,1.6753091723206852e-08,1629.4325823409945,0.5589542948603834,0.9537613373643952,0.8734788242168612,0.8104722949112017,0.010039134980005153,0.04131111965727577,0.032853047334595376,0.017243156487291487
1937,0.9685499999999488,1.6752073271468362e-08,1629.4208018816528,0.5590663178481509,0.9537730817098867,0.8735109598435363,0.8105204338218436,0.01003854209758362,0.0413109354556975,0.03285262232009865,0.017242805717464973
1938,0.9690499999999488,1.675105741568198e-08,1629.409028709548,0.5591782839440225,0.9537848200909057,0.8735430791498406,0.810568548284701,0.010037949400270087,0.04131075129152307,0.03285219739910935,0.017242455030005033
1939,0.9695499999999487,1.675004415296934e-08,1629.3972628186793,0.5592901931913267,0.9537965525119938,0.8735751821482031,0.8106166383183926,0.010037356888087724,0.04131056716477524,0.03285177257167539,0.017242104424947675
1940,0.9700499999999487,1.674903348286694e-08,1629.3855042018486,0.5594020456333482,0.9538082789776898,0.8736072688510411,0.8106647039415195,0.010036764561221427,0.041310383075527,0.03285134783796065,0.017241753902424585
1941,0.9705499999999486,1.674802540008663e-08,1629.3737528542783,0.5595138413133274,0.9538199994925262,0.8736393392707587,0.8107127451726625,0.010036172419530693,0.04131019902375027,0.03285092319789569,0.01724140346237493
1942,0.9710499999999486,1.6747019901755392e-08,1629.3620087699921,0.5596255802744615,0.9538317140610324,0.8736713934197476,0.810760762030385,0.010035580463036903,0.04131001500946722,0.03285049865152716,0.017241053104833638
1943,0.9715499999999485,1.674601698741463e-08,1629.350271941819,0.5597372625599033,0.9538434226877317,0.873703431310387,0.8108087545332302,0.010034988691922965,0.041309831032750294,0.03285007419901756,0.017240702829931273
1944,0.9720499999999485,1.6745016651781967e-08,1629.3385423650043,0.559848888212762,0.9538551253771446,0.8737354529550435,0.8108567226997239,0.010034397106046842,0.04130964709357088,0.03284964984029633,0.01724035263760605
1945,0.9725499999999484,1.6744018894402057e-08,1629.326820032394,0.5599604572761031,0.9538668221337849,0.8737674583660711,0.8109046665483715,0.010033805705590116,0.04130946319200102,0.03284922557552505,0.017240002527987762
1946,0.9730499999999483,1.6743023709996338e-08,1629.3151049392477,0.5600719697929487,0.9538785129621641,0.8737994475558113,0.8109525860976612,0.01003321449040974,0.04130927932801178,0.032848801404632415,0.01723965250101402
1947,0.9735499999999483,1.6742031100524787e-08,1629.3033970772328,0.5601834258062766,0.953890197866787,0.8738314205365931,0.8110004813660612,0.010032623460847776,0.04130909550172513,0.0328483773278952,0.01723930255690966
1948,0.9740499999999482,1.674104105830029e-08,1629.2916964428223,0.560294825359022,0.9539018768521557,0.8738633773207333,0.8110483523720222,0.010032032616598243,0.04130891171306146,0.03284795334512519,0.017238952695515807
1949,0.9745499999999482,1.674005358287398e-08,1629.2800030288995,0.5604061684940757,0.9539135499227659,0.8738953179205355,0.8110961991339748,0.010031441957840104,0.04130872796209204,0.03284752945648214,0.01723860291696074
1950,0.9750499999999481,1.6739068671386528e-08,1629.2683168295573,0.5605174552542859,0.9539252170831107,0.8739272423482917,0.8111440216703326,0.010030851484589886,0.04130854424883756,0.032847105662009254,0.017238253221276548
1951,0.9755499999999481,1.6738086318568865e-08,1629.2566378400888,0.5606286856824566,0.9539368783376768,0.8739591506162807,0.8111918199994888,0.010030261196702075,0.04130836057326834,0.03284668196163342,0.017237903608399358
1952,0.976049999999948,1.673710652879964e-08,1629.2449660510163,0.5607398598213493,0.953948533690948,0.8739910427367696,0.8112395941398195,0.010029671094676498,0.04130817693555548,0.032846258355744784,0.017237554078647518
1953,0.976549999999948,1.673612929199027e-08,1629.2333014600415,0.5608509777136814,0.953960183147402,0.8740229187220123,0.811287344109681,0.010029081178043549,0.041307993335568456,0.032845834844037594,0.017237204631765195
1954,0.9770499999999479,1.6735154607699887e-08,1629.2216440600926,0.560962039402128,0.9539718267115136,0.8740547785842511,0.8113350699274122,0.010028491446978979,0.041307809773377516,0.03284541142666936,0.017236855267878784
1955,0.9775499999999478,1.6734182475488795e-08,1629.2099938441086,0.5610730449293202,0.9539834643877512,0.8740866223357151,0.8113827716113322,0.01002790190165766,0.041307626249052716,0.032844988103797004,0.017236505987114212
1956,0.9780499999999478,1.673321289250767e-08,1629.1983508062317,0.5611839943378465,0.9539950961805808,0.8741184499886219,0.8114304491797428,0.010027312542092515,0.04130744276261366,0.032844564875461175,0.01723615678950145
1957,0.9785499999999477,1.673224585108761e-08,1629.1867149429927,0.5612948876702519,0.9540067220944618,0.874150261555176,0.8114781026509261,0.010026723367973884,0.04130725931397953,0.032844141741470864,0.017235807674879335
1958,0.9790499999999477,1.67312813556151e-08,1629.1750862449762,0.5614057249690393,0.9540183421338511,0.87418205704757,0.8115257320431472,0.010026134379796839,0.04130707590332007,0.03284371870221298,0.017235458643563527
1959,0.9795499999999476,1.6730319398424824e-08,1629.1634647087274,0.5615165062766674,0.9540299563031989,0.874213836477984,0.8115733373746508,0.010025545577250704,0.04130689253055415,0.03284329575749577,0.017235109695392267
1960,0.9800499999999476,1.6729359979084986e-08,1629.15185032723,0.5616272316355532,0.9540415646069533,0.8742455998585862,0.8116209186636653,0.0100249569605072,0.04130670919575083,0.03284287290747394,0.01723476083048961
1961,0.9805499999999475,1.6728403094754848e-08,1629.1402430946653,0.56173790108807,0.9540531670495557,0.8742773472015315,0.8116684759283986,0.010024368529576489,0.0413065258989289,0.03284245015218618,0.01723441204888392
1962,0.9810499999999475,1.6727448742595375e-08,1629.128643005223,0.5618485146765488,0.9540647636354448,0.8743090785189639,0.8117160091870423,0.010023780284468197,0.04130634264010695,0.032842027491670776,0.01723406335060321
1963,0.9815499999999474,1.6726496919769244e-08,1629.1170500530998,0.5619590724432777,0.9540763543690532,0.874340793823014,0.8117635184577678,0.0100231922251914,0.041306159419303434,0.03284160492596563,0.017233714735675195
1964,0.9820499999999474,1.6725547625850488e-08,1629.105464231318,0.5620695744305023,0.9540879392548108,0.8743724931258008,0.8118110037587297,0.010022604351915107,0.0413059762365866,0.032841182455223585,0.017233366204222382
1965,0.9825499999999473,1.672460085318567e-08,1629.093885536458,0.5621800206804252,0.9540995182971412,0.8744041764394307,0.8118584651080628,0.010022016664326306,0.04130579309187454,0.03284076007925108,0.01723301775608152
1966,0.9830499999999472,1.672365660376177e-08,1629.082313960374,0.5622904112352068,0.9541110915004654,0.8744358437759984,0.8119059025238851,0.01002142916275332,0.041305609985285166,0.032840337798315446,0.01723266939146959
1967,0.9835499999999472,1.6722714874747814e-08,1629.0707494972967,0.562400746136965,0.9541226588691979,0.8744674951475855,0.8119533160242948,0.010020841847202854,0.0413054269168362,0.032839915612452926,0.017232321110412903
1968,0.9840499999999471,1.6721775660905372e-08,1629.0591921426455,0.562511025427775,0.9541342204077508,0.8744991305662627,0.8120007056273735,0.010020254717520912,0.04130524388649525,0.0328394935215842,0.017231972912842456
1969,0.9845499999999471,1.672083896181624e-08,1629.0476418894843,0.5626212491496696,0.9541457761205298,0.8745307500440872,0.8120480713511828,0.010019667773873453,0.04130506089432969,0.03283907152585997,0.017231624798879006
1970,0.985049999999947,1.6719904772245625e-08,1629.0360987332467,0.5627314173446396,0.9541573260119381,0.8745623535931052,0.812095413213768,0.01001908101610557,0.0413048779403068,0.03283864962520025,0.017231276768452986
1971,0.985549999999947,1.6718973094187123e-08,1629.0245626658352,0.5628415300546331,0.9541688700863727,0.8745939412253497,0.8121427312331545,0.01001849444454196,0.041304695024543495,0.03283822781986991,0.017230928821779314
1972,0.9860499999999469,1.6718043922409144e-08,1629.0130336826985,0.5629515873215563,0.9541804083482278,0.8746255129528429,0.8121900254273509,0.010017908059026593,0.0413045121470067,0.03283780610978816,0.017230580958787777
1973,0.9865499999999469,1.6717117254090747e-08,1629.0015117781154,0.5630615891872728,0.9541919408018914,0.8746570687875932,0.8122372958143463,0.010017321859563012,0.04130432930771319,0.03283738449498896,0.017230233179502796
1974,0.9870499999999468,1.6716193086412668e-08,1628.9899969463695,0.5631715356936045,0.954203467451749,0.8746886087415986,0.8122845424121136,0.01001673584615424,0.0413041465066795,0.032836962975505854,0.017229885483948482
1975,0.9875499999999467,1.6715271416557292e-08,1628.9784891817537,0.5632814268823308,0.9542149883021798,0.8747201328268437,0.8123317652386052,0.01001615001880278,0.04130396374392206,0.03283654155137208,0.017229537872148655
1976,0.9880499999999467,1.671435224411672e-08,1628.9669884773937,0.5633912627951897,0.9542265033575603,0.8747516410553021,0.8123789643117578,0.010015564377670177,0.04130378101950687,0.03283612022273521,0.017229190344221483
1977,0.9885499999999466,1.671343556627625e-08,1628.9554948275995,0.5635010434738763,0.9542380126222612,0.8747831334389345,0.8124261396494882,0.010014978922757682,0.04130359833344999,0.032835698989627585,0.01722884290019005
1978,0.9890499999999466,1.6712521377815005e-08,1628.9440082278616,0.5636107689600446,0.95424951610065,0.8748146099896903,0.8124732912696967,0.010014393653906632,0.041303415685717514,0.03283527785196645,0.017228495539982513
1979,0.9895499999999465,1.6711609680737313e-08,1628.9325286701594,0.5637204392953062,0.9542610137970885,0.874846070719506,0.812520419190264,0.010013808571436128,0.04130323307642468,0.03283485681001284,0.0172281482638106
1980,0.9900499999999465,1.6710700467417904e-08,1628.9210561511693,0.5638300545212315,0.9542725057159357,0.8748775156403072,0.8125675234290546,0.010013223675027173,0.041303050505487555,0.0328344358635686,0.017227801071507287
1981,0.9905499999999464,1.670979373745644e-08,1628.9095906640596,0.5639396146793482,0.9542839918615444,0.8749089447640065,0.8126146040039134,0.010012638964838382,0.041302867972971294,0.032834015012779286,0.017227453963189053
1982,0.9910499999999464,1.670888949045368e-08,1628.8981322020086,0.5640491198111433,0.9542954722382652,0.8749403581025054,0.8126616609326688,0.010012054441027561,0.04130268547894078,0.0328335942577899,0.0172271069389719
1983,0.9915499999999463,1.67079877211972e-08,1628.8866807605432,0.5641585699580611,0.9543069468504418,0.8749717556676926,0.8127086942331299,0.010011470103433682,0.04130250302336141,0.03283317359851596,0.017226759998782565
1984,0.9920499999999463,1.6707088426883724e-08,1628.8752363340247,0.5642679651615053,0.954318415702416,0.8750031374714456,0.8127557039230894,0.010010885952054455,0.04130232060624807,0.0328327530349872,0.017226413142642002
1985,0.9925499999999462,1.67061916095254e-08,1628.8637989144913,0.5643773054628374,0.9543298787985232,0.8750345035256296,0.8128026900203206,0.010010301987204831,0.041302138227714794,0.032832332567461826,0.01722606637075956
1986,0.9930499999999461,1.6705297261507898e-08,1628.8523684986565,0.5644865909033775,0.9543413361430961,0.875065853842098,0.8128496525425806,0.0100097182085635,0.04130195588767685,0.032831912195739894,0.017225719682966763
1987,0.9935499999999461,1.6704405380032805e-08,1628.8409450809054,0.5645958215244045,0.9543527877404616,0.875097188432692,0.8128965915076068,0.010009134616126686,0.04130177358614873,0.032831491919850096,0.017225373079283686
1988,0.994049999999946,1.670351596711631e-08,1628.829528653302,0.5647049973671556,0.9543642335949438,0.8751285073092416,0.8129435069331211,0.010008551210207405,0.04130159132324382,0.03283107174004926,0.017225026559918543
1989,0.994549999999946,1.6702629017556073e-08,1628.8181192114148,0.5648141184728267,0.9543756737108607,0.8751598104835643,0.8129903988368252,0.010007967990641893,0.04130140909892664,0.032830651656250875,0.017224680124796412
1990,0.9950499999999459,1.6701744530964367e-08,1628.8067167484915,0.5649231848825726,0.9543871080925279,0.8751910979674662,0.8130372672364051,0.01000738495758317,0.041301226913260644,0.03283023166859659,0.017224333774030508
1991,0.9955499999999459,1.6700862502142288e-08,1628.7953212601115,0.5650321966375067,0.9543985367442547,0.8752223697727409,0.8130841121495276,0.010006802110866648,0.041301044766210056,0.032829811776999264,0.017223987507545387
1992,0.9960499999999458,1.6699982928299053e-08,1628.7839327406998,0.5651411537787012,0.9544099596703478,0.8752536259111713,0.8131309335938429,0.010006219450485892,0.04130086265778849,0.03282939198148567,0.017223641325359536
1993,0.9965499999999458,1.6699105809051338e-08,1628.7725511835288,0.5652500563471871,0.9544213768751082,0.8752848663945272,0.8131777315869824,0.010005636976592253,0.04130068058805892,0.03282897228219627,0.017223295227585193
1994,0.9970499999999457,1.6698231141611146e-08,1628.761176583039,0.5653589043839545,0.9544327883628341,0.8753160912345677,0.8132245061465612,0.010005054689178103,0.04130049855703461,0.032828552679157,0.017222949214240155
1995,0.9975499999999456,1.6697358925597684e-08,1628.7498089325215,0.5654676979299523,0.9544441941378174,0.8753473004430393,0.8132712572901752,0.010004472588393458,0.041300316564778124,0.03282813317250739,0.0172226032854359
1996,0.9980499999999456,1.6696489153414786e-08,1628.7384482287487,0.5655764370260886,0.9544555942043481,0.8753784940316776,0.8133179850354045,0.010003890673913452,0.04130013461120353,0.032827713762044755,0.01722225744100168
1997,0.9985499999999455,1.669562182468495e-08,1628.7270944650252,0.5656851217132303,0.9544669885667095,0.8754096720122054,0.8133646893998097,0.010003308945887225,0.04129995269637313,0.032827294447907975,0.01722191168104844
1998,0.9990499999999455,1.6694756941436966e-08,1628.7157476335099,0.5657937520322035,0.9544783772291827,0.8754408343963349,0.8134113704009355,0.01000272740462102,0.041299770820398325,0.03282687523034923,0.01722156600578052
1999,0.9995499999999454,1.669389449367467e-08,1628.704407732149,0.5659023280237935,0.9544897601960428,0.8754719811957656,0.8134580280563075,0.010002146049630983,0.04129958898314347,0.03282645610905116,0.017221220414932643
2000,1.0000499999999455,1.6693034485834852e-08,1628.6930747519643,0.5660108497287448,0.9545011374715618,0.875503112422186,0.8135046623834352,0.010001564881380074,0.041299407184769016,0.03282603708437893,0.01722087490880232
2001,1.0100499999999455,1.6676342413218607e-08,1628.4678601878516,0.5681699460212316,0.9547274943409356,0.8761224845153072,0.8144324768040546,0.009989980708564758,0.04129577939908658,0.03281767691416615,0.017213982597563047
2002,1.0200499999999455,1.666060542776044e-08,1628.2453674747596,0.5703076656518287,0.9549516101086596,0.8767357243632552,0.8153511051706592,0.009978471240664168,0.04129216730006236,0.032809355664926085,0.01720712436621104
2003,1.0300499999999455,1.6645805473321958e-08,1628.0255525619061,0.572424324524015,0.9551735178936468,0.8773429225881102,0.8162606832343982,0.009967036519747865,0.04128857102620132,0.03280107361817953,0.017200300417918243
2004,1.0400499999999455,1.6631925226440146e-08,1627.808372308734,0.5745202323472349,0.9553932501654359,0.8779441680350939,0.8171613440846989,0.009955676548525154,0.041284990703577606,0.032792831026606996,0.0171935109319929
2005,1.0500499999999455,1.6618948075313982e-08,1627.593784457982,0.5765956927879696,0.9556108387600291,0.8785395478159036,0.8180532182141851,0.009944391293483661,0.041281426446686316,0.03278462811606031,0.017186756065572854
2006,1.0600499999999455,1.6606858077934597e-08,1627.3817476197435,0.578651003616406,0.9558263148952685,0.8791291473507894,0.8189364335817045,0.009933180686445834,0.04127787835880775,0.032776465086448124,0.017180035954388606
2007,1.0700499999999455,1.6595639947281863e-08,1627.1722212446064,0.5806864568488574,0.9560397091857673,0.8797130504094072,0.8198111156735297,0.00992204462760325,0.04127434653284812,0.032768342113715064,0.017173350714424624
2008,1.0800499999999456,1.658527901559112e-08,1626.9651656075036,0.5827023388860735,0.9562510516574109,0.8802913391504981,0.8206773875627942,0.009910982987008758,0.04127083105170283,0.032760259350718746,0.017166700442670733
2009,1.0900499999999456,1.6575761215987008e-08,1626.7605417850523,0.5846989306475814,0.9564603717614399,0.8808640941604237,0.821535369967221,0.009899995606947586,0.041267331988906926,0.032752216928764774,0.01716008521841293
2010,1.1000499999999456,1.6567073064655102e-08,1626.5583116340285,0.5866765077021868,0.9566676983881326,0.8814313944906045,0.8223851813052026,0.00988908230412766,0.04126384940923816,0.03274421495902916,0.017153505104429225
2011,1.1100499999999456,1.655920162681691e-08,1626.358437777746,0.5886353403947668,0.9568730598800966,0.8819933176938904,0.8232269377502858,0.009878242870706202,0.04126038336895717,0.032736253533144306,0.0171469601474955
2012,1.1200499999999456,1.6552134507091823e-08,1626.1608835831487,0.5905756939694712,0.9570764840451864,0.8825499398599059,0.8240607532841161,0.009867477076625513,0.041256933916472366,0.032728332724758655,0.017140450379690354
2013,1.1300499999999456,1.6545859825980826e-08,1625.9656131447937,0.592497828689457,0.9572779981690559,0.8831013356493949,0.8248867397478887,0.00985678467094127,0.04125350109269118,0.03272045259037289,0.01713397581910314
2014,1.1400499999999456,1.6540366199178853e-08,1625.7725912684891,0.5944019999532618,0.9574776290273582,0.8836475783276063,0.825705006892358,0.009846165383177449,0.04125008493138583,0.03271261317020754,0.01712753647056632
2015,1.1500499999999456,1.6535642726829253e-08,1625.581783451886,0.5962884584079339,0.9576754028976061,0.884188739796746,0.8265156624264508,0.009835618925118824,0.041246685459706306,0.032704814489406354,0.01712113232666204
2016,1.1600499999999456,1.6531678966471874e-08,1625.3931558723295,0.5981574500590162,0.9578713455707032,0.8847248906275288,0.8273188120645311,0.009825144991520393,0.041243302698350866,0.03269705655845162,0.017114763368079922
2017,1.1700499999999456,1.6528464932565345e-08,1625.206675365185,0.6000092163774928,0.9580654823621564,0.8852561000898568,0.8281145595723558,0.0098147432622258,0.0412399366621964,0.03268933937463267,0.01710842956483833
2018,1.1800499999999456,1.6525991062989406e-08,1625.0223094156004,0.6018439944037882,0.9582578381229779,0.8857824361826536,0.8289030068117662,0.009804413402273124,0.04123658736028436,0.03268166292203442,0.01710213087628922
2019,1.1900499999999457,1.6524248221598966e-08,1624.8400261372622,0.6036620168489206,0.9584484372502902,0.8863039656628815,0.829684253784156,0.00979415506394753,0.041233254796440875,0.032674027172978536,0.017095867252314153
2020,1.2000499999999457,1.6523227677255825e-08,1624.6597942608016,0.6054635121928948,0.9586373036976421,0.8868207540737683,0.8304583986727532,0.009783967887386232,0.041229938969433465,0.03266643208840046,0.017089638633645782
2021,1.2100499999999457,1.6522921090290896e-08,1624.4815831199687,0.6072487047804253,0.9588244609850445,0.8873328657722648,0.8312255378837541,0.009773851501513664,0.04122663987323849,0.032658877618479056,0.01708344495239548
2022,1.2200499999999457,1.6523320501612777e-08,1624.3053626374808,0.6090178149140689,0.9590099322087331,0.8878403639557642,0.8319857660863453,0.009763805525030114,0.04122335749733014,0.03265136370331392,0.01707728613261927
2023,1.2300499999999457,1.6524418322067136e-08,1624.1311033114157,0.6107710589448573,0.9591937400506706,0.8883433106880984,0.8327391762516495,0.009753829567323694,0.04122009182694853,0.03264389027355361,0.017071162090842286
2024,1.2400499999999457,1.6526207322033967e-08,1623.9587762021076,0.6125086493604959,0.9593759067877938,0.8888417669248427,0.8334858596906278,0.009743923229311086,0.0412168428433482,0.03263645725097776,0.01706507273654457
2025,1.2500499999999457,1.6528680618869435e-08,1623.788352920305,0.6142307948712158,0.9595564543010144,0.8893357925379409,0.8342259060909718,0.009734086104086874,0.041213610523987296,0.03262906454894217,0.01705901797253375
2026,1.2600499999999457,1.6531831674083822e-08,1623.619805612617,0.6159377004933427,0.9597354040839796,0.8898254463396802,0.8349594035530149,0.009724317778013854,0.04121039484286489,0.03262171207316157,0.017052997695593448
2027,1.2700499999999457,1.653565427167545e-08,1623.4531069536636,0.6176295676306598,0.9599127772516015,0.8903107861060302,0.8356864386246959,0.009714617830753074,0.041207195770512656,0.03261439972170091,0.017047011796482717
2028,1.2800499999999457,1.6540142518081316e-08,1623.2882301315396,0.6193065941536278,0.9600885945483641,0.8907918685993702,0.8364070963356027,0.00970498583636968,0.04120401327434277,0.03260712738578046,0.017041060160601352
2029,1.2900499999999457,1.654529083755419e-08,1623.1251488354162,0.6209689744765309,0.9602628763564104,0.8912687495906176,0.8371214602301221,0.00969542136412133,0.041200847318895104,0.03259989495034919,0.01703514266846444
2030,1.3000499999999457,1.655109395103545e-08,1622.9638372486681,0.6226168996326078,0.9604356427034186,0.8917414838807828,0.8378296123997266,0.009685923978350889,0.04119769786579021,0.03259270229398523,0.01702925919562577
2031,1.3100499999999458,1.655754688616453e-08,1622.804270032763,0.6242505573472348,0.9606069132702747,0.8922101253219602,0.8385316335144223,0.009676493239909557,0.04119456487419113,0.032585549289957966,0.017023409613551088
2032,1.3200499999999458,1.6564644949316317e-08,1622.6464223231546,0.6258701321092129,0.9607767073985465,0.8926747268377812,0.8392276028533829,0.009667128705610156,0.041191448300614456,0.03257843580580291,0.017017593789274196
2033,1.3300499999999458,1.6572383743079906e-08,1622.4902697119091,0.6274758052402223,0.9609450440977652,0.8931353404433356,0.839917598334796,0.00965782992990663,0.04118834809948245,0.03257136170458822,0.017011811586436002
2034,1.3400499999999458,1.658075913619243e-08,1622.335788244797,0.6290677549624922,0.9611119420525195,0.893592017264586,0.840601696544942,0.009648596464163363,0.041185264222875835,0.03256432684435541,0.017006062864830165
2035,1.3500499999999458,1.6589767278928648e-08,1622.182954405472,0.6306461564647476,0.9612774196293689,0.8940448075572835,0.8412799727665332,0.009639427858122402,0.04118219662102014,0.03255733107923382,0.017000347481316565
2036,1.3600499999999458,1.6599404580445512e-08,1622.0317451109383,0.6322111819664752,0.961441494883582,0.8944937607254059,0.8419525010063309,0.00963032365946715,0.04117914524213885,0.03255037425910961,0.016994665289552898
2037,1.3700499999999458,1.6609667712502778e-08,1621.882137699819,0.6337630007805659,0.9616041855657044,0.8949389253391254,0.8426193540220634,0.009621283414632382,0.04117611003272401,0.03254345623024669,0.016989016140503858
2038,1.3800499999999458,1.6620553606155323e-08,1621.7341099230396,0.6353017793743746,0.9617655091279588,0.8953803491523264,0.8432806033486656,0.00961230666922608,0.041173090937679215,0.032536576835615554,0.01698339988271107
2039,1.3900499999999458,1.6632059438991185e-08,1621.5876399372853,0.6368276814292506,0.9619254827304861,0.8958180791196813,0.84393631932386,0.00960339296797605,0.04117008790030394,0.03252973591486024,0.01697781636226729
2040,1.4000499999999458,1.6644182639221866e-08,1621.4427062942787,0.6383408678985771,0.9620841232474314,0.8962521614133016,0.8445865711130982,0.009594541855434357,0.041167100862533675,0.032522933304847956,0.016972265423265954
2041,1.4100499999999458,1.6656920875528164e-08,1621.2992879340904,0.6398414970643682,0.9622414472728772,0.8966826414389719,0.8452314267338816,0.00958575287598367,0.041164129764946565,0.03251616883968585,0.01696674690781547
2042,1.4200499999999459,1.6670272061382122e-08,1621.157364175055,0.6413297245924591,0.9623974711266289,0.8971095638519844,0.8458709530794785,0.00957702557447819,0.04116117454698516,0.032509442351227436,0.01696126065645271
2043,1.4300499999999459,1.6684234337893858e-08,1621.0169147092615,0.642805703586338,0.9625522108598581,0.8975329725725785,0.8465052159420555,0.009568359495882053,0.04115823514684009,0.03250275366880904,0.01695580650792812
2044,1.4400499999999459,1.6698806085533682e-08,1620.8779195912107,0.644269584639651,0.9627056822606085,0.8979529108010059,0.8471342800352417,0.009559754186184913,0.0411553115017669,0.032496102619971656,0.016950384299794417
2045,1.4500499999999459,1.671398591437331e-08,1620.7403592320254,0.6457215158874231,0.9628579008591652,0.8983694210322215,0.8477582090161391,0.009551209192318284,0.0411524035480657,0.03248948903041514,0.016944993868368705
2046,1.460049999999946,1.6729772656794623e-08,1620.604214393161,0.6471616430560277,0.9630088819332934,0.89878254507022,0.8483770655067954,0.00954272406217097,0.0411495112210944,0.03248291272402847,0.016939635048756764
2047,1.470049999999946,1.674616537472457e-08,1620.4694661770432,0.6485901095119455,0.9631586405133492,0.8991923240420212,0.8489909111151563,0.009534298345212725,0.04114663445548986,0.032476373523392776,0.016934307675262224
2048,1.480049999999946,1.6763163347714474e-08,1620.3360960223026,0.6500070563093409,0.9633071913872695,0.8995987984113202,0.8495998064555117,0.009525931592261061,0.04114377318509788,0.032469871249621717,0.016929011581255704
2049,1.490049999999946,1.6780766085200078e-08,1620.2040856938818,0.6514126222364938,0.9634545491054388,0.9000020079918052,0.8502038111684471,0.00951762335626355,0.04114092734325055,0.03246340572299142,0.016923746599686807
2050,1.500049999999946,1.6798973305091072e-08,1620.0734172806626,0.6528069438611153,0.9636007279854396,0.9004019919601588,0.8508029839403181,0.009509373191627873,0.041138096862547616,0.03245697676244272,0.016918512562677537
2051,1.510049999999946,1.6817784946204034e-08,1619.9440731859618,0.6541901555745827,0.9637457421166902,0.9007987888687454,0.8513973825222574,0.009501180654970492,0.04113528167512345,0.03245058418618692,0.016913309302014335
2052,1.520049999999946,1.6837201168754965e-08,1619.8160361209436,0.6555623896351188,0.963889605364972,0.9011924366580006,0.8519870637487319,0.009493045305326863,0.04113248171273099,0.03244422781189511,0.01690813664930062
2053,1.530049999999946,1.6857222337970664e-08,1619.6892891015311,0.656923776209949,0.9640323313768494,0.9015829726685222,0.8525720835556577,0.009484966703659265,0.041129696906584114,0.03243790745633893,0.016902994435662844
2054,1.540049999999946,1.6877849039247343e-08,1619.5638154391556,0.6582744434164609,0.964173933583984,0.9019704336528789,0.8531524969980876,0.009476944413642378,0.04112692718763981,0.03243162293602968,0.016897882492268975
2055,1.550049999999946,1.6899082074053825e-08,1619.439598735651,0.6596145173623975,0.9643144252073482,0.9023548557871394,0.853728358267482,0.009468978001633438,0.04112417248660075,0.03242537406722233,0.016892800650329807
2056,1.560049999999946,1.6920922448591066e-08,1619.3166228795496,0.6609441221851063,0.9644538192613418,0.902736274682133,0.8542997207085767,0.009461067036351288,0.041121432733816805,0.032419160665690255,0.016887748740913908
2057,1.570049999999946,1.694337138926606e-08,1619.194872037542,0.6622633800898745,0.9645921285578093,0.9031147253944455,0.8548666368358561,0.009453211089603937,0.041118707859549394,0.032412982547323076,0.016882726595431892
2058,1.580049999999946,1.6966430329079592e-08,1619.0743306515149,0.6635724113873692,0.9647293657099663,0.9034902424371601,0.8554291583496414,0.009445409735849272,0.0411159977938326,0.03240683952780943,0.016877734045376347
2059,1.590049999999946,1.6990100918432737e-08,1618.9549834313018,0.6648713345302145,0.9648655431362323,0.9038628597903495,0.8559873361518088,0.009437662552699969,0.04111330246666147,0.03240073142306178,0.016872770922665096
2060,1.600049999999946,1.7014385018970735e-08,1618.8368153506472,0.6661602661487209,0.9650006730639787,0.9042326109113266,0.8565412203611439,0.009429969120752411,0.041110621807946224,0.03239465804911015,0.01686783705955257
2061,1.610049999999946,1.7039284704811714e-08,1618.7198116419772,0.6674393210857961,0.9651347675331883,0.9045995287446581,0.8570908603283431,0.009422329023691917,0.041107955747562236,0.03238861922221322,0.016862932288717887
2062,1.620049999999946,1.7064802266321397e-08,1618.6039577909426,0.6687086124310536,0.9652678384000299,0.9049636457319499,0.8576363046506718,0.009414741848477255,0.04110530421542819,0.032382614759032646,0.016858056443404122
2063,1.630049999999946,1.709094020908493e-08,1618.4892395319132,0.6699682515541462,0.9653998973403541,0.9053249938214083,0.8581776011862864,0.00940720718533056,0.041102667141516475,0.03237664447665407,0.016853209357432997
2064,1.640049999999946,1.7117701252949977e-08,1618.3756428435627,0.671218348137339,0.9655309558531081,0.905683604477186,0.8587147970682344,0.009399724627722018,0.04110004445586164,0.032370708192603646,0.016848390865215893
2065,1.650049999999946,1.714508833607216e-08,1618.2631539438125,0.672459010207348,0.9656610252636735,0.9060395086885134,0.8592479387181344,0.009392293772526091,0.04109743608862904,0.032364805725000674,0.0168436008018754
2066,1.660049999999946,1.717310461907723e-08,1618.1517592849557,0.6736903441664565,0.9657901167271286,0.9063927369786264,0.8597770718595488,0.009384914220164428,0.04109484197017919,0.032358936892700405,0.016838839003358624
2067,1.670049999999946,1.7201753481920846e-08,1618.0414455499913,0.6749124548229368,0.965918241231437,0.9067433194134922,0.8603022415310547,0.009377585574475863,0.04109226203103634,0.032353101515219994,0.016834105306374594
2068,1.680049999999946,1.7231038525752807e-08,1617.9321996483002,0.6761254454207878,0.9660454096005664,0.9070912856103411,0.8608234920990251,0.009370307442759549,0.04108969620191761,0.032347299412801546,0.016829399548442942
2069,1.690049999999946,1.7260963579842323e-08,1617.82400871078,0.6773294176688102,0.9661716324975365,0.9074366647460066,0.8613408672701223,0.009363079435981164,0.041087144413819846,0.03234153040660562,0.0168247215680482
2070,1.700049999999946,1.7291532698706063e-08,1617.7168600864663,0.678524471769035,0.9662969204273989,0.9077794855650804,0.8618544101035139,0.009355901168625402,0.041084606597981854,0.03233579431862268,0.01682007120456544
2071,1.7100499999999461,1.73227501692492e-08,1617.6107413379104,0.6797107064445242,0.9664212837401518,0.9081197763878877,0.8623641630228198,0.00934877225888592,0.041082082685965665,0.03233009097185375,0.016815448298404166
2072,1.7200499999999461,1.7354620513069945e-08,1617.5056402373593,0.6808882189665567,0.9665447326335905,0.9084575651182865,0.8628701678277945,0.00934169232867448,0.04107957260967409,0.03232442019034704,0.01681085269103524
2073,1.7300499999999461,1.73871484838685e-08,1617.4015447636289,0.6820571051812175,0.9666672771560954,0.9087928792512939,0.8633724657057535,0.009334661003459586,0.0410770763013077,0.0323187817990975,0.01680628422490692
2074,1.7400499999999461,1.742033907743049e-08,1617.2984430975177,0.6832174595354037,0.9667889272093569,0.909125745880548,0.8638710972427485,0.009327677912516905,0.04107459369346769,0.03231317562427611,0.016801742743628
2075,1.7500499999999461,1.7454197531763554e-08,1617.1963236185784,0.6843693751022647,0.966909692551044,0.9094561917056035,0.8643661024344986,0.009320742688838,0.04107212471913772,0.03230760149318556,0.016797228091929187
2076,1.7600499999999462,1.7488729334859992e-08,1617.0951749010958,0.6855129436060878,0.9670295827974124,0.9097842430390736,0.8648575206970861,0.00931385496927977,0.04106966931175119,0.032302059234408924,0.01679274011578087
2077,1.7700499999999462,1.752394022255345e-08,1616.9949857113072,0.6866482554466465,0.9671486074258581,0.9101099258136117,0.8653453908774182,0.00930701439438267,0.04106722740514052,0.032296548677692064,0.01678827866229515
2078,1.7800499999999462,1.7559836189054882e-08,1616.8957450032972,0.6877753997230205,0.9672667757774135,0.9104332655887468,0.865829751263464,0.009300220608588265,0.04106479893362883,0.03229106965414695,0.016783843579887794
2079,1.7900499999999462,1.7596423482520154e-08,1616.797441916624,0.688894464256907,0.9673840970591919,0.9107542875575689,0.86631063959427,0.009293473259970843,0.0410623838319478,0.03228562199606345,0.016779434718123206
2080,1.8000499999999462,1.763370862346124e-08,1616.7000657716442,0.6900055356154294,0.9675005803467789,0.9110730165532741,0.866788093069764,0.00928677200067698,0.04105998203540891,0.03228020553729189,0.016775051928021385
2081,1.8100499999999462,1.7671698395528752e-08,1616.6036060678157,0.6911086991334615,0.9676162345865725,0.9113894770555667,0.8672621483603469,0.009280116486490696,0.04105759347976146,0.03227482011291997,0.016770695061793687
2082,1.8200499999999462,1.7710399866813723e-08,1616.5080524790242,0.692204038935474,0.967731068598074,0.9117036931969276,0.867732841616281,0.009273506377332362,0.04105521810138534,0.032269465559703725,0.01676636397318889
2083,1.8300499999999462,1.7749820375792767e-08,1616.413394852452,0.6932916379569207,0.9678450910761289,0.912015688768748,0.8682002084768796,0.009266941336667093,0.04105285583709228,0.03226414171561629,0.016762058517125398
2084,1.8400499999999462,1.7789967558090565e-08,1616.3196232036657,0.6943715779651708,0.9679583105931227,0.9123254872273359,0.8686642840795031,0.00926042103213993,0.04105050662436765,0.03225884842038957,0.016757778550126758
2085,1.8500499999999462,1.7830849332684053e-08,1616.226727715553,0.6954439395800016,0.9680707356011291,0.9126331116997931,0.8691251030683647,0.0092539451349825,0.04104817040117047,0.03225358551506027,0.01675352392995177
2086,1.8600499999999462,1.787247392654283e-08,1616.1346987338966,0.6965088022936605,0.9681823744340129,0.9129385849897714,0.8695826996031514,0.00924751332055255,0.04104584710614115,0.03224835284243456,0.016749294515967607
2087,1.8700499999999463,1.7914849871380575e-08,1616.0435267655282,0.6975662444905085,0.9682932353094889,0.9132419295831067,0.8700371073674651,0.009241125268035902,0.04104353667850753,0.032243150246872986,0.01674509016897316
2088,1.8800499999999463,1.795798601336225e-08,1615.9532024754205,0.6986163434662536,0.9684033263311395,0.9135431676533378,0.8704883595770881,0.009234780660521524,0.041041239058125095,0.03223797757437779,0.016740910751267005
2089,1.8900499999999463,1.8001891523046914e-08,1615.8637166838919,0.699659175446786,0.9685126554903888,0.9138423210671079,0.8709364889880773,0.009228479185067943,0.04103895418551421,0.03223283467267344,0.016736756126709794
2090,1.9000499999999463,1.80465758977946e-08,1615.7750603644647,0.700694815606622,0.9686212306684363,0.9141394113894573,0.871381527904689,0.009222220532547103,0.04103668200181664,0.032227721391105274,0.016732626160639745
2091,1.9100499999999463,1.8092048974710114e-08,1615.6872246410073,0.701723338086969,0.96872905963815,0.9144344598890037,0.8718235081871423,0.009216004397774343,0.04103442244885553,0.0322226375807713,0.01672852071997647
2092,1.9200499999999463,1.8138320941277823e-08,1615.600200785178,0.7027448160134189,0.9688361500659229,0.9147274875430199,0.8722624612592226,0.009209830479556681,0.04103217546916588,0.0322175830945874,0.01672443967327104
2093,1.9300499999999463,1.818540234103979e-08,1615.513980214297,0.7037593215132794,0.9689425095134889,0.9150185150424038,0.8726984181157295,0.009203698480594276,0.04102994100597157,0.03221255778723233,0.01672038289065886
2094,1.9400499999999463,1.823330408733161e-08,1615.428554488752,0.7047669257325502,0.969048145439703,0.9153075627965497,0.8731314093297711,0.00919760810758884,0.04102771900323754,0.032207561515261635,0.016716350243949147
2095,1.9500499999999463,1.8282037466839486e-08,1615.3439153101444,0.7057676988525565,0.9691530652022843,0.9155946509381181,0.8735614650599121,0.009191559071067492,0.04102550940561812,0.03220259413698831,0.016712341606525887
2096,1.9600499999999463,1.8331614156498983e-08,1615.2600545186692,0.7067617101062428,0.9692572760595254,0.9158797993277125,0.8739886150571757,0.009185551085549722,0.04102331215853038,0.03219765551264431,0.016708356853475752
2097,1.9700499999999463,1.8382046235503363e-08,1615.176964090923,0.7077490277941396,0.9693607851719662,0.916163027558457,0.8744128886719056,0.009179583869566077,0.041021127208173455,0.03219274550442078,0.016704395861617864
2098,1.9800499999999464,1.8433346189688126e-08,1615.0946361382028,0.7087297193000065,0.969463599604033,0.9164443549604858,0.8748343148604867,0.0091736571454701,0.04101895450147203,0.03218786397633766,0.0167004585093961
2099,1.9900499999999464,1.848552693470447e-08,1615.0130629038413,0.7097038511061636,0.9695657263256463,0.9167238006053395,0.8752529221919344,0.009167770639717729,0.04101679398619083,0.03218301079449777,0.016696544677081485
